URL,Email,Info,Whois,Date jour ,,Local,ML,COntact
https://www.ecurie-alexandra-bordes.com/,,Local,,15/02/2026,"46 068,00",,,
https://www.sweetromanceparis.fr/,,Local,Chargement en cours...,15/02/2026,Chargement en cours...,,,
https://www.home-corniche.fr/,,Local,,15/02/2026,"46 068,00",,,
https://www.sonoevent.fr/,,Local,Chargement en cours...,15/02/2026,Chargement en cours...,,,
https://www.gautierebelmotorsport.com/,,Local,Chargement en cours...,15/02/2026,Chargement en cours...,,,
https://www.isaaccouverture.fr/,,Local,Chargement en cours...,15/02/2026,Chargement en cours...,,,
https://www.iw-architectes.fr/,,Local,,15/02/2026,"46 068,00",,,
https://www.toudji-renovation.fr/,,Local,Chargement en cours...,15/02/2026,Chargement en cours...,,,
https://www.home-concept-decoration.fr/,,Local,Chargement en cours...,15/02/2026,Chargement en cours...,,,
https://www.ancement-charpente.fr/,,Local,,15/02/2026,"46 068,00",,,
https://www.mb-couverture-91.fr/couverture,,Local,Chargement en cours...,15/02/2026,Chargement en cours...,,,
https://www.floettoit.fr/,,Local,Chargement en cours...,15/02/2026,Chargement en cours...,,,
https://www.closetvins.fr/,,Local,Chargement en cours...,15/02/2026,Chargement en cours...,,,
https://www.sas-db-construction.fr/,,Local,Chargement en cours...,15/02/2026,Chargement en cours...,,,
https://www.o-m-d-s.fr/,,Local,,15/02/2026,"46 068,00",,,
https://www.lesrivesdulac.fr/,,Local,Chargement en cours...,15/02/2026,Chargement en cours...,,,
https://www.batisolpeinture.fr/,,Local,Chargement en cours...,15/02/2026,Chargement en cours...,,,
https://www.hmprojet.fr/,,Local,,15/02/2026,"46 068,00",,,
https://www.plomberieguitartnowak.fr/,,Local,Chargement en cours...,15/02/2026,Chargement en cours...,,,
https://www.automelo.fr/,,Local,Chargement en cours...,15/02/2026,Chargement en cours...,,,
https://www.valelec64.fr/,,Local,,15/02/2026,"46 068,00",,,
https://www.artdecoconcept.com/,,Local,Chargement en cours...,15/02/2026,Chargement en cours...,,,
https://www.plombier-chauffagiste-aunis-tip.fr/,,Local,Chargement en cours...,15/02/2026,Chargement en cours...,,,
https://www.lacasa-del-lecca.fr/,,Local,Chargement en cours...,15/02/2026,Chargement en cours...,,,
https://www.rsrenov-13.fr/,,Local,Chargement en cours...,15/02/2026,Chargement en cours...,,,
https://www.sm-pro-habitat.fr/,,Local,,15/02/2026,"46 068,00",,,
https://www.barbershop-lebarcares.fr/,,Local,,15/02/2026,"46 068,00",,,
https://www.judyk.fr/,,Local,,15/02/2026,"46 068,00",,,
https://www.exploitation-arnoux.com/,,Local,,15/02/2026,"46 068,00",,,
https://www.artisanbailly.fr/,,Local,,15/02/2026,"46 068,00",,,
https://www.atlantique-concept-structure.fr/,,Local,,15/02/2026,"46 068,00",,,
https://www.opaddock.fr/,,Local,,15/02/2026,"46 068,00",,,
https://www.tinkerdeco.fr/,,Local,,15/02/2026,"46 068,00",,,
https://www.hc-paysage.fr/,,Local,,15/02/2026,"46 068,00",,,
https://www.matmarouille.fr/,,Local,,15/02/2026,"46 068,00",,,
https://www.sarlpetebatiment.fr/,,Local,,15/02/2026,"46 068,00",,,
https://www.pharmacie-du-val-d-arly.fr/,,Local,,15/02/2026,"46 068,00",,,
https://www.sarlglelec.fr/,,Local,,15/02/2026,"46 068,00",,,
https://www.a-toutexterieur.fr/,,Local,,15/02/2026,"46 068,00",,,
https://www.s-studio25.fr/prestations,,Local,,15/02/2026,"46 068,00",,,
https://www.racegroup.fr/,,Local,,15/02/2026,"46 068,00",,,
https://www.occidryservices.fr/,,Local,,15/02/2026,"46 068,00",,,
https://www.storck-amenagement.fr/,,Local,,15/02/2026,"46 068,00",,,
https://www.dkzartisan.fr/,,Local,,15/02/2026,"46 068,00",,,
https://www.meyniel-toiture.fr/,,Local,,15/02/2026,"46 068,00",,,
https://www.renovbati.com/,,Local,,15/02/2026,"46 068,00",,,
https://www.ulkan-architecture.fr/,,Local,,15/02/2026,"46 068,00",,,
https://www.artec18.fr/,,Local,,15/02/2026,"46 068,00",,,
https://www.altp46.fr/,,Local,,15/02/2026,"46 068,00",,,
https://www.kupka-plomberie-chauffage-brie.fr/contact,,Local,,15/02/2026,"46 068,00",,,
https://www.alamaisondesbeautes.com/,,Local,,15/02/2026,"46 068,00",,,
https://www.protectandshine.fr/,,Local,,15/02/2026,"46 068,00",,,
https://www.cellier-debroussaillage.fr/,,Local,,15/02/2026,"46 068,00",,,
https://www.armindotadeu-etancheite.fr/,,Local,,15/02/2026,"46 068,00",,,
https://www.eprbatiment.fr/,,Local,,15/02/2026,"46 068,00",,,
https://www.easyrool-56.fr/,,Local,,15/02/2026,"46 068,00",,,
https://www.lapetiteentreprise38.fr/,,Local,,15/02/2026,"46 068,00",,,
https://www.auto-ecole-vb.fr/,,Local,,15/02/2026,"46 068,00",,,
https://www.sas-fred-konstruction.fr/,,Local,,15/02/2026,"46 068,00",,,
https://www.tr-metal.fr/,,Local,,15/02/2026,"46 068,00",,,
https://www.hugo-meca53.fr/,,Local,,15/02/2026,"46 068,00",,,
https://www.lequipeducorner.fr/,,Local,,15/02/2026,"46 068,00",,,
https://www.gottaytacos.fr/,,Local,,15/02/2026,"46 068,00",,,
https://www.carrosseriearveyres.fr/,,Local,,15/02/2026,"46 068,00",,,
https://www.fogretpaysage.fr/,,Local,,15/02/2026,"46 068,00",,,
https://www.la-foret-des-bergers.fr/,,Local,,15/02/2026,"46 068,00",,,
https://www.pizza-naanza-agde.fr/,,Local,,15/02/2026,"46 068,00",,,
https://www.restaurant-lebouchon.fr/la-carte-2,,Local,,15/02/2026,"46 068,00",,,
https://www.ready-auto.fr/,,Local,,15/02/2026,"46 068,00",,,
https://www.fort-robert-forage17.fr/,,Local,,15/02/2026,"46 068,00",,,
https://www.pizzeria-lecocon.fr/,,Local,,15/02/2026,"46 068,00",,,
https://www.la-boucherie-parisienne.fr/,,Local,,15/02/2026,"46 068,00",,,
https://www.o-marche-de-provence.fr/,,Local,,15/02/2026,"46 068,00",,,
https://www.fredericredoute-etiopathe-illkirch.fr/,,Local,,15/02/2026,"46 068,00",,,
https://www.coaching-by-hc.fr/,,Local,,15/02/2026,"46 068,00",,,
https://www.chezsybelle.fr/,,Local,,15/02/2026,"46 068,00",,,
https://www.cougoulic-plaquiste.fr/,,Local,,15/02/2026,"46 068,00",,,
https://www.esthetic-factory.fr/,,Local,,15/02/2026,"46 068,00",,,
https://www.camping-du-viaduc.fr/,,Local,,15/02/2026,"46 068,00",,,
https://www.automatisme-aubagne.fr/,,Local,,15/02/2026,"46 068,00",,,
https://www.boufflers-benoit.fr/,,Local,,15/02/2026,"46 068,00",,,
https://www.sautel-electricite.fr/,,Local,,15/02/2026,"46 068,00",,,
https://www.meca-passion61.fr/,,Local,,15/02/2026,"46 068,00",,,
https://www.latabledejuana.fr/,,Local,,15/02/2026,"46 068,00",,,
https://www.forez-tiny-house.fr/,,Local,,15/02/2026,"46 068,00",,,
https://www.pourquoipastoi-reiki-socio-esthetique.fr/,,Local,,15/02/2026,"46 068,00",,,
https://www.chambon-chauffage-sanitaire.fr/,,Local,,15/02/2026,"46 068,00",,,
https://www.petrucciani-plomberie.fr/,,Local,,15/02/2026,"46 068,00",,,
https://www.lesmousquetairesdechevreuse.fr/,,Local,,15/02/2026,"46 068,00",,,
https://www.lesmainsdelucie.fr/,,Local,,15/02/2026,"46 068,00",,,
https://www.clean-amiante.fr/,,Local,,15/02/2026,"46 068,00",,,
https://www.jokerdepannage-05-04.fr/,,Local,,15/02/2026,"46 068,00",,,
https://www.leclosdesvignes27.com/,,Local,,15/02/2026,"46 068,00",,,
https://www.tselagage.fr/,,Local,,15/02/2026,"46 068,00",,,
https://www.biomeo-environnement.com/,,Local,,15/02/2026,"46 068,00",,,
https://www.royal-siam-thai-massage.fr/,,Local,,15/02/2026,"46 068,00",,,
https://www.fermedesoulere.fr/,,Local,,15/02/2026,"46 068,00",,,
https://www.fermedescat.fr/,,Local,,15/02/2026,"46 068,00",,,
https://www.sarl-vanhoove.fr/,,Local,,15/02/2026,"46 068,00",,,
https://www.fromagerie-du-gouyre.fr/,,Local,,15/02/2026,"46 068,00",,,
https://www.le-moulin-discotheque.fr/,,Local,,15/02/2026,"46 068,00",,,
https://www.la-maiterie.fr/fr,,Local,,15/02/2026,"46 068,00",,,
https://www.bl-services-et-travaux.fr/,,Local,,15/02/2026,"46 068,00",,,
https://www.fer-style.fr/,,Local,,15/02/2026,"46 068,00",,,
https://www.occ-bois.fr/,,Local,,15/02/2026,"46 068,00",,,
https://www.edenmarket.fr/,,Local,,15/02/2026,"46 068,00",,,
https://www.vdm-menuiseries.fr/,,Local,,15/02/2026,"46 068,00",,,
https://www.menuiserie-gb.fr/,,Local,,15/02/2026,"46 068,00",,,
https://www.la-ferme-d-a-cote.fr/,,Local,,15/02/2026,"46 068,00",,,
https://www.martinpaysages.fr/,,Local,,15/02/2026,"46 068,00",,,
https://www.lesfleursdumonde.fr/,,Local,,15/02/2026,"46 068,00",,,
https://www.julienfenechpaysagiste.fr/,,Local,,15/02/2026,"46 068,00",,,
https://www.auto-emotions.fr/,,Local,,15/02/2026,"46 068,00",,,
https://www.cjb-paysage-87.fr/,,Local,,15/02/2026,"46 068,00",,,
https://www.majamabreizh.com/,,Local,,15/02/2026,"46 068,00",,,
https://www.atoutjardin.fr/,,Local,,15/02/2026,"46 068,00",,,
https://www.leboulch-elagage.fr/,,Local,,15/02/2026,"46 068,00",,,
https://www.edelagage.fr/,,Local,,15/02/2026,"46 068,00",,,
https://www.berni-paysage.fr/,,Local,,15/02/2026,"46 068,00",,,
https://www.boussardenvironnement.fr/,,Local,,15/02/2026,"46 068,00",,,
https://www.ma-boucherie-morieres.fr/,,Local,,15/02/2026,"46 068,00",,,
https://www.vert-horizon.com/,,Local,,15/02/2026,"46 068,00",,,
https://www.lsentreprise.com/,,Local,,15/02/2026,"46 068,00",,,
https://www.mtmenuiserie.fr/,,Local,,15/02/2026,"46 068,00",,,
https://www.unerouteasoi.fr/,,Local,,15/02/2026,"46 068,00",,,
https://www.sem-menuiserie.fr/,,Local,,15/02/2026,"46 068,00",,,
https://www.zakphone.fr/,,Local,,15/02/2026,"46 068,00",,,
https://www.lallegresse.fr/,,Local,,15/02/2026,"46 068,00",,,
https://www.conciergerie-hote-occitanie.fr/,,Local,,15/02/2026,"46 068,00",,,
https://www.mel-beauty-nails.fr/,,Local,,15/02/2026,"46 068,00",,,
https://www.sebastienmaupasphotography.fr/,,Local,,15/02/2026,"46 068,00",,,
https://www.famille-vallat.fr/,,Local,,15/02/2026,"46 068,00",,,
https://www.jt-clean-auto.fr/,,Local,,15/02/2026,"46 068,00",,,
https://www.pizza-otahra76.fr/,,Local,,15/02/2026,"46 068,00",,,
https://www.auxplaisirsmielanais.fr/,,Local,,15/02/2026,"46 068,00",,,
https://www.lafonplomberie.fr/,,Local,,15/02/2026,"46 068,00",,,
https://www.monaco-beaute.fr/,,Local,,15/02/2026,"46 068,00",,,
https://www.bookscornercoffeeshop.fr/,,Local,,15/02/2026,"46 068,00",,,
https://www.menuiseriecilthi-metzstores.fr/,,Local,,15/02/2026,"46 068,00",,,
https://www.parlons-jardin-84.fr/contact,,Local,,15/02/2026,"46 068,00",,,
https://www.lejuezcouverture.fr/,,Local,,15/02/2026,"46 068,00",,,
https://www.pereira-renov-60.fr/,,Local,,15/02/2026,"46 068,00",,,
https://www.bakioo.fr/,,Local,,15/02/2026,"46 068,00",,,
https://www.multiservice59.fr/,,Local,,15/02/2026,"46 068,00",,,
https://www.k-d-automobile.fr/fr,,Local,,15/02/2026,"46 068,00",,,
https://www.alpes-terrassements.com/,,Local,,15/02/2026,"46 068,00",,,
https://www.goncalves-terrassement.fr/,,Local,,15/02/2026,"46 068,00",,,
https://www.lascampia.fr/,,Local,,15/02/2026,"46 068,00",,,
https://www.epavisteferrailleurtoulouse.fr/epavistes-gratuits,,Local,,15/02/2026,"46 068,00",,,
https://www.brj-elec.fr/,,Local,,15/02/2026,"46 068,00",,,
https://www.cordier-paysagiste.fr/,,Local,,15/02/2026,"46 068,00",,,
https://www.filelec.fr/,,Local,,15/02/2026,"46 068,00",,,
https://www.jf-terrassement28.fr/,,Local,,15/02/2026,"46 068,00",,,
https://www.le-traiteur-du-conflent.fr/,,Local,,15/02/2026,"46 068,00",,,
https://www.mes-petites-cousettes.fr/,,Local,,15/02/2026,"46 068,00",,,
https://www.poussiere-de-fee.fr/mes-soins-specifiques,,Local,,15/02/2026,"46 068,00",,,
https://www.medithevin.fr/,,Local,,15/02/2026,"46 068,00",,,
https://www.jpjpalettes.com/,,Local,,15/02/2026,"46 068,00",,,
https://www.lasdecarreau.fr/,,Local,,15/02/2026,"46 068,00",,,
https://www.lauretoilettage.fr/,,Local,,15/02/2026,"46 068,00",,,
https://www.mm-platrerie.fr/,,Local,,15/02/2026,"46 068,00",,,
https://www.aristidepaysage.fr/,,Local,,15/02/2026,"46 068,00",,,
https://www.cgramonage.fr/,,Local,,15/02/2026,"46 068,00",,,
https://www.fm34.fr/,,Local,,15/02/2026,"46 068,00",,,
https://www.nett-clean64.fr/,,Local,,15/02/2026,"46 068,00",,,
https://www.beautecacheebypascal.fr/,,Local,,15/02/2026,"46 068,00",,,
https://www.menuiserieagencementmorel.fr/,,Local,,15/02/2026,"46 068,00",,,
https://www.microbrasseriedubanquet.fr/,,Local,,15/02/2026,"46 068,00",,,
https://www.veyrat-travaux-forestiers.fr/,,Local,,15/02/2026,"46 068,00",,,
https://www.saveurs-des-iles-34.fr/,,Local,,15/02/2026,"46 068,00",,,
https://www.paulo-coach.fr/,,Local,,15/02/2026,"46 068,00",,,
https://www.cppizza.fr/,,Local,,15/02/2026,"46 068,00",,,
https://www.coachingequisphere.fr/,,Local,,15/02/2026,"46 068,00",,,
https://www.st-etancheite.fr/,,Local,,15/02/2026,"46 068,00",,,
https://www.maycreation.fr/,,Local,,15/02/2026,"46 068,00",,,
https://www.namjirauto26.fr/,,Local,,15/02/2026,"46 068,00",,,
https://www.illumin-event.com/,,Local,,15/02/2026,"46 068,00",,,
https://www.activ-assur.fr/,,Local,,15/02/2026,"46 068,00",,,
https://www.lescabanesflottantes.fr/,,Local,,15/02/2026,"46 068,00",,,
https://www.pcms.fr/,,Local,,15/02/2026,"46 068,00",,,
https://www.artisanduval.fr/,,Local,,15/02/2026,"46 068,00",,,
https://www.entrepriseseveran.fr/,,Local,,15/02/2026,"46 068,00",,,
https://www.dh-multiservices.fr/,,Local,,15/02/2026,"46 068,00",,,
https://www.louiscouvreurpeinture.fr/,,Local,,15/02/2026,"46 068,00",,,
https://www.etancheite-altie.fr/etancheite,,Local,,15/02/2026,"46 068,00",,,
https://www.sianna-sport.com/,,Local,,15/02/2026,"46 068,00",,,
https://www.helpdepannage-plomberie.fr/,,Local,,15/02/2026,"46 068,00",,,
https://www.transfert-aeroport-lyon-saint-exupery.com/,,Local,,15/02/2026,"46 068,00",,,
https://www.egff.fr/,,Local,,15/02/2026,"46 068,00",,,
https://www.appelalain.fr/electricite,,Local,,15/02/2026,"46 068,00",,,
https://www.loc-abri.fr/,,Local,,15/02/2026,"46 068,00",,,
https://www.puravet-metal.fr/,,Local,,15/02/2026,"46 068,00",,,
https://www.cheflaborieadomicile.fr/,,Local,,15/02/2026,"46 068,00",,,
https://www.ac-primeurs.fr/,,Local,,15/02/2026,"46 068,00",,,
https://www.secretairededirection06.fr/,,Local,,15/02/2026,"46 068,00",,,
https://www.jrstp-31.fr/,,Local,,15/02/2026,"46 068,00",,,
https://gowork.fr/local-fr-bourg-en-bresse,,Local,,15/02/2026,"46 068,00",,,
https://www.emdiag.fr/,,Local,,15/02/2026,"46 068,00",,,
https://www.rgac.fr/,,Local,,15/02/2026,"46 068,00",,,
https://www.antho-clotures.fr/,,Local,,15/02/2026,"46 068,00",,,
https://www.gonzalez-menuiserie.fr/,,Local,,15/02/2026,"46 068,00",,,
https://www.toufane.fr/,,Local,,15/02/2026,"46 068,00",,,
https://www.marionguerindesign.fr/,,Local,,15/02/2026,"46 068,00",,,
https://www.sud-pyrenees-services.fr/,,Local,,15/02/2026,"46 068,00",,,
https://www.gamotoculture.fr/,,Local,,15/02/2026,"46 068,00",,,
https://www.debard-facades.fr/contact,,Local,,15/02/2026,"46 068,00",,,
https://www.garage-senechal.fr/,,Local,,15/02/2026,"46 068,00",,,
https://www.andy-shop-madagascar.fr/,,Local,,15/02/2026,"46 068,00",,,
https://www.gsport-equipement.fr/,,Local,,15/02/2026,"46 068,00",,,
https://www.metallerie-chaudronnerie-savoie.fr/,,Local,,15/02/2026,"46 068,00",,,
https://www.lequimper-vap.fr/,,Local,,15/02/2026,"46 068,00",,,
https://www.motors-carrosserie.fr/,,Local,,15/02/2026,"46 068,00",,,
https://www.fg-multiservices-84.fr/,,Local,,15/02/2026,"46 068,00",,,
https://www.restaurant-gustu.fr/,,Local,,15/02/2026,"46 068,00",,,
https://www.jls-environnement.fr/,,Local,,15/02/2026,"46 068,00",,,
https://www.expertsravalementisolation.fr/,,Local,,15/02/2026,"46 068,00",,,
https://www.cornulatelier.fr/,,Local,,15/02/2026,"46 068,00",,,
https://www.le-fumoir-de-ladour.fr/,,Local,,15/02/2026,"46 068,00",,,
https://www.familyenergie.fr/,,Local,,15/02/2026,"46 068,00",,,
https://www.couverture-fg.fr/,,Local,,15/02/2026,"46 068,00",,,
https://www.atelier-v-deco.fr/,,Local,,15/02/2026,"46 068,00",,,
https://www.corse-geotek.fr/,,Local,,15/02/2026,"46 068,00",,,
https://www.traiteur-chezlionel.fr/,,Local,,15/02/2026,"46 068,00",,,
https://www.oliviermonelec.com/,,Local,,15/02/2026,"46 068,00",,,
https://www.lea-bienetre-36.fr/,,Local,,15/02/2026,"46 068,00",,,
https://www.club-calvi.fr/,,Local,,15/02/2026,"46 068,00",,,
https://www.label-oriental.fr/,,Local,,15/02/2026,"46 068,00",,,
https://www.technics-formation.fr/,,Local,,15/02/2026,"46 068,00",,,
https://www.manuhydro.fr/,,Local,,15/02/2026,"46 068,00",,,
https://www.atelier-dpf.fr/,,Local,,15/02/2026,"46 068,00",,,
https://www.vallierhorizon.fr/,,Local,,15/02/2026,"46 068,00",,,
https://www.mecanique-expertises.fr/,,Local,,15/02/2026,"46 068,00",,,
https://www.pat-moustach.fr/,,Local,,15/02/2026,"46 068,00",,,
https://www.sronvel-coachsportif-quimper.fr/,,Local,,15/02/2026,"46 068,00",,,
https://www.ecolesaintlouis-cherbourg.fr/,,Local,,15/02/2026,"46 068,00",,,
https://www.wl-carrelage.fr/,,Local,,15/02/2026,"46 068,00",,,
https://www.ml-loc-terrassement.fr/,,Local,,15/02/2026,"46 068,00",,,
https://www.autoecole-dase.fr/,,Local,,15/02/2026,"46 068,00",,,
https://www.dujardinalatable49.fr/,,Local,,15/02/2026,"46 068,00",,,
https://www.lesgentianes-lalleyriat.fr/,,Local,,15/02/2026,"46 068,00",,,
https://www.lyon-aeroport-taxi.fr/,,Local,,15/02/2026,"46 068,00",,,
https://www.maconnerie-chabanne.com/,,Local,,15/02/2026,"46 068,00",,,
https://www.petit-train-trebeen.fr/le-petit-train-trebeen,,Local,,15/02/2026,"46 068,00",,,
https://www.paillote-tahiti-ajaccio.com/,,Local,,15/02/2026,"46 068,00",,,
https://www.alloalexvtc.com/,,Local,,15/02/2026,"46 068,00",,,
https://www.la-ferme-du-petit-pontil.fr/,,Local,,15/02/2026,"46 068,00",,,
https://www.entreprise-elagage-pertuis.fr/,,Local,,15/02/2026,"46 068,00",,,
https://www.eleveurpoulet-labonnebassecour.fr/,,Local,,15/02/2026,"46 068,00",,,
https://www.sas-johanprades.fr/,,Local,,15/02/2026,"46 068,00",,,
https://www.bergerrenovation.fr/,,Local,,15/02/2026,"46 068,00",,,
https://www.convert-platrier-peintre.fr/,,Local,,15/02/2026,"46 068,00",,,
https://www.cbfermetures.fr/,,Local,,15/02/2026,"46 068,00",,,
https://www.artdesign86.fr/,,Local,,15/02/2026,"46 068,00",,,
https://www.enerjsun.fr/,,Local,,15/02/2026,"46 068,00",,,
https://www.bpeinture.fr/,,Local,,15/02/2026,"46 068,00",,,
https://www.elagagesandyetfils.fr/,,Local,,15/02/2026,"46 068,00",,,
https://www.drame-macon.fr/,,Local,,15/02/2026,"46 068,00",,,
https://www.ab-bat85.fr/,,Local,,15/02/2026,"46 068,00",,,
https://www.peinture-tissot.fr/,,Local,,15/02/2026,"46 068,00",,,
https://www.solhotel.fr/,,Local,,15/02/2026,"46 068,00",,,
https://www.ma-renov26.fr/,,Local,,15/02/2026,"46 068,00",,,
https://www.flo-btp.fr/,,Local,,15/02/2026,"46 068,00",,,
https://www.repairtechandshop.fr/,,Local,,15/02/2026,"46 068,00",,,
https://www.carrosserieduvazzio.fr/,,Local,,15/02/2026,"46 068,00",,,
https://www.latelierdeflo56.fr/,,Local,,15/02/2026,"46 068,00",,,
https://www.aubergerie.com/,,Local,,15/02/2026,"46 068,00",,,
https://www.lemincefigeac.fr/,,Local,,15/02/2026,"46 068,00",,,
https://www.garage-nadjim.fr/,,Local,,15/02/2026,"46 068,00",,,
https://www.poquet-batiment.fr/,,Local,,15/02/2026,"46 068,00",,,
https://www.la-boucherie-du-verger.fr/,,Local,,15/02/2026,"46 068,00",,,
https://www.les-hauts-toits.fr/,,Local,,15/02/2026,"46 068,00",,,
https://www.menuiserieetjardin.fr/,,Local,,15/02/2026,"46 068,00",,,
https://www.veg-plaquiste.fr/,,Local,,15/02/2026,"46 068,00",,,
https://www.lelocaldessaveurs.fr/,,Local,,15/02/2026,"46 068,00",,,
https://www.haras-des-k.fr/,,Local,,15/02/2026,"46 068,00",,,
https://www.chezboucledor.fr/,,Local,,15/02/2026,"46 068,00",,,
https://www.car-kustom-71.fr/,,Local,,15/02/2026,"46 068,00",,,
https://www.microbrasserie-la-planque.fr/,,Local,,15/02/2026,"46 068,00",,,
https://www.l2rmetal.fr/,,Local,,15/02/2026,"46 068,00",,,
https://www.la-paysannerie.fr/,,Local,,15/02/2026,"46 068,00",,,
https://www.aqualuxe-services.fr/,,Local,,15/02/2026,"46 068,00",,,
https://www.vtc-business-transport.fr/,,Local,,15/02/2026,"46 068,00",,,
https://www.lecastlepub.fr/,,Local,,15/02/2026,"46 068,00",,,
https://www.cvapo.fr/,,Local,,15/02/2026,"46 068,00",,,
https://www.champdesrochers.fr/,,Local,,15/02/2026,"46 068,00",,,
https://www.chatterie-de-la-blanche.fr/,,Local,,15/02/2026,"46 068,00",,,
https://www.cantal-construction-15.fr/,,Local,,15/02/2026,"46 068,00",,,
https://www.design-it-studio.com/,,Local,,15/02/2026,"46 068,00",,,
https://www.pj-renovhabitat.fr/,,Local,,15/02/2026,"46 068,00",,,
https://www.artdubois-64.fr/,,Local,,15/02/2026,"46 068,00",,,
https://www.idees-cadeaux-pornic.fr/,,Local,,15/02/2026,"46 068,00",,,
https://www.atelier-pgm.fr/,,Local,,15/02/2026,"46 068,00",,,
https://www.les3orchidees.fr/chambres-d-hote,,Local,,15/02/2026,"46 068,00",,,
https://www.restaurantlesboutonsdor.fr/,,Local,,15/02/2026,"46 068,00",,,
https://www.lillymars.fr/,,Local,,15/02/2026,"46 068,00",,,
https://www.conciergeriedemargaux.fr/,,Local,,15/02/2026,"46 068,00",,,
https://www.sud-luberon-immobilier.fr/,,Local,,15/02/2026,"46 068,00",,,
https://www.lepanierdaurore.fr/,,Local,,15/02/2026,"46 068,00",,,
https://www.b2xdemolition.fr/,,Local,,15/02/2026,"46 068,00",,,
https://www.alti16meribel.fr/,,Local,,15/02/2026,"46 068,00",,,
https://www.lesbergeriesdepetralonga.fr/,,Local,,15/02/2026,"46 068,00",,,
https://www.suntropez-conciergerie.fr/,,Local,,15/02/2026,"46 068,00",,,
https://www.ferrouillet-enseignes.fr/,,Local,,15/02/2026,"46 068,00",,,
https://www.velasco07renovation.fr/,,Local,,15/02/2026,"46 068,00",,,
https://www.adel-renov.fr/,,Local,,15/02/2026,"46 068,00",,,
https://www.auditionregisfranceschi.fr/,,Local,,15/02/2026,"46 068,00",,,
https://www.jardinconcept65.fr/,,Local,,15/02/2026,"46 068,00",,,
https://www.segep-30.fr/,,Local,,15/02/2026,"46 068,00",,,
https://www.bergeriesdefigari.fr/anna-marie,,Local,,15/02/2026,"46 068,00",,,
https://www.restaurant-le-syana.fr/,,Local,,15/02/2026,"46 068,00",,,
https://www.boucherie-ferney-voltaire.fr/,,Local,,15/02/2026,"46 068,00",,,
https://www.evdcjardins.fr/,,Local,,15/02/2026,"46 068,00",,,
https://www.garage-du-centre.fr/,,Local,,15/02/2026,"46 068,00",,,
https://www.rcoeugnet-educ-canin.fr/,,Local,,15/02/2026,"46 068,00",,,
https://www.au-bois-flotte.fr/,,Local,,15/02/2026,"46 068,00",,,
https://www.latelierdumarin.bzh/,,Local,,15/02/2026,"46 068,00",,,
https://www.leniederrott.fr/,,Local,,15/02/2026,"46 068,00",,,
https://www.lolivade-restaurant.fr/,,Local,,15/02/2026,"46 068,00",,,
https://www.chaussuresjoannes.fr/,,Local,,15/02/2026,"46 068,00",,,
https://www.la-team-menage.fr/,,Local,,15/02/2026,"46 068,00",,,
https://www.emotionnellement.net/,,Local,,15/02/2026,"46 068,00",,,
https://www.la-conciergerie-kieger.fr/,,Local,,15/02/2026,"46 068,00",,,
https://www.winwinperformance.fr/,,Local,,15/02/2026,"46 068,00",,,
https://www.lacaveduperemagott.fr/,,Local,,15/02/2026,"46 068,00",,,
https://www.asie-gourmand.fr/,,Local,,15/02/2026,"46 068,00",,,
https://www.lapromessedhyssambre.fr/berger-hollandais,,Local,,15/02/2026,"46 068,00",,,
https://www.ferblanterie-couverture.fr/,,Local,,15/02/2026,"46 068,00",,,
https://www.styleandcoiff-30.fr/,,Local,,15/02/2026,"46 068,00",,,
https://www.vd-couverture.fr/,,Local,,15/02/2026,"46 068,00",,,
https://www.entreprise-monnot-jf.fr/,,Local,,15/02/2026,"46 068,00",,,
https://www.maisonfraval.fr/,,Local,,15/02/2026,"46 068,00",,,
https://www.au-fil-du-food.fr/,,Local,,15/02/2026,"46 068,00",,,
https://www.crossfit-lons-le-saunier.fr/,,Local,,15/02/2026,"46 068,00",,,
https://www.autoecole-dusoleil-34.fr/,,Local,,15/02/2026,"46 068,00",,,
https://www.lanianaise-taxi.fr/,,Local,,15/02/2026,"46 068,00",,,
https://www.traiteurtornero.fr/,,Local,,15/02/2026,"46 068,00",,,
https://www.elevagedudomainedemilk.fr/,,Local,,15/02/2026,"46 068,00",,,
https://www.lepicerie-plouider.fr/,,Local,,15/02/2026,"46 068,00",,,
https://www.valdinoix.fr/,,Local,,15/02/2026,"46 068,00",,,
https://www.ac-piscine-paysagiste.fr/,,Local,,15/02/2026,"46 068,00",,,
https://www.jutardenergies.fr/,,Local,,15/02/2026,"46 068,00",,,
https://www.frionfermetures.fr/,,Local,,15/02/2026,"46 068,00",,,
https://www.taxidaqui.fr/,,Local,,15/02/2026,"46 068,00",,,
https://www.laverie-meyzieu.com/,,Local,,15/02/2026,"46 068,00",,,
https://www.renovsezer.fr/,,Local,,15/02/2026,"46 068,00",,,
https://www.amf-elec-logistique.fr/,,Local,,15/02/2026,"46 068,00",,,
https://www.le-relais-du-croutard.fr/,,Local,,15/02/2026,"46 068,00",,,
https://www.le-testut.fr/,,Local,,15/02/2026,"46 068,00",,,
https://www.animals-club-41.fr/,,Local,,15/02/2026,"46 068,00",,,
https://www.lesgourmandisesdevernon.fr/,,Local,,15/02/2026,"46 068,00",,,
https://www.zina-o.com/,,Local,,15/02/2026,"46 068,00",,,
https://www.myc-carrelage.fr/,,Local,,15/02/2026,"46 068,00",,,
https://www.escale-ports-37.com/,,Local,,15/02/2026,"46 068,00",,,
https://www.ericbresset.fr/,,Local,,15/02/2026,"46 068,00",,,
https://www.lamaisondelisa-nice.fr/bien-etre,,Local,,15/02/2026,"46 068,00",,,
https://www.lestoituresdaugustin.fr/,,Local,,15/02/2026,"46 068,00",,,
https://www.rm-garage.fr/,,Local,,15/02/2026,"46 068,00",,,
https://www.excellcar.fr/,,Local,,15/02/2026,"46 068,00",,,
https://www.paysagedelaureservice.fr/,,Local,,15/02/2026,"46 068,00",,,
https://www.fastgrill-arles.fr/,,Local,,15/02/2026,"46 068,00",,,
https://www.les-4-pattes-sevadent.fr/,,Local,,15/02/2026,"46 068,00",,,
https://www.feuillages-dardeche.fr/,,Local,,15/02/2026,"46 068,00",,,
https://www.ca-elec.fr/,,Local,,15/02/2026,"46 068,00",,,
https://www.cmr-plomberie.fr/,,Local,,15/02/2026,"46 068,00",,,
https://www.garage-de-provence.fr/,,Local,,15/02/2026,"46 068,00",,,
https://www.f-donner.com/,,Local,,15/02/2026,"46 068,00",,,
https://www.stephane-mignonat-11.com/,,Local,,15/02/2026,"46 068,00",,,
https://www.lessaveursdelasyrie.fr/,,Local,,15/02/2026,"46 068,00",,,
https://www.all-etto.fr/,,Local,,15/02/2026,"46 068,00",,,
https://www.latabledejeanne29.fr/,,Local,,15/02/2026,"46 068,00",,,
https://www.restaurant-lacreperie-dyvoire.fr/,,Local,,15/02/2026,"46 068,00",,,
https://www.svautos.fr/fr,,Local,,15/02/2026,"46 068,00",,,
https://www.rogerfreddy-bois-17.fr/,,Local,,15/02/2026,"46 068,00",,,
https://www.carreaudeco64.fr/,,Local,,15/02/2026,"46 068,00",,,
https://www.charpentierdumidi.fr/,,Local,,15/02/2026,"46 068,00",,,
https://www.barber-bench.fr/,,Local,,15/02/2026,"46 068,00",,,
https://www.ebenisterielancone.fr/,,Local,,15/02/2026,"46 068,00",,,
https://www.restaurantgambetta.fr/,,Local,,15/02/2026,"46 068,00",,,
https://www.latraversierestrasbourg.fr/tartes-flambees,,Local,,15/02/2026,"46 068,00",,,
https://www.leptitrizto-pau.fr/,,Local,,15/02/2026,"46 068,00",,,
https://www.sarl-leroy.fr/,,Local,,15/02/2026,"46 068,00",,,
https://www.africana.fr/,,Local,,15/02/2026,"46 068,00",,,
https://www.lepicurienburger.fr/,,Local,,15/02/2026,"46 068,00",,,
https://www.acorpsdanse.com/,,Local,,15/02/2026,"46 068,00",,,
https://www.latelier-durdu.fr/,,Local,,15/02/2026,"46 068,00",,,
https://www.bretagneprotoiture.fr/,,Local,,15/02/2026,"46 068,00",,,
https://www.pastaebasta-2a.fr/,,Local,,15/02/2026,"46 068,00",,,
https://www.costa-entreprise.fr/,,Local,,15/02/2026,"46 068,00",,,
https://www.lafermedupizay.fr/,,Local,,15/02/2026,"46 068,00",,,
https://www.npb-trainingcenter.fr/,,Local,,15/02/2026,"46 068,00",,,
https://www.e-carrosserie.fr/,,Local,,15/02/2026,"46 068,00",,,
https://www.labrasciol.fr/,,Local,,15/02/2026,"46 068,00",,,
https://www.turrel-fluides-energies.fr/,,Local,,15/02/2026,"46 068,00",,,
https://www.chezpito.com/,,Local,,15/02/2026,"46 068,00",,,
https://www.dspcar.fr/,,Local,,15/02/2026,"46 068,00",,,
https://www.lesjardinsduclos-paysagiste.fr/,,Local,,15/02/2026,"46 068,00",,,
https://www.boutique-larosedesvents.fr/,,Local,,15/02/2026,"46 068,00",,,
https://www.muci-express-tr.com/combien-coute-un-transport-de-marchandise,,Local,,15/02/2026,"46 068,00",,,
https://www.emylesunespattes.fr/,,Local,,15/02/2026,"46 068,00",,,
https://www.pegaz-art.fr/,,Local,,15/02/2026,"46 068,00",,,
https://www.body-beauty-factory.com/,,Local,,15/02/2026,"46 068,00",,,
https://www.letrier-luganais.fr/,,Local,,15/02/2026,"46 068,00",,,
https://www.maezhypnoseconseils.fr/,,Local,,15/02/2026,"46 068,00",,,
https://www.vert-tiges06.fr/,,Local,,15/02/2026,"46 068,00",,,
https://www.villa-cardellini.fr/,,Local,,15/02/2026,"46 068,00",,,
https://www.labrissonniere.fr/,,Local,,15/02/2026,"46 068,00",,,
https://www.toutain-couverture.fr/,,Local,,15/02/2026,"46 068,00",,,
https://www.sud-villa-maconnerie.fr/,,Local,,15/02/2026,"46 068,00",,,
https://www.lafermeduruisseau-audincourt.fr/,,Local,,15/02/2026,"46 068,00",,,
https://www.mg-elec.fr/,,Local,,15/02/2026,"46 068,00",,,
https://www.kc-renov.fr/,,Local,,15/02/2026,"46 068,00",,,
https://www.gs-amenagement-57.fr/,,Local,,15/02/2026,"46 068,00",,,
https://www.levapeurshop.fr/,,Local,,15/02/2026,"46 068,00",,,
https://www.bechadecarrelage.fr/,,Local,,15/02/2026,"46 068,00",,,
https://www.lemanoirduboutdupont.com/,,Local,,15/02/2026,"46 068,00",,,
https://www.conciergeriedupic.fr/,,Local,,15/02/2026,"46 068,00",,,
https://www.pesentiplomberie.fr/,,Local,,15/02/2026,"46 068,00",,,
https://www.domainelasapiniere.fr/,,Local,,15/02/2026,"46 068,00",,,
https://www.braise83.fr/,,Local,,15/02/2026,"46 068,00",,,
https://www.equi-jump82.fr/,,Local,,15/02/2026,"46 068,00",,,
https://www.latelierderell.fr/,,Local,,15/02/2026,"46 068,00",,,
https://www.luxuryandcollection.fr/,,Local,,15/02/2026,"46 068,00",,,
https://www.lassiette-camarguaise.fr/,,Local,,15/02/2026,"46 068,00",,,
https://www.lacabanesacree.fr/,,Local,,15/02/2026,"46 068,00",,,
https://www.carrosserie-calamia.fr/,,Local,,15/02/2026,"46 068,00",,,
https://www.restaurant-le-bolero-chatelaillon.fr/,,Local,,15/02/2026,"46 068,00",,,
https://www.georgette-guinguette.fr/,,Local,,15/02/2026,"46 068,00",,,
https://www.centi-phone-reparations.fr/,,Local,,15/02/2026,"46 068,00",,,
https://www.auvergne-juniors.fr/,,Local,,15/02/2026,"46 068,00",,,
https://www.2lk-borne-de-recharge.fr/,,Local,,15/02/2026,"46 068,00",,,
https://www.elagage-bastia.fr/,,Local,,15/02/2026,"46 068,00",,,
https://www.frites-fraiches-express.fr/,,Local,,15/02/2026,"46 068,00",,,
https://www.fenetre-ab.fr/,,Local,,15/02/2026,"46 068,00",,,
https://www.groupelsp.fr/,,Local,,15/02/2026,"46 068,00",,,
https://www.feedesjardins.fr/,,Local,,15/02/2026,"46 068,00",,,
https://www.hotelrosedesvents.fr/,,Local,,15/02/2026,"46 068,00",,,
https://www.linstantdunepose82.fr/,,Local,,15/02/2026,"46 068,00",,,
https://www.pamir-food.fr/,,Local,,15/02/2026,"46 068,00",,,
https://www.coach-jg.fr/,,Local,,15/02/2026,"46 068,00",,,
https://www.sensei-spa.fr/,,Local,,15/02/2026,"46 068,00",,,
https://www.ags-renovarch.fr/,,Local,,15/02/2026,"46 068,00",,,
https://www.abuttegadilaurine.fr/,,Local,,15/02/2026,"46 068,00",,,
https://www.domainedelasorba.fr/,,Local,,15/02/2026,"46 068,00",,,
https://www.couleur-mat.fr/,,Local,,15/02/2026,"46 068,00",,,
https://www.gd-habitat.fr/,,Local,,15/02/2026,"46 068,00",,,
https://www.macon-lpmt.fr/,,Local,,15/02/2026,"46 068,00",,,
https://www.alspiscine.fr/,,Local,,15/02/2026,"46 068,00",,,
https://www.hpc56.fr/,,Local,,15/02/2026,"46 068,00",,,
https://www.vlplatrerie.fr/,,Local,,15/02/2026,"46 068,00",,,
https://www.verdeis.fr/,,Local,,15/02/2026,"46 068,00",,,
https://www.eurlisoplac.fr/,,Local,,15/02/2026,"46 068,00",,,
https://www.lecomptoirdemathilde-perpignan.com/,,Local,,15/02/2026,"46 068,00",,,
https://www.nexus-eng.fr/,,Local,,15/02/2026,"46 068,00",,,
https://www.comptoir-des-saveurs-uriage.fr/,,Local,,15/02/2026,"46 068,00",,,
https://www.mge-limoges.fr/,,Local,,15/02/2026,"46 068,00",,,
https://www.iebr.fr/,,Local,,15/02/2026,"46 068,00",,,
https://www.restaurant-le-condor.fr/,,Local,,15/02/2026,"46 068,00",,,
https://www.arthur-paysage.fr/,,Local,,15/02/2026,"46 068,00",,,
https://www.lalunanightclubs.fr/,,Local,,15/02/2026,"46 068,00",,,
https://www.lesricoux.fr/,,Local,,15/02/2026,"46 068,00",,,
https://www.milord-ecologie.fr/chauffage,,Local,,15/02/2026,"46 068,00",,,
https://www.peintureladowicht.fr/,,Local,,15/02/2026,"46 068,00",,,
https://www.celreve.fr/,,Local,,15/02/2026,"46 068,00",,,
https://www.alprectification.fr/,,Local,,15/02/2026,"46 068,00",,,
https://www.home-cuisine-pirey.fr/,,Local,,15/02/2026,"46 068,00",,,
https://www.classemenuiserie.fr/,,Local,,15/02/2026,"46 068,00",,,
https://www.charlesrenovation.fr/,,Local,,15/02/2026,"46 068,00",,,
https://www.davrenov38.fr/,,Local,,15/02/2026,"46 068,00",,,
https://www.tlmservices.fr/contact,,Local,,15/02/2026,"46 068,00",,,
https://www.eds-electricien-charente.fr/,,Local,,15/02/2026,"46 068,00",,,
https://www.butila-facades.fr/,,Local,,15/02/2026,"46 068,00",,,
https://www.la-recup.fr/,,Local,,15/02/2026,"46 068,00",,,
https://www.adfrservice.fr/,,Local,,15/02/2026,"46 068,00",,,
https://www.aubergedessens-82.fr/,,Local,,15/02/2026,"46 068,00",,,
https://www.chauffagiste-idf-depannage.fr/,,Local,,15/02/2026,"46 068,00",,,
https://www.veryelec.fr/,,Local,,15/02/2026,"46 068,00",,,
https://www.depannage-chaudiere-70.fr/,,Local,,15/02/2026,"46 068,00",,,
https://www.debarras-recycle.fr/,,Local,,15/02/2026,"46 068,00",,,
https://www.ab-lock.fr/,,Local,,15/02/2026,"46 068,00",,,
https://www.mid44.fr/,,Local,,15/02/2026,"46 068,00",,,
https://www.tabac-les-alpins.fr/,,Local,,15/02/2026,"46 068,00",,,
https://www.eistib.fr/,,Local,,15/02/2026,"46 068,00",,,
https://www.carrosserie-sbk-strasbourg.fr/,,Local,,15/02/2026,"46 068,00",,,
https://www.allo-toiture2a.fr/,,Local,,15/02/2026,"46 068,00",,,
https://www.installation-borne.com/,,Local,,15/02/2026,"46 068,00",,,
https://www.allazia.com/,,Local,,15/02/2026,"46 068,00",,,
https://www.eriklehmann.fr/,,Local,,15/02/2026,"46 068,00",,,
https://www.entreprise-redondo.fr/,,Local,,15/02/2026,"46 068,00",,,
https://www.cafe-indecis.fr/bar-bistrot,,Local,,15/02/2026,"46 068,00",,,
https://www.pension-educateur-canin.fr/,,Local,,15/02/2026,"46 068,00",,,
https://www.lesgrangesdespyrenees.fr/,,Local,,15/02/2026,"46 068,00",,,
https://www.dpmfrance.fr/,,Local,,15/02/2026,"46 068,00",,,
https://www.laptite-pause.fr/,,Local,,15/02/2026,"46 068,00",,,
https://www.lequipejardinvert.fr/,,Local,,15/02/2026,"46 068,00",,,
https://www.leslieyoganutrition.fr/,,Local,,15/02/2026,"46 068,00",,,
https://www.chezclem.fr/,,Local,,15/02/2026,"46 068,00",,,
https://www.auberge-saintjo.fr/,,Local,,15/02/2026,"46 068,00",,,
https://www.kimeratattoo.fr/,,Local,,15/02/2026,"46 068,00",,,
https://www.agencecocoon.fr/,,Local,,15/02/2026,"46 068,00",,,
https://www.daonlaruche.fr/,,Local,,15/02/2026,"46 068,00",,,
https://www.ferreira-et-fils-platrerie.fr/,,Local,,15/02/2026,"46 068,00",,,
https://www.antei-structures.fr/,,Local,,15/02/2026,"46 068,00",,,
https://www.fleuriste-charny.fr/,,Local,,15/02/2026,"46 068,00",,,
https://www.alexmotorsgaragedubussieres.com/fr,,Local,,15/02/2026,"46 068,00",,,
https://www.pharma-mobile-reparation.fr/,,Local,,15/02/2026,"46 068,00",,,
https://www.bosphorus.fr/,,Local,,15/02/2026,"46 068,00",,,
https://www.autoecoleverfeil.fr/,,Local,,15/02/2026,"46 068,00",,,
https://www.cadressinguliers.fr/,,Local,,15/02/2026,"46 068,00",,,
https://www.letableaunaturel.fr/,,Local,,15/02/2026,"46 068,00",,,
https://www.artelagage.fr/,,Local,,15/02/2026,"46 068,00",,,
https://www.daytona-motors.fr/,,Local,,15/02/2026,"46 068,00",,,
https://www.jodet-patrice-traiteur.fr/,,Local,,15/02/2026,"46 068,00",,,
https://www.ecoproprety.fr/,,Local,,15/02/2026,"46 068,00",,,
https://www.lesdelicesdegege.fr/,,Local,,15/02/2026,"46 068,00",,,
https://www.smz-auto.fr/,,Local,,15/02/2026,"46 068,00",,,
https://www.dogs-souls.fr/,,Local,,15/02/2026,"46 068,00",,,
https://www.arpel-gouttiere.fr/lambris-faux-plafond,,Local,,15/02/2026,"46 068,00",,,
https://www.passionflat.fr/,,Local,,15/02/2026,"46 068,00",,,
https://www.foodafrik.fr/,,Local,,15/02/2026,"46 068,00",,,
https://www.egd-prestige-cars.fr/,,Local,,15/02/2026,"46 068,00",,,
https://www.lesenduitsduternois.fr/,,Local,,15/02/2026,"46 068,00",,,
https://www.residenceaguilana.fr/,,Local,,15/02/2026,"46 068,00",,,
https://www.familysfripe.fr/,,Local,,15/02/2026,"46 068,00",,,
https://www.coeurachanter.com/,,Local,,15/02/2026,"46 068,00",,,
https://www.candicedolbeau-lalibertedetresoi.fr/,,Local,,15/02/2026,"46 068,00",,,
https://www.demenagement-lesgrosbras.fr/,,Local,,15/02/2026,"46 068,00",,,
https://www.lafabrique-cuisinelibre.fr/,,Local,,15/02/2026,"46 068,00",,,
https://www.laltoredisavaghju.fr/,,Local,,15/02/2026,"46 068,00",,,
https://www.laguinguette53.fr/,,Local,,15/02/2026,"46 068,00",,,
https://www.passioncarrelage.fr/,,Local,,15/02/2026,"46 068,00",,,
https://www.domaine-melodia-vin-bio-nature.fr/,,Local,,15/02/2026,"46 068,00",,,
https://www.campinglessoulins.fr/,,Local,,15/02/2026,"46 068,00",,,
https://www.sheriff-plomb.fr/,,Local,,15/02/2026,"46 068,00",,,
https://www.almbat13.fr/,,Local,,15/02/2026,"46 068,00",,,
https://www.puig-maconnerie.fr/,,Local,,15/02/2026,"46 068,00",,,
https://www.sushi-grill.fr/,,Local,,15/02/2026,"46 068,00",,,
https://www.lagaredesvals.fr/,,Local,,15/02/2026,"46 068,00",,,
https://www.autovision-virazels.fr/,,Local,,15/02/2026,"46 068,00",,,
https://www.maison-luton.fr/,,Local,,15/02/2026,"46 068,00",,,
https://www.martinez-renovation-generale.fr/,,Local,,15/02/2026,"46 068,00",,,
https://www.cabaret-lediamantrose.fr/,,Local,,15/02/2026,"46 068,00",,,
https://www.chick-n-family.fr/,,Local,,15/02/2026,"46 068,00",,,
https://www.galatarestaurant.fr/,,Local,,15/02/2026,"46 068,00",,,
https://www.david-carneau-conseiller-immobilier.fr/,,Local,,15/02/2026,"46 068,00",,,
https://www.lepanebelge.fr/,,Local,,15/02/2026,"46 068,00",,,
https://www.construction-bois-orsi.fr/,,Local,,15/02/2026,"46 068,00",,,
https://www.dge-debarras-57.fr/,,Local,,15/02/2026,"46 068,00",,,
https://www.pecheriesablaise.fr/,,Local,,15/02/2026,"46 068,00",,,
https://www.studiobylub.com/,,Local,,15/02/2026,"46 068,00",,,
https://www.labellestory.fr/,,Local,,15/02/2026,"46 068,00",,,
https://www.acmenuiseries.fr/,,Local,,15/02/2026,"46 068,00",,,
https://www.lagentmultitoutlimoges-87.fr/,,Local,,15/02/2026,"46 068,00",,,
https://www.garage-tdr-car.fr/,,Local,,15/02/2026,"46 068,00",,,
https://www.elevagedesmeneursdariege.fr/,,Local,,15/02/2026,"46 068,00",,,
https://www.l-artisanduvoyage.fr/,,Local,,15/02/2026,"46 068,00",,,
https://www.cp-taxi.fr/,,Local,,15/02/2026,"46 068,00",,,
https://www.khalrenovation.fr/,,Local,,15/02/2026,"46 068,00",,,
https://www.restaurantletroquet.fr/,,Local,,15/02/2026,"46 068,00",,,
https://www.chimomu.fr/,,Local,,15/02/2026,"46 068,00",,,
https://www.aigues-bike-30.com/,,Local,,15/02/2026,"46 068,00",,,
https://www.artisanat-floral.fr/,,Local,,15/02/2026,"46 068,00",,,
https://www.le-petit-sushi.fr/,,Local,,15/02/2026,"46 068,00",,,
https://www.franckycouverture.fr/,,Local,,15/02/2026,"46 068,00",,,
https://www.ednettoyage.fr/,,Local,,15/02/2026,"46 068,00",,,
https://www.chatteriedescoondeguyenne.fr/,,Local,,15/02/2026,"46 068,00",,,
https://www.mgcouverture77.fr/,,Local,,15/02/2026,"46 068,00",,,
https://www.paysagiste-25.fr/,,Local,,15/02/2026,"46 068,00",,,
https://www.5t-sas.fr/,,Local,,15/02/2026,"46 068,00",,,
https://www.ares-energy.fr/,,Local,,15/02/2026,"46 068,00",,,
https://www.btp-hautecorse.fr/,,Local,,15/02/2026,"46 068,00",,,
https://www.emotions-bougies.fr/,,Local,,15/02/2026,"46 068,00",,,
https://www.lastoria-sartene.fr/,,Local,,15/02/2026,"46 068,00",,,
https://www.etsperingale.fr/,,Local,,15/02/2026,"46 068,00",,,
https://www.parc-ludobulle.fr/,,Local,,15/02/2026,"46 068,00",,,
https://www.ets-michelet-charpente.fr/,,Local,,15/02/2026,"46 068,00",,,
https://www.breizh-informatique35.fr/,,Local,,15/02/2026,"46 068,00",,,
https://www.dentoreiki-bordeaux.com/,,Local,,15/02/2026,"46 068,00",,,
https://www.maconnerie-herter.fr/,,Local,,15/02/2026,"46 068,00",,,
https://www.lepublaissac.fr/,,Local,,15/02/2026,"46 068,00",,,
https://www.degv-41.fr/,,Local,,15/02/2026,"46 068,00",,,
https://www.eipichotcyril41.fr/,,Local,,15/02/2026,"46 068,00",,,
https://www.toiture95.fr/,,Local,,15/02/2026,"46 068,00",,,
https://www.lesaubracsdanthony.fr/,,Local,,15/02/2026,"46 068,00",,,
https://www.ets-betbeder.fr/,,Local,,15/02/2026,"46 068,00",,,
https://www.black-room-le-havre.com/,,Local,,15/02/2026,"46 068,00",,,
https://www.aen-demenagement-isere.fr/,,Local,,15/02/2026,"46 068,00",,,
https://www.yecoindustrie.fr/,,Local,,15/02/2026,"46 068,00",,,
https://www.fcmr-proprete.fr/,,Local,,15/02/2026,"46 068,00",,,
https://www.freshfastfood.fr/,,Local,,15/02/2026,"46 068,00",,,
https://www.poles-charpente32.fr/,,Local,,15/02/2026,"46 068,00",,,
https://www.socobat-corse.fr/,,Local,,15/02/2026,"46 068,00",,,
https://www.les-frotz.fr/amenagements-exterieurs,,Local,,15/02/2026,"46 068,00",,,
https://www.masseurmasculinbeziers.fr/,,Local,,15/02/2026,"46 068,00",,,
https://www.florelle-esthetique.fr/,,Local,,15/02/2026,"46 068,00",,,
https://www.lafocacciadeneuilly.fr/,,Local,,15/02/2026,"46 068,00",,,
https://www.les-saveurs-d-anne.fr/,,Local,,15/02/2026,"46 068,00",,,
https://www.eurlbatillat.fr/,,Local,,15/02/2026,"46 068,00",,,
https://www.ucaseddu.fr/,,Local,,15/02/2026,"46 068,00",,,
https://www.eg-assistanteindependante.fr/,,Local,,15/02/2026,"46 068,00",,,
https://www.chauffeurdriver-cannesrivieravtc.fr/,,Local,,15/02/2026,"46 068,00",,,
https://www.rvrenove-menuiserie.fr/,,Local,,15/02/2026,"46 068,00",,,
https://www.empreinte-agencement-menuisier.fr/,,Local,,15/02/2026,"46 068,00",,,
https://www.cmcouverture.fr/amenagement-de-combles,,Local,,15/02/2026,"46 068,00",,,
https://www.milhas-design-exterieur.fr/,,Local,,15/02/2026,"46 068,00",,,
https://www.gt-jardinier-paysagiste.fr/,,Local,,15/02/2026,"46 068,00",,,
https://www.foxnature-jardin.fr/tonte-de-pelouses,,Local,,15/02/2026,"46 068,00",,,
https://www.wmrenovation29.fr/,,Local,,15/02/2026,"46 068,00",,,
https://www.lapetite-auberge-07.fr/,,Local,,15/02/2026,"46 068,00",,,
https://www.dunjardinalautre38.fr/,,Local,,15/02/2026,"46 068,00",,,
https://www.lemeunier-plaquiste-decorateur-47.fr/about/,,Local,,15/02/2026,"46 068,00",,,
https://www.impecap.fr/,,Local,,15/02/2026,"46 068,00",,,
https://www.ramirezfloriantp.fr/,,Local,,15/02/2026,"46 068,00",,,
https://www.eurlmib.com/,,Local,,15/02/2026,"46 068,00",,,
https://www.laciucciarella.fr/,,Local,,15/02/2026,"46 068,00",,,
https://www.lamareebeauvau.fr/,,Local,,15/02/2026,"46 068,00",,,
https://www.cjcouvreur.fr/,,Local,,15/02/2026,"46 068,00",,,
https://www.hamelin-automobiles-34.fr/,,Local,,15/02/2026,"46 068,00",,,
https://www.halloplomberie.fr/,,Local,,15/02/2026,"46 068,00",,,
https://www.agmcleaner.fr/,,Local,,15/02/2026,"46 068,00",,,
https://www.plac-home.fr/,,Local,,15/02/2026,"46 068,00",,,
https://www.benzo-electricite.fr/,,Local,,15/02/2026,"46 068,00",,,
https://www.autoaccessoires15-19.fr/,,Local,,15/02/2026,"46 068,00",,,
https://www.nomadebybea.fr/,,Local,,15/02/2026,"46 068,00",,,
https://www.elsasslayer.fr/,,Local,,15/02/2026,"46 068,00",,,
https://www.gounin-services-plus.fr/,,Local,,15/02/2026,"46 068,00",,,
https://www.chateau-darance.fr/,,Local,,15/02/2026,"46 068,00",,,
https://www.ma-pause-beaute61.fr/,,Local,,15/02/2026,"46 068,00",,,
https://www.sr-loc.com/,,Local,,15/02/2026,"46 068,00",,,
https://et-connect.fr/mentions-legales/,,Local,,15/02/2026,"46 068,00",,,
https://www.r-sboisdesign.fr/,,Local,,15/02/2026,"46 068,00",,,
https://www.asp-taxi-evreux.fr/,,Local,,15/02/2026,"46 068,00",,,
https://www.jmcouverture.fr/,,Local,,15/02/2026,"46 068,00",,,
https://www.prestige-auto71.fr/,,Local,,15/02/2026,"46 068,00",,,
https://www.kzm-tp81.fr/,,Local,,15/02/2026,"46 068,00",,,
https://www.granit-salvy.fr/contact,,Local,,15/02/2026,"46 068,00",,,
https://www.saveurs-dafrique-et-deurope.fr/,,Local,,15/02/2026,"46 068,00",,,
https://www.fatyrenovation69.fr/,,Local,,15/02/2026,"46 068,00",,,
https://www.sc2m.fr/contact,,Local,,15/02/2026,"46 068,00",,,
https://www.locationvacances-mermontagne.fr/,,Local,,15/02/2026,"46 068,00",,,
https://www.e-loco-38.fr/,,Local,,15/02/2026,"46 068,00",,,
https://www.jmfproprete.fr/,,Local,,15/02/2026,"46 068,00",,,
https://www.st-am-kill-frelons.fr/,,Local,,15/02/2026,"46 068,00",,,
https://www.rsautomobile.fr/,,Local,,15/02/2026,"46 068,00",,,
https://www.latelierderenovation.fr/,,Local,,15/02/2026,"46 068,00",,,
https://www.elsevenement.fr/,,Local,,15/02/2026,"46 068,00",,,
https://www.formeetdefensecoaching.fr/,,Local,,15/02/2026,"46 068,00",,,
https://www.clim-plomberie-inov-energie.fr/,,Local,,15/02/2026,"46 068,00",,,
https://www.happyzz.fr/nos-pizzas,,Local,,15/02/2026,"46 068,00",,,
https://www.lejardindebrize.fr/,,Local,,15/02/2026,"46 068,00",,,
https://www.leramoneurauvergnat.fr/,,Local,,15/02/2026,"46 068,00",,,
https://www.taxi-casalta.fr/,,Local,,15/02/2026,"46 068,00",,,
https://www.gestionconseil-terrassement.fr/,,Local,,15/02/2026,"46 068,00",,,
https://www.elec-and-co-pertuis.fr/,,Local,,15/02/2026,"46 068,00",,,
https://www.ebeniste-creation-gard.fr/,,Local,,15/02/2026,"46 068,00",,,
https://www.mo2constructions-expertbatiment.fr/,,Local,,15/02/2026,"46 068,00",,,
https://www.onix-batiment.fr/,,Local,,15/02/2026,"46 068,00",,,
https://www.jardinjoh-ly.fr/,,Local,,15/02/2026,"46 068,00",,,
https://www.jardiniers-createurs.fr/,,Local,,15/02/2026,"46 068,00",,,
https://www.clim-luberon-services.fr/,,Local,,15/02/2026,"46 068,00",,,
https://www.mannu-multiservices-corse.fr/,,Local,,15/02/2026,"46 068,00",,,
https://www.ike-electricite.fr/contact,,Local,,15/02/2026,"46 068,00",,,
https://www.madeinpose.fr/,,Local,,15/02/2026,"46 068,00",,,
https://www.nuisibles2savoies.fr/contact,,Local,,15/02/2026,"46 068,00",,,
https://www.bobi89.fr/,,Local,,15/02/2026,"46 068,00",,,
https://www.batiment-hre.fr/,,Local,,15/02/2026,"46 068,00",,,
https://www.dsrenovation31.fr/,,Local,,15/02/2026,"46 068,00",,,
https://www.pizzatoietmoi.fr/,,Local,,15/02/2026,"46 068,00",,,
https://www.fournil-de-labbaye.fr/,,Local,,15/02/2026,"46 068,00",,,
https://www.lescalieroccitan.fr/,,Local,,15/02/2026,"46 068,00",,,
https://www.falaise-tp.fr/,,Local,,15/02/2026,"46 068,00",,,
https://www.cda-carrosserie-morlaix.fr/,,Local,,15/02/2026,"46 068,00",,,
https://www.atelier-corde.fr/,,Local,,15/02/2026,"46 068,00",,,
https://www.aymar-chiropraxie.fr/,,Local,,15/02/2026,"46 068,00",,,
https://www.manhattan-bar-lepuy.fr/,,Local,,15/02/2026,"46 068,00",,,
https://www.martial-ferrat.fr/,,Local,,15/02/2026,"46 068,00",,,
https://www.auxmainsdenico.fr/,,Local,,15/02/2026,"46 068,00",,,
https://www.rvc-piscines.fr/,,Local,,15/02/2026,"46 068,00",,,
https://www.potdvache.fr/,,Local,,15/02/2026,"46 068,00",,,
https://www.lc-metal.fr/,,Local,,15/02/2026,"46 068,00",,,
https://www.mycrepe27.fr/,,Local,,15/02/2026,"46 068,00",,,
https://www.echapetvous.fr/,,Local,,15/02/2026,"46 068,00",,,
https://www.bikesession.eu/,,Local,,15/02/2026,"46 068,00",,,
https://www.lechappeebelle-mde.fr/,,Local,,15/02/2026,"46 068,00",,,
https://www.yd-couverture.fr/,,Local,,15/02/2026,"46 068,00",,,
https://www.mgmoto.fr/,,Local,,15/02/2026,"46 068,00",,,
https://www.lauredubois.fr/,,Local,,15/02/2026,"46 068,00",,,
https://www.maintenans-reparation-05.fr/,,Local,,15/02/2026,"46 068,00",,,
https://www.ohsoclean.fr/,,Local,,15/02/2026,"46 068,00",,,
https://www.manoirlaprovosterie.fr/,,Local,,15/02/2026,"46 068,00",,,
https://www.atelier-renevier.fr/,,Local,,15/02/2026,"46 068,00",,,
https://www.laurot-david.fr/,,Local,,15/02/2026,"46 068,00",,,
https://www.amcfluides.fr/,,Local,,15/02/2026,"46 068,00",,,
https://www.brasserie-terrasse-reymond-avignon.fr/,,Local,,15/02/2026,"46 068,00",,,
https://www.bois-et-paysage.fr/,,Local,,15/02/2026,"46 068,00",,,
https://www.horizon-vertical09.fr/,,Local,,15/02/2026,"46 068,00",,,
https://www.acptaxi.fr/,,Local,,15/02/2026,"46 068,00",,,
https://www.confort-bain-et-detente.com/,,Local,,15/02/2026,"46 068,00",,,
https://www.pro-etanche.fr/,,Local,,15/02/2026,"46 068,00",,,
https://www.rn-auto.fr/,,Local,,15/02/2026,"46 068,00",,,
https://www.leabeaute-institut.fr/,,Local,,15/02/2026,"46 068,00",,,
https://www.riwanpatrelletraiteur.fr/traiteur-paella,,Local,,15/02/2026,"46 068,00",,,
https://www.acp-electric31.fr/,,Local,,15/02/2026,"46 068,00",,,
https://www.cm-piscineconcept.fr/,,Local,,15/02/2026,"46 068,00",,,
https://www.rm-paysage45.fr/,,Local,,15/02/2026,"46 068,00",,,
https://www.au-coeur-de-la-provence.fr/,,Local,,15/02/2026,"46 068,00",,,
https://www.brb-paysages.fr/,,Local,,15/02/2026,"46 068,00",,,
https://www.medghoultaxi.fr/contact,,Local,,15/02/2026,"46 068,00",,,
https://www.marionetcie.fr/,,Local,,15/02/2026,"46 068,00",,,
https://www.photonsolaris.fr/,,Local,,15/02/2026,"46 068,00",,,
https://www.aquilesagencement.fr/,,Local,,15/02/2026,"46 068,00",,,
https://www.safec-froid.fr/,,Local,,15/02/2026,"46 068,00",,,
https://www.placarmor.fr/,,Local,,15/02/2026,"46 068,00",,,
https://www.claudio-ebanista.fr/,,Local,,15/02/2026,"46 068,00",,,
https://www.epicerie-africaine-eureka.fr/,,Local,,15/02/2026,"46 068,00",,,
https://www.maitre-doeuvre-ferrer.fr/,,Local,,15/02/2026,"46 068,00",,,
https://www.pignoly-cj-jardin.fr/,,Local,,15/02/2026,"46 068,00",,,
https://www.selfautoguingamp.fr/,,Local,,15/02/2026,"46 068,00",,,
https://www.brillacar.fr/,,Local,,15/02/2026,"46 068,00",,,
https://www.rtcouverture.fr/,,Local,,15/02/2026,"46 068,00",,,
https://www.dsec-expertise.fr/,,Local,,15/02/2026,"46 068,00",,,
https://www.gsc-assainissement.fr/,,Local,,15/02/2026,"46 068,00",,,
https://www.sydlag.fr/,,Local,,15/02/2026,"46 068,00",,,
https://www.lecloterriou.fr/,,Local,,15/02/2026,"46 068,00",,,
https://www.coloniebois.fr/,,Local,,15/02/2026,"46 068,00",,,
https://www.sebastien-carton-magnetiseur.fr/,,Local,,15/02/2026,"46 068,00",,,
https://www.brodflok.fr/,,Local,,15/02/2026,"46 068,00",,,
https://www.paddock30.fr/,,Local,,15/02/2026,"46 068,00",,,
https://www.laruche-renovation.fr/,,Local,,15/02/2026,"46 068,00",,,
https://www.louzaoua.fr/,,Local,,15/02/2026,"46 068,00",,,
https://www.volt-energies.fr/,,Local,,15/02/2026,"46 068,00",,,
https://www.narcotattooshop.fr/,,Local,,15/02/2026,"46 068,00",,,
https://www.shishmahal.fr/,,Local,,15/02/2026,"46 068,00",,,
https://www.piscine84.fr/,,Local,,15/02/2026,"46 068,00",,,
https://www.minicars44.fr/,,Local,,15/02/2026,"46 068,00",,,
https://www.transporteur-marl-logistics.fr/,,Local,,15/02/2026,"46 068,00",,,
https://www.samesa-portvendres.fr/,,Local,,15/02/2026,"46 068,00",,,
https://www.biothop-paysage.fr/,,Local,,15/02/2026,"46 068,00",,,
https://www.locations-tourisme-thionville.fr/,,Local,,15/02/2026,"46 068,00",,,
https://www.atelierdesclassics.fr/,,Local,,15/02/2026,"46 068,00",,,
https://www.meb-thermographie.fr/,,Local,,15/02/2026,"46 068,00",,,
https://www.ritual-beauty.fr/,,Local,,15/02/2026,"46 068,00",,,
https://www.srd-demolition.fr/,,Local,,15/02/2026,"46 068,00",,,
https://www.oliveira-pressing.fr/,,Local,,15/02/2026,"46 068,00",,,
https://www.sasdomingues.fr/,,Local,,15/02/2026,"46 068,00",,,
https://www.rachatmetaux-ajaccio.fr/,,Local,,15/02/2026,"46 068,00",,,
https://www.harmony-maison-patrimonia.fr/,,Local,,15/02/2026,"46 068,00",,,
https://www.la-fabriq-burger-toulouse.com/,,Local,,15/02/2026,"46 068,00",,,
https://www.pompes-funebres-morieres.fr/,,Local,,15/02/2026,"46 068,00",,,
https://www.farre-peinture.fr/,,Local,,15/02/2026,"46 068,00",,,
https://www.okandysbagels.fr/,,Local,,15/02/2026,"46 068,00",,,
https://www.tetti-nustrali.fr/,,Local,,15/02/2026,"46 068,00",,,
https://www.leblasondelaubrac-12.fr/,,Local,,15/02/2026,"46 068,00",,,
https://www.mbcouvreur.fr/,,Local,,15/02/2026,"46 068,00",,,
https://www.mg-couverture.fr/,,Local,,15/02/2026,"46 068,00",,,
https://www.serve-elevateur.fr/,,Local,,15/02/2026,"46 068,00",,,
https://www.s2l-tp.fr/,,Local,,15/02/2026,"46 068,00",,,
https://www.mgmultiservices22.fr/,,Local,,15/02/2026,"46 068,00",,,
https://www.sarldumesnil.fr/,,Local,,15/02/2026,"46 068,00",,,
https://www.vicktormenuiserie.fr/,,Local,,15/02/2026,"46 068,00",,,
https://www.hk-electricite-var.fr/,,Local,,15/02/2026,"46 068,00",,,
https://www.cynthiacils.fr/,,Local,,15/02/2026,"46 068,00",,,
https://www.ateliercucine.fr/,,Local,,15/02/2026,"46 068,00",,,
https://www.melangesetdeco.fr/,,Local,,15/02/2026,"46 068,00",,,
https://www.sl2te.fr/,,Local,,15/02/2026,"46 068,00",,,
https://www.reparetechvendee.fr/,,Local,,15/02/2026,"46 068,00",,,
https://www.minotaureevents.fr/,,Local,,15/02/2026,"46 068,00",,,
https://www.transportsuguen.fr/,,Local,,15/02/2026,"46 068,00",,,
https://www.ofrais-traiteur.com/,,Local,,15/02/2026,"46 068,00",,,
https://www.alouit-multimedia.com/referencement-local-meaux,,Local,,15/02/2026,"46 068,00",,,
https://www.elegancebyhome.fr/,,Local,,15/02/2026,"46 068,00",,,
https://www.ludofroidchaud.fr/,,Local,,15/02/2026,"46 068,00",,,
https://www.paper-stories-studio.fr/,,Local,,15/02/2026,"46 068,00",,,
https://www.renovationecosens.fr/,,Local,,15/02/2026,"46 068,00",,,
https://www.stylenco.fr/,,Local,,15/02/2026,"46 068,00",,,
https://www.m2artisancouturier.fr/,,Local,,15/02/2026,"46 068,00",,,
https://www.lharmoniedupaysage.fr/,,Local,,15/02/2026,"46 068,00",,,
https://www.loeildemana-retouche-confection-quimperle.fr/,,Local,,15/02/2026,"46 068,00",,,
https://www.baybarsgym.fr/,,Local,,15/02/2026,"46 068,00",,,
https://www.tabac-brasseriedulac.fr/,,Local,,15/02/2026,"46 068,00",,,
https://www.a-lharmonie-des-chevaux.fr/,,Local,,15/02/2026,"46 068,00",,,
https://www.beertruck-and-food.fr/,,Local,,15/02/2026,"46 068,00",,,
https://h3aleads.com/temoignages-clients/,,Local,,15/02/2026,"46 068,00",,,
https://www.acrotoit.fr/,,Local,,15/02/2026,"46 068,00",,,
https://www.dn-btp.fr/,,Local,,15/02/2026,"46 068,00",,,
https://www.grechxavier-maitredoeuvre.fr/,,Local,,15/02/2026,"46 068,00",,,
https://www.mkavs-isolation.fr/,,Local,,15/02/2026,"46 068,00",,,
https://www.sas-hirailles.fr/,,Local,,15/02/2026,"46 068,00",,,
https://www.chrispaysage.fr/,,Local,,15/02/2026,"46 068,00",,,
https://www.simon-menuiserie.fr/,,Local,,15/02/2026,"46 068,00",,,
https://www.er-ravalement-peinture.fr/,,Local,,15/02/2026,"46 068,00",,,
https://www.mg-reno-ajaccio.fr/,,Local,,15/02/2026,"46 068,00",,,
https://www.camargue-electricite.com/,,Local,,15/02/2026,"46 068,00",,,
https://www.wavesstudio.fr/,,Local,,15/02/2026,"46 068,00",,,
https://www.rennes-virvolt.fr/,,Local,,15/02/2026,"46 068,00",,,
https://www.mpservicesoccitanie.com/,,Local,,15/02/2026,"46 068,00",,,
https://www.hostiz-29.fr/,,Local,,15/02/2026,"46 068,00",,,
https://www.mabpiecesautos.fr/,,Local,,15/02/2026,"46 068,00",,,
https://www.terre2jeux.com/,,Local,,15/02/2026,"46 068,00",,,
https://www.laterrassedeso.fr/,,Local,,15/02/2026,"46 068,00",,,
https://www.biendansmatruffe.fr/,,Local,,15/02/2026,"46 068,00",,,
https://www.force7-services.fr/,,Local,,15/02/2026,"46 068,00",,,
https://www.namtha-restaurant.fr/,,Local,,15/02/2026,"46 068,00",,,
https://www.im-depannage.fr/,,Local,,15/02/2026,"46 068,00",,,
https://www.o-7-sens.fr/,,Local,,15/02/2026,"46 068,00",,,
https://www.gosselinechappementconcept.fr/,,Local,,15/02/2026,"46 068,00",,,
https://www.taphanel-reprogrammation-67.fr/,,Local,,15/02/2026,"46 068,00",,,
https://www.fabricefaviere.fr/,,Local,,15/02/2026,"46 068,00",,,
https://www.amisoinsdomicile.fr/,,Local,,15/02/2026,"46 068,00",,,
https://www.elevagedebellevue.fr/,,Local,,15/02/2026,"46 068,00",,,
https://www.terrayre-paysage.fr/,,Local,,15/02/2026,"46 068,00",,,
https://www.debouya-peinture.fr/quelle-couleur-de-peinture-pour-porte-interieure,,Local,,15/02/2026,"46 068,00",,,
https://www.polemontagne-hebergements.fr/,,Local,,15/02/2026,"46 068,00",,,
https://www.lepicerie-tastodeprovence.fr/,,Local,,15/02/2026,"46 068,00",,,
https://www.lepetitscorpion.fr/,,Local,,15/02/2026,"46 068,00",,,
https://www.technitherm37.fr/,,Local,,15/02/2026,"46 068,00",,,
https://www.ami-elec.fr/,,Local,,15/02/2026,"46 068,00",,,
https://www.lecumegourmande.fr/,,Local,,15/02/2026,"46 068,00",,,
https://www.peinturenm.fr/,,Local,,15/02/2026,"46 068,00",,,
https://www.multiservicesdu31.com/,,Local,,15/02/2026,"46 068,00",,,
https://www.seheiah.fr/,,Local,,15/02/2026,"46 068,00",,,
https://www.maliagraphie.com/,,Local,,15/02/2026,"46 068,00",,,
https://www.pccplomberie.fr/,,Local,,15/02/2026,"46 068,00",,,
https://www.acupulatta.com/,,Local,,15/02/2026,"46 068,00",,,
https://www.nettoyage-hautepression.fr/,,Local,,15/02/2026,"46 068,00",,,
https://www.ipeint-pro.fr/,,Local,,15/02/2026,"46 068,00",,,
https://www.nice-electricite.fr/,,Local,,15/02/2026,"46 068,00",,,
https://www.polepaysage.fr/,,Local,,15/02/2026,"46 068,00",,,
https://www.so-kaffe.fr/,,Local,,15/02/2026,"46 068,00",,,
https://www.ajfservices89.fr/nettoyage-et-debarras,,Local,,15/02/2026,"46 068,00",,,
https://www.fs-energy-31.fr/,,Local,,15/02/2026,"46 068,00",,,
https://www.plaquiste-occitanie.fr/,,Local,,15/02/2026,"46 068,00",,,
https://www.sauv-anti-nuisibles.fr/,,Local,,15/02/2026,"46 068,00",,,
https://www.addiction46.fr/,,Local,,15/02/2026,"46 068,00",,,
https://www.le-domaine-des-lutins.fr/,,Local,,15/02/2026,"46 068,00",,,
https://www.sarlbruneaumaconnerie.fr/,,Local,,15/02/2026,"46 068,00",,,
https://www.chevalier-paysage.fr/,,Local,,15/02/2026,"46 068,00",,,
https://www.nebout-kevin-plomberie.fr/,,Local,,15/02/2026,"46 068,00",,,
https://www.scplomberie-84.fr/contact,,Local,,15/02/2026,"46 068,00",,,
https://www.o-tchiotkebab.fr/,,Local,,15/02/2026,"46 068,00",,,
https://www.lepaysagiste84.fr/,,Local,,15/02/2026,"46 068,00",,,
https://www.fbourreau.fr/,,Local,,15/02/2026,"46 068,00",,,
https://www.scm-73.fr/,,Local,,15/02/2026,"46 068,00",,,
https://www.paysagiste-entretien-creation.fr/,,Local,,15/02/2026,"46 068,00",,,
https://www.am-zing.fr/,,Local,,15/02/2026,"46 068,00",,,
https://www.mahiques-artisan-peintre.fr/,,Local,,15/02/2026,"46 068,00",,,
https://www.niccolibatiment-31.fr/,,Local,,15/02/2026,"46 068,00",,,
https://www.etr-paysage.fr/,,Local,,15/02/2026,"46 068,00",,,
https://www.peinture-mag-64.fr/,,Local,,15/02/2026,"46 068,00",,,
https://www.beautynature-elle.fr/,,Local,,15/02/2026,"46 068,00",,,
https://www.tme07.fr/,,Local,,15/02/2026,"46 068,00",,,
https://www.teragancia-paysage.fr/,,Local,,15/02/2026,"46 068,00",,,
https://www.perez-peinture-04.fr/,,Local,,15/02/2026,"46 068,00",,,
https://www.perfectpaysage.fr/,,Local,,15/02/2026,"46 068,00",,,
https://www.ad-peinture-17.fr/,,Local,,15/02/2026,"46 068,00",,,
https://www.peinture-et-creation-37.fr/,,Local,,15/02/2026,"46 068,00",,,
https://www.fresnelplaquistepeintre.fr/,,Local,,15/02/2026,"46 068,00",,,
https://www.les-delices-de-sologne.fr/,,Local,,15/02/2026,"46 068,00",,,
https://www.intensement-bois.com/,,Local,,15/02/2026,"46 068,00",,,
https://www.guillaume-gilbert.fr/,,Local,,15/02/2026,"46 068,00",,,
https://www.neeleydencrea.fr/,,Local,,15/02/2026,"46 068,00",,,
https://www.leru-gwenaelle-education-canine.fr/,,Local,,15/02/2026,"46 068,00",,,
https://www.ampbatiment65.fr/,,Local,,15/02/2026,"46 068,00",,,
https://www.allodepann-plomberie18.fr/,,Local,,15/02/2026,"46 068,00",,,
https://www.ig-climchauffage.com/,,Local,,15/02/2026,"46 068,00",,,
https://www.lesdelicesdemissytraiteur.com/,,Local,,15/02/2026,"46 068,00",,,
https://www.maconnerietraditionnellegarcia.fr/,,Local,,15/02/2026,"46 068,00",,,
https://www.btp-grosoeuvre-corse.fr/,,Local,,15/02/2026,"46 068,00",,,
https://www.depannage-pc34.fr/,,Local,,15/02/2026,"46 068,00",,,
https://www.jeremyjeanplomberie.fr/,,Local,,15/02/2026,"46 068,00",,,
https://www.blackmamba-marseille.fr/,,Local,,15/02/2026,"46 068,00",,,
https://www.delices-dorient.fr/,,Local,,15/02/2026,"46 068,00",,,
https://www.royalsnack-69.fr/,,Local,,15/02/2026,"46 068,00",,,
https://www.lafermeauxbisons.com/,,Local,,15/02/2026,"46 068,00",,,
https://www.latrace29.fr/,,Local,,15/02/2026,"46 068,00",,,
https://www.maisani-bois.fr/,,Local,,15/02/2026,"46 068,00",,,
https://www.bcrenovsol.fr/,,Local,,15/02/2026,"46 068,00",,,
https://www.adc-automobile-14.fr/,,Local,,15/02/2026,"46 068,00",,,
https://www.pepinierebasin.fr/,,Local,,15/02/2026,"46 068,00",,,
https://www.ludovictaxi.fr/,,Local,,15/02/2026,"46 068,00",,,
https://www.auvergne-elec15.fr/,,Local,,15/02/2026,"46 068,00",,,
https://www.vtclub-orly.fr/,,Local,,15/02/2026,"46 068,00",,,
https://www.lmcouverture.fr/,,Local,,15/02/2026,"46 068,00",,,
https://www.solatium.fr/contact,,Local,,15/02/2026,"46 068,00",,,
https://www.boscvtc.fr/,,Local,,15/02/2026,"46 068,00",,,
https://www.coaching-laura.fr/,,Local,,15/02/2026,"46 068,00",,,
https://www.cdn-immo.com/,,Local,,15/02/2026,"46 068,00",,,
https://www.jcars.fr/,,Local,,15/02/2026,"46 068,00",,,
https://www.friterie-jacky.fr/,,Local,,15/02/2026,"46 068,00",,,
https://www.boucherie-montauban.fr/,,Local,,15/02/2026,"46 068,00",,,
https://www.hfmenuiserie.fr/,,Local,,15/02/2026,"46 068,00",,,
https://www.lecreole38.fr/,,Local,,15/02/2026,"46 068,00",,,
https://www.borgo-veterinaire.fr/,,Local,,15/02/2026,"46 068,00",,,
https://www.tropicalpaysage.fr/,,Local,,15/02/2026,"46 068,00",,,
https://www.adcgarage.fr/,,Local,,15/02/2026,"46 068,00",,,
https://www.epaviste-narbonne11.fr/,,Local,,15/02/2026,"46 068,00",,,
https://www.depannage-marini-urgence-bastia.fr/,,Local,,15/02/2026,"46 068,00",,,
https://www.instantaime.fr/,,Local,,15/02/2026,"46 068,00",,,
https://www.lacuisine-renyone-nante.fr/,,Local,,15/02/2026,"46 068,00",,,
https://www.restaurant-epicurien.fr/,,Local,,15/02/2026,"46 068,00",,,
https://www.donuts-land.fr/,,Local,,15/02/2026,"46 068,00",,,
https://www.les-patounes.fr/,,Local,,15/02/2026,"46 068,00",,,
https://www.aupanierrouge.fr/,,Local,,15/02/2026,"46 068,00",,,
https://www.sonarbangla-67.fr/,,Local,,15/02/2026,"46 068,00",,,
https://www.mad-motors.fr/,,Local,,15/02/2026,"46 068,00",,,
https://www.bs-ffplaco.fr/,,Local,,15/02/2026,"46 068,00",,,
https://www.hb-couverturezinguerie.fr/,,Local,,15/02/2026,"46 068,00",,,
https://www.desflorsdesidees.fr/,,Local,,15/02/2026,"46 068,00",,,
https://www.bzhreprogrammation.fr/,,Local,,15/02/2026,"46 068,00",,,
https://www.leptit-bio.fr/,,Local,,15/02/2026,"46 068,00",,,
https://www.corse-al-construction.fr/,,Local,,15/02/2026,"46 068,00",,,
https://www.magiclean75.fr/,,Local,,15/02/2026,"46 068,00",,,
https://www.solyflores-84.fr/,,Local,,15/02/2026,"46 068,00",,,
https://www.latoucheperso.com/,,Local,,15/02/2026,"46 068,00",,,
https://www.rainbow-villas.fr/villa-caraibe,,Local,,15/02/2026,"46 068,00",,,
https://www.aligot-d-elodie.com/,,Local,,15/02/2026,"46 068,00",,,
https://www.peinturedecosegala.fr/,,Local,,15/02/2026,"46 068,00",,,
https://www.nickel-bureaux.fr/,,Local,,15/02/2026,"46 068,00",,,
https://www.agellos-event.fr/,,Local,,15/02/2026,"46 068,00",,,
https://www.restaurant-chezjeanne.fr/,,Local,,15/02/2026,"46 068,00",,,
https://www.lespoissonsdargent.fr/,,Local,,15/02/2026,"46 068,00",,,
https://www.fermedespreslauzes38.fr/,,Local,,15/02/2026,"46 068,00",,,
https://www.lepoissonfa.fr/,,Local,,15/02/2026,"46 068,00",,,
https://www.neored.fr/,,Local,,15/02/2026,"46 068,00",,,
https://www.chateausaintbonnetlefroid.com/,,Local,,15/02/2026,"46 068,00",,,
https://www.naturopathe-quingey.com/,,Local,,15/02/2026,"46 068,00",,,
https://www.3d-david-nuisibles.fr/,,Local,,15/02/2026,"46 068,00",,,
https://www.dalteck-zinguerie33.fr/,,Local,,15/02/2026,"46 068,00",,,
https://www.guillaume-morel-plomberie.fr/,,Local,,15/02/2026,"46 068,00",,,
https://www.domaine-le-vieux-puits.fr/,,Local,,15/02/2026,"46 068,00",,,
https://www.repartoit.fr/,,Local,,15/02/2026,"46 068,00",,,
https://www.smala56.fr/,,Local,,15/02/2026,"46 068,00",,,
https://www.2pbat.fr/,,Local,,15/02/2026,"46 068,00",,,
https://www.alexis-kmita-paysagiste.fr/,,Local,,15/02/2026,"46 068,00",,,
https://www.clan-des-sel.com/,,Local,,15/02/2026,"46 068,00",,,
https://www.atelier-des-bouquets.fr/,,Local,,15/02/2026,"46 068,00",,,
https://www.snackhouse.fr/,,Local,,15/02/2026,"46 068,00",,,
https://www.py-batiment-ain.fr/,,Local,,15/02/2026,"46 068,00",,,
https://www.afppeinture.fr/,,Local,,15/02/2026,"46 068,00",,,
https://www.guillet-chauffage-plomberie-blaye.fr/,,Local,,15/02/2026,"46 068,00",,,
https://www.det31.fr/,,Local,,15/02/2026,"46 068,00",,,
https://www.lv-autos.fr/,,Local,,15/02/2026,"46 068,00",,,
https://www.isula-luce.fr/,,Local,,15/02/2026,"46 068,00",,,
https://www.tdivinacorse.fr/,,Local,,15/02/2026,"46 068,00",,,
https://www.corsica-vignale.fr/,,Local,,15/02/2026,"46 068,00",,,
https://www.camagus.fr/,,Local,,15/02/2026,"46 068,00",,,
https://www.activkn1.fr/,,Local,,15/02/2026,"46 068,00",,,
https://www.instantparfee.fr/,,Local,,15/02/2026,"46 068,00",,,
https://www.lafermedespopoullettes.fr/,,Local,,15/02/2026,"46 068,00",,,
https://www.fantasiaevents.fr/,,Local,,15/02/2026,"46 068,00",,,
https://www.loc-benne-discount.fr/,,Local,,15/02/2026,"46 068,00",,,
https://www.deyouskaille-elevagedehuskysiberien.fr/,,Local,,15/02/2026,"46 068,00",,,
https://www.gc-elec-luberon.fr/,,Local,,15/02/2026,"46 068,00",,,
https://www.pneus-corse.fr/,,Local,,15/02/2026,"46 068,00",,,
https://www.maisonduprieure.com/,,Local,,15/02/2026,"46 068,00",,,
https://www.taxifily.fr/,,Local,,15/02/2026,"46 068,00",,,
https://www.sereposer.fr/,,Local,,15/02/2026,"46 068,00",,,
https://www.o-lana.fr/,,Local,,15/02/2026,"46 068,00",,,
https://www.camping-les-planches.fr/,,Local,,15/02/2026,"46 068,00",,,
https://www.corseacquaelec.fr/,,Local,,15/02/2026,"46 068,00",,,
https://www.ycautoclean.fr/,,Local,,15/02/2026,"46 068,00",,,
https://www.atelier-de-la-saumiere.fr/,,Local,,15/02/2026,"46 068,00",,,
https://www.hypnose-eysines.fr/,,Local,,15/02/2026,"46 068,00",,,
https://www.dch-plomberiegenerale.fr/plomberie,,Local,,15/02/2026,"46 068,00",,,
https://www.ortholab34.fr/,,Local,,15/02/2026,"46 068,00",,,
https://www.francesolaireenergie.fr/,,Local,,15/02/2026,"46 068,00",,,
https://www.traiteur-azevedo.fr/,,Local,,15/02/2026,"46 068,00",,,
https://www.artisanrenovationlot.fr/,,Local,,15/02/2026,"46 068,00",,,
https://www.labassecourdelecaille.fr/,,Local,,15/02/2026,"46 068,00",,,
https://www.cordocles-fonsorbes.fr/,,Local,,15/02/2026,"46 068,00",,,
https://www.france-alu-pvc.fr/,,Local,,15/02/2026,"46 068,00",,,
https://www.nenette-et-marcel.fr/,,Local,,15/02/2026,"46 068,00",,,
https://www.raptor-covering.fr/,,Local,,15/02/2026,"46 068,00",,,
https://www.lafeuilledortournay.fr/,,Local,,15/02/2026,"46 068,00",,,
https://www.ibmoto.fr/,,Local,,15/02/2026,"46 068,00",,,
https://www.lepetitcamper.fr/,,Local,,15/02/2026,"46 068,00",,,
https://www.froid-clim-burillo.fr/,,Local,,15/02/2026,"46 068,00",,,
https://www.hotel-rolland.com/hotel,,Local,,15/02/2026,"46 068,00",,,
https://www.cuisinebastia.fr/,,Local,,15/02/2026,"46 068,00",,,
https://www.lavalleedelorbleu.fr/berger-islandais,,Local,,15/02/2026,"46 068,00",,,
https://www.chemineesdespyrenees.fr/,,Local,,15/02/2026,"46 068,00",,,
https://www.pompeanibtp.com/,,Local,,15/02/2026,"46 068,00",,,
https://www.surlatetedescanards.fr/,,Local,,15/02/2026,"46 068,00",,,
https://www.boucheriemarso.fr/,,Local,,15/02/2026,"46 068,00",,,
https://www.smv-28.fr/,,Local,,15/02/2026,"46 068,00",,,
https://www.b-latelier.fr/,,Local,,15/02/2026,"46 068,00",,,
https://www.daumasrenovation.fr/couverture,,Local,,15/02/2026,"46 068,00",,,
https://www.concept-piscines-lagon.fr/,,Local,,15/02/2026,"46 068,00",,,
https://www.locatp31.fr/,,Local,,15/02/2026,"46 068,00",,,
https://www.gaetan-renovation.fr/,,Local,,15/02/2026,"46 068,00",,,
https://www.pension-animaliavillage.fr/,,Local,,15/02/2026,"46 068,00",,,
https://www.lerucherdepin.fr/,,Local,,15/02/2026,"46 068,00",,,
https://www.transport-taxi-st-maclou-27.fr/,,Local,,15/02/2026,"46 068,00",,,
https://www.laboucherieklays.fr/,,Local,,15/02/2026,"46 068,00",,,
https://www.btp-creation.fr/,,Local,,15/02/2026,"46 068,00",,,
https://www.bon-debarras21.fr/,,Local,,15/02/2026,"46 068,00",,,
https://www.pizzagaetano.fr/,,Local,,15/02/2026,"46 068,00",,,
https://www.lepetitmarcheduriberal.fr/,,Local,,15/02/2026,"46 068,00",,,
https://www.selfmecaconcept.fr/location-de-pont,,Local,,15/02/2026,"46 068,00",,,
https://www.vadecap64.fr/,,Local,,15/02/2026,"46 068,00",,,
https://www.pizzapasetto.fr/,,Local,,15/02/2026,"46 068,00",,,
https://www.aqua-thik.fr/,,Local,,15/02/2026,"46 068,00",,,
https://www.erikanieduc.fr/,,Local,,15/02/2026,"46 068,00",,,
https://www.amrlocation14.fr/,,Local,,15/02/2026,"46 068,00",,,
https://www.innov-motoculture.fr/,,Local,,15/02/2026,"46 068,00",,,
https://www.greensduleman-74.com/,,Local,,15/02/2026,"46 068,00",,,
https://www.corseroulements.fr/,,Local,,15/02/2026,"46 068,00",,,
https://www.concept-irrigation.fr/,,Local,,15/02/2026,"46 068,00",,,
https://www.garage-agauto.fr/,,Local,,15/02/2026,"46 068,00",,,
https://www.allexdeco.fr/,,Local,,15/02/2026,"46 068,00",,,
https://www.jt-espace-vert.fr/,,Local,,15/02/2026,"46 068,00",,,
https://www.lavalleedesarvernes.fr/,,Local,,15/02/2026,"46 068,00",,,
https://www.ede-elec.fr/,,Local,,15/02/2026,"46 068,00",,,
https://www.institut-deesse.fr/,,Local,,15/02/2026,"46 068,00",,,
https://www.ludo-education.fr/,,Local,,15/02/2026,"46 068,00",,,
https://www.omyfood.fr/,,Local,,15/02/2026,"46 068,00",,,
https://www.enseignement-canin-normandie.fr/,,Local,,15/02/2026,"46 068,00",,,
https://www.ado-automatisation-depannage-ouverture.fr/,,Local,,15/02/2026,"46 068,00",,,
https://www.bs-paysages.fr/,,Local,,15/02/2026,"46 068,00",,,
https://www.ait-transport.com/,,Local,,15/02/2026,"46 068,00",,,
https://www.renoandco-ecoledecirque.fr/,,Local,,15/02/2026,"46 068,00",,,
https://www.adnsecuriteprivee.fr/,,Local,,15/02/2026,"46 068,00",,,
https://www.rb-plomberie.com/,,Local,,15/02/2026,"46 068,00",,,
https://www.bonnieclyde-autoecole.fr/,,Local,,15/02/2026,"46 068,00",,,
https://www.multimarketvilleurbanne.com/,,Local,,15/02/2026,"46 068,00",,,
https://www.lieges-hpk.fr/,,Local,,15/02/2026,"46 068,00",,,
https://www.fuit-eau.fr/,,Local,,15/02/2026,"46 068,00",,,
https://www.home-sweet-home-luxury.fr/,,Local,,15/02/2026,"46 068,00",,,
https://www.aubalconrestaurant.fr/,,Local,,15/02/2026,"46 068,00",,,
https://www.monte-escaliers66.fr/,,Local,,15/02/2026,"46 068,00",,,
https://www.loc-action-vd.fr/,,Local,,15/02/2026,"46 068,00",,,
https://www.gustotini-trattoria.fr/,,Local,,15/02/2026,"46 068,00",,,
https://www.fredrenovation2022.fr/,,Local,,15/02/2026,"46 068,00",,,
https://www.sdb-7-design.fr/,,Local,,15/02/2026,"46 068,00",,,
https://www.lesvolaillesdubruchoua.fr/,,Local,,15/02/2026,"46 068,00",,,
https://www.istanbul-kebab-aix.fr/,,Local,,15/02/2026,"46 068,00",,,
https://www.aixsansgluten.fr/,,Local,,15/02/2026,"46 068,00",,,
https://www.charpente-zen.fr/,,Local,,15/02/2026,"46 068,00",,,
https://www.la-belle-demoiselle-restaurantmontmelian.fr/,,Local,,15/02/2026,"46 068,00",,,
https://www.julieverdel.com/,,Local,,15/02/2026,"46 068,00",,,
https://www.lenet-plomblerie-chauffage.fr/,,Local,,15/02/2026,"46 068,00",,,
https://www.vpmpeche.fr/,,Local,,15/02/2026,"46 068,00",,,
https://www.dscarrelage66.fr/,,Local,,15/02/2026,"46 068,00",,,
https://www.adc-maconnerie.fr/,,Local,,15/02/2026,"46 068,00",,,
https://www.poissonnerie-quere.fr/,,Local,,15/02/2026,"46 068,00",,,
https://www.hlnuisible.fr/,,Local,,15/02/2026,"46 068,00",,,
https://www.yourcharm.fr/,,Local,,15/02/2026,"46 068,00",,,
https://www.sebbauto-moteurthp.fr/,,Local,,15/02/2026,"46 068,00",,,
https://www.acsaydogancanavar.fr/,,Local,,15/02/2026,"46 068,00",,,
https://www.trs-toitures-06.fr/,,Local,,15/02/2026,"46 068,00",,,
https://www.h2o-etancheite.fr/,,Local,,15/02/2026,"46 068,00",,,
https://www.bzrenovation.fr/,,Local,,15/02/2026,"46 068,00",,,
https://www.souly-assistance-serrurier.fr/,,Local,,15/02/2026,"46 068,00",,,
https://www.heugasetfreres.fr/,,Local,,15/02/2026,"46 068,00",,,
https://www.sudentreprise.com/,,Local,,15/02/2026,"46 068,00",,,
https://www.legrandsalon-sisteron.fr/accueil,,Local,,15/02/2026,"46 068,00",,,
https://www.id-elec60.fr/,,Local,,15/02/2026,"46 068,00",,,
https://www.dja-cef-climservices.fr/,,Local,,15/02/2026,"46 068,00",,,
https://www.reseaux-terrassement66.fr/,,Local,,15/02/2026,"46 068,00",,,
https://www.pmg-costa-multiservices.fr/,,Local,,15/02/2026,"46 068,00",,,
https://www.serenity-byaurelie.fr/,,Local,,15/02/2026,"46 068,00",,,
https://www.ap-zinguerie-couverture.fr/,,Local,,15/02/2026,"46 068,00",,,
https://www.restaurant-st-germain.fr/,,Local,,15/02/2026,"46 068,00",,,
https://www.auto-ecole-euroconduite.fr/,,Local,,15/02/2026,"46 068,00",,,
https://www.destructionfrelonderatisation65.fr/,,Local,,15/02/2026,"46 068,00",,,
https://www.virginie-rebaudo.fr/,,Local,,15/02/2026,"46 068,00",,,
https://www.ecoledanseirena.fr/,,Local,,15/02/2026,"46 068,00",,,
https://www.siarenovation.fr/,,Local,,15/02/2026,"46 068,00",,,
https://www.veroniquelabadie.fr/,,Local,,15/02/2026,"46 068,00",,,
https://www.europcarrosserie-auto.fr/fr,,Local,,15/02/2026,"46 068,00",,,
https://www.lart-de-fer-57.com/,,Local,,15/02/2026,"46 068,00",,,
https://www.bati-iso63.fr/,,Local,,15/02/2026,"46 068,00",,,
https://www.electservicedepan.fr/,,Local,,15/02/2026,"46 068,00",,,
https://www.technopole-toiture.fr/,,Local,,15/02/2026,"46 068,00",,,
https://www.acucinella.fr/,,Local,,15/02/2026,"46 068,00",,,
https://www.sofood-pizza.fr/,,Local,,15/02/2026,"46 068,00",,,
https://www.pierreetfacade.fr/,,Local,,15/02/2026,"46 068,00",,,
https://www.uds38.fr/,,Local,,15/02/2026,"46 068,00",,,
https://www.sunouestenergy.fr/,,Local,,15/02/2026,"46 068,00",,,
https://www.lemagistral58.fr/,,Local,,15/02/2026,"46 068,00",,,
https://www.adalia-taxi.fr/,,Local,,15/02/2026,"46 068,00",,,
https://www.coachsportif-dpx.fr/,,Local,,15/02/2026,"46 068,00",,,
https://www.dmc-energie.fr/,,Local,,15/02/2026,"46 068,00",,,
https://www.paysagiste-bo-jardins.fr/,,Local,,15/02/2026,"46 068,00",,,
https://www.cafe-okami.fr/,,Local,,15/02/2026,"46 068,00",,,
https://www.educcoeur.fr/,,Local,,15/02/2026,"46 068,00",,,
https://www.villatravauxprovence.fr/,,Local,,15/02/2026,"46 068,00",,,
https://www.chatteriedelaprairieauxlynx.fr/,,Local,,15/02/2026,"46 068,00",,,
https://www.j-beauty-27.fr/,,Local,,15/02/2026,"46 068,00",,,
https://www.restaurant-indian-food.fr/,,Local,,15/02/2026,"46 068,00",,,
https://www.atelier-ferronnerie-dart.fr/,,Local,,15/02/2026,"46 068,00",,,
https://www.aerotransfert.fr/,,Local,,15/02/2026,"46 068,00",,,
https://www.sdb-creation.com/,,Local,,15/02/2026,"46 068,00",,,
https://www.sandrinebarrau.fr/,,Local,,15/02/2026,"46 068,00",,,
https://www.3b-nettoyage.fr/,,Local,,15/02/2026,"46 068,00",,,
https://www.a-funtanella.fr/,,Local,,15/02/2026,"46 068,00",,,
https://www.vsn-service-nettoyage.fr/,,Local,,15/02/2026,"46 068,00",,,
https://www.cassiopeerenovart.fr/nos-realisations,,Local,,15/02/2026,"46 068,00",,,
https://www.piscinerenov30.fr/,,Local,,15/02/2026,"46 068,00",,,
https://www.ccreas.fr/,,Local,,15/02/2026,"46 068,00",,,
https://www.gb-plomberie.fr/,,Local,,15/02/2026,"46 068,00",,,
https://www.nptoiture-vittel.fr/,,Local,,15/02/2026,"46 068,00",,,
https://www.rouxconstruction-05.com/,,Local,,15/02/2026,"46 068,00",,,
https://www.atelier-de-la-mandallaz.fr/,,Local,,15/02/2026,"46 068,00",,,
https://www.pierrehabitatelectricite.fr/,,Local,,15/02/2026,"46 068,00",,,
https://www.deberne-pieces-auto.fr/,,Local,,15/02/2026,"46 068,00",,,
https://www.cgconceptalu.fr/,,Local,,15/02/2026,"46 068,00",,,
https://www.czp-couvreur-zingueur.fr/,,Local,,15/02/2026,"46 068,00",,,
https://www.atelier-solidaire.fr/,,Local,,15/02/2026,"46 068,00",,,
https://www.fcr-carrosserie.fr/,,Local,,15/02/2026,"46 068,00",,,
https://www.cerou-electricite.fr/,,Local,,15/02/2026,"46 068,00",,,
https://www.renovation-travaux-service.fr/,,Local,,15/02/2026,"46 068,00",,,
https://www.dtrc.fr/,,Local,,15/02/2026,"46 068,00",,,
https://www.yt-couverture.fr/,,Local,,15/02/2026,"46 068,00",,,
https://www.przauto.fr/,,Local,,15/02/2026,"46 068,00",,,
https://www.marcelbrunch.fr/,,Local,,15/02/2026,"46 068,00",,,
https://www.tamango-fleurs-16.fr/,,Local,,15/02/2026,"46 068,00",,,
https://www.cfdesign-bastia.fr/,,Local,,15/02/2026,"46 068,00",,,
https://www.gedelec66.fr/,,Local,,15/02/2026,"46 068,00",,,
https://www.lgtaxi.fr/reservez-votre-taxi,,Local,,15/02/2026,"46 068,00",,,
https://www.ouakka-construction.fr/,,Local,,15/02/2026,"46 068,00",,,
https://www.123plongez.fr/,,Local,,15/02/2026,"46 068,00",,,
https://www.atoutpiques.fr/,,Local,,15/02/2026,"46 068,00",,,
https://www.domi-bureau-detudes.fr/,,Local,,15/02/2026,"46 068,00",,,
https://www.leffetmer-barcares.fr/,,Local,,15/02/2026,"46 068,00",,,
https://www.natura-pressing-69.fr/,,Local,,15/02/2026,"46 068,00",,,
https://www.u-campanile-corte.fr/,,Local,,15/02/2026,"46 068,00",,,
https://www.la-ferme-de-penhaudan.fr/,,Local,,15/02/2026,"46 068,00",,,
https://www.graindesable09.fr/,,Local,,15/02/2026,"46 068,00",,,
https://www.camping-la-vallee.eu/,,Local,,15/02/2026,"46 068,00",,,
https://www.aubaintoulousain.fr/,,Local,,15/02/2026,"46 068,00",,,
https://www.lesmobamanu.fr/,,Local,,15/02/2026,"46 068,00",,,
https://www.sjdebarras.fr/,,Local,,15/02/2026,"46 068,00",,,
https://www.hotel-salea-pornic.fr/,,Local,,15/02/2026,"46 068,00",,,
https://www.asteel22.fr/,,Local,,15/02/2026,"46 068,00",,,
https://www.seb-entretien.fr/,,Local,,15/02/2026,"46 068,00",,,
https://www.auto-ecole-provencale.fr/,,Local,,15/02/2026,"46 068,00",,,
https://www.fari-elec.fr/,,Local,,15/02/2026,"46 068,00",,,
https://www.cpc31.fr/,,Local,,15/02/2026,"46 068,00",,,
https://www.poitevin-conception-paysage.fr/,,Local,,15/02/2026,"46 068,00",,,
https://www.ferme-du-vizan.fr/,,Local,,15/02/2026,"46 068,00",,,
https://www.espacebaliana.fr/massages,,Local,,15/02/2026,"46 068,00",,,
https://www.mishiibeautynails.fr/,,Local,,15/02/2026,"46 068,00",,,
https://www.jardinmalin64.fr/,,Local,,15/02/2026,"46 068,00",,,
https://www.chichis-caribbean-cooking.fr/,,Local,,15/02/2026,"46 068,00",,,
https://www.jb-maconnerie.fr/,,Local,,15/02/2026,"46 068,00",,,
https://www.chez-izza.fr/,,Local,,15/02/2026,"46 068,00",,,
https://www.olabutine-hydromel-miel.fr/,,Local,,15/02/2026,"46 068,00",,,
https://www.pressing-fer-plait-yvelines.fr/,,Local,,15/02/2026,"46 068,00",,,
https://www.verphabitat.fr/,,Local,,15/02/2026,"46 068,00",,,
https://www.urgence-guepes-et-nuisibles.fr/contact,,Local,,15/02/2026,"46 068,00",,,
https://www.chene-vert-jardins.fr/,,Local,,15/02/2026,"46 068,00",,,
https://www.vapotime31.fr/,,Local,,15/02/2026,"46 068,00",,,
https://www.tourrentbike-62.com/,,Local,,15/02/2026,"46 068,00",,,
https://www.ulteammotos.fr/,,Local,,15/02/2026,"46 068,00",,,
https://www.ljl-toiture.fr/,,Local,,15/02/2026,"46 068,00",,,
https://www.yannmoto-services.fr/,,Local,,15/02/2026,"46 068,00",,,
https://www.lucasplomberie.fr/,,Local,,15/02/2026,"46 068,00",,,
https://www.pro-elite-nettoyage.fr/,,Local,,15/02/2026,"46 068,00",,,
https://www.laverie-ecully.com/,,Local,,15/02/2026,"46 068,00",,,
https://www.artisan-du-lys.fr/,,Local,,15/02/2026,"46 068,00",,,
https://www.helfrid-moise.fr/,,Local,,15/02/2026,"46 068,00",,,
https://www.seateck.fr/,,Local,,15/02/2026,"46 068,00",,,
https://www.bam-echafaudage.fr/,,Local,,15/02/2026,"46 068,00",,,
https://www.animauxserviceslorient.fr/,,Local,,15/02/2026,"46 068,00",,,
https://www.shunbun.fr/,,Local,,15/02/2026,"46 068,00",,,
https://www.promauto12.fr/,,Local,,15/02/2026,"46 068,00",,,
https://www.greenpower-enr.fr/,,Local,,15/02/2026,"46 068,00",,,
https://www.mdautomobiles60.fr/fr,,Local,,15/02/2026,"46 068,00",,,
https://www.laboiteapates-nantes.fr/,,Local,,15/02/2026,"46 068,00",,,
https://www.renovhabitat29.fr/,,Local,,15/02/2026,"46 068,00",,,
https://www.ggauto-collection.fr/,,Local,,15/02/2026,"46 068,00",,,
https://www.chats-norvegiens-savoie.fr/,,Local,,15/02/2026,"46 068,00",,,
https://www.seiya-informatique.fr/,,Local,,15/02/2026,"46 068,00",,,
https://www.trotticycle-elek.com/,,Local,,15/02/2026,"46 068,00",,,
https://www.autopro-06.fr/,,Local,,15/02/2026,"46 068,00",,,
https://www.moutou-ramonage.fr/,,Local,,15/02/2026,"46 068,00",,,
https://www.madabotika.fr/,,Local,,15/02/2026,"46 068,00",,,
https://www.odanatoulouse.fr/,,Local,,15/02/2026,"46 068,00",,,
https://www.laubergedulavoir.fr/,,Local,,15/02/2026,"46 068,00",,,
https://www.manoir-de-lemay.fr/atelier-formation-crepes,,Local,,15/02/2026,"46 068,00",,,
https://www.naturem-45.fr/,,Local,,15/02/2026,"46 068,00",,,
https://www.jabasublim.com/,,Local,,15/02/2026,"46 068,00",,,
https://www.aufaite01.fr/,,Local,,15/02/2026,"46 068,00",,,
https://www.nock-thai.fr/,,Local,,15/02/2026,"46 068,00",,,
https://www.transports-perpignan.fr/,,Local,,15/02/2026,"46 068,00",,,
https://www.ecolebuissonniere09.fr/,,Local,,15/02/2026,"46 068,00",,,
https://www.gites-moulinhaut.fr/,,Local,,15/02/2026,"46 068,00",,,
https://www.streetburger12.fr/,,Local,,15/02/2026,"46 068,00",,,
https://www.montre-l-heure.com/,,Local,,15/02/2026,"46 068,00",,,
https://www.pro-bati-day.fr/maconnerie-generale,,Local,,15/02/2026,"46 068,00",,,
https://www.macon-pro-renov.fr/,,Local,,15/02/2026,"46 068,00",,,
https://www.platrerie-du-gard.fr/,,Local,,15/02/2026,"46 068,00",,,
https://www.santamariamontestremu.fr/,,Local,,15/02/2026,"46 068,00",,,
https://www.fermedupetitbreuil.fr/fr,,Local,,15/02/2026,"46 068,00",,,
https://www.cbbmaconnerie.fr/,,Local,,15/02/2026,"46 068,00",,,
https://www.kmfplomberie.fr/,,Local,,15/02/2026,"46 068,00",,,
https://www.boucherie-sliti.fr/,,Local,,15/02/2026,"46 068,00",,,
https://www.lasafranieredelatrade.fr/,,Local,,15/02/2026,"46 068,00",,,
https://www.loasis-restaurant.fr/,,Local,,15/02/2026,"46 068,00",,,
https://www.auto-secours-82.fr/,,Local,,15/02/2026,"46 068,00",,,
https://www.lesfeesduballon.fr/,,Local,,15/02/2026,"46 068,00",,,
https://www.hybrio-energies.fr/,,Local,,15/02/2026,"46 068,00",,,
https://www.misterfenetres.fr/,,Local,,15/02/2026,"46 068,00",,,
https://www.les-piscines-de-charente.fr/,,Local,,15/02/2026,"46 068,00",,,
https://www.lair-restaurant.fr/,,Local,,15/02/2026,"46 068,00",,,
https://www.lt-trans-express.fr/,,Local,,15/02/2026,"46 068,00",,,
https://www.sarl-robin-michel.fr/,,Local,,15/02/2026,"46 068,00",,,
https://www.cloturesetjardinsdusud.fr/,,Local,,15/02/2026,"46 068,00",,,
https://www.maine-coon-franche-comte.fr/,,Local,,15/02/2026,"46 068,00",,,
https://www.cymexide.fr/,,Local,,15/02/2026,"46 068,00",,,
https://www.harisauto.fr/,,Local,,15/02/2026,"46 068,00",,,
https://www.ners57eurl.fr/,,Local,,15/02/2026,"46 068,00",,,
https://www.br-nuisibles.fr/,,Local,,15/02/2026,"46 068,00",,,
https://www.garage-vente-voiture-sorgues.fr/,,Local,,15/02/2026,"46 068,00",,,
https://www.rotisserie-guerandaise.fr/,,Local,,15/02/2026,"46 068,00",,,
https://www.hotel-restaurant-la-palmeraie.fr/,,Local,,15/02/2026,"46 068,00",,,
https://www.eleco-pe.fr/,,Local,,15/02/2026,"46 068,00",,,
https://www.lasador.fr/,,Local,,15/02/2026,"46 068,00",,,
https://www.lesvolaillesterredetoine.com/,,Local,,15/02/2026,"46 068,00",,,
https://www.lecomptoir-decharpey.fr/,,Local,,15/02/2026,"46 068,00",,,
https://www.rpm-vintage.fr/,,Local,,15/02/2026,"46 068,00",,,
https://www.chez-flavia-food-truck.fr/,,Local,,15/02/2026,"46 068,00",,,
https://www.creaconceptjardin.fr/,,Local,,15/02/2026,"46 068,00",,,
https://www.couvreur-pad-zinguerie.fr/,,Local,,15/02/2026,"46 068,00",,,
https://www.garage-beausejour-aubagne-13.fr/,,Local,,15/02/2026,"46 068,00",,,
https://www.ft-couverturerenovation.fr/,,Local,,15/02/2026,"46 068,00",,,
https://www.lespetitstravauxdejulien.fr/,,Local,,15/02/2026,"46 068,00",,,
https://www.chezprince.fr/,,Local,,15/02/2026,"46 068,00",,,
https://www.esteticar.fr/,,Local,,15/02/2026,"46 068,00",,,
https://www.lacroisierebercksurmer.fr/,,Local,,15/02/2026,"46 068,00",,,
https://www.krevert-paysagiste.fr/,,Local,,15/02/2026,"46 068,00",,,
https://www.moulin-de-la-bouteille.fr/,,Local,,15/02/2026,"46 068,00",,,
https://www.grange-cars.fr/,,Local,,15/02/2026,"46 068,00",,,
https://www.mansiovitae.fr/,,Local,,15/02/2026,"46 068,00",,,
https://www.lakazsony.fr/,,Local,,15/02/2026,"46 068,00",,,
https://www.delaptiotereine-chiens-de-france.co/,,Local,,15/02/2026,"46 068,00",,,
https://www.kenko-sushi.fr/,,Local,,15/02/2026,"46 068,00",,,
https://www.jurasmokehouse.fr/,,Local,,15/02/2026,"46 068,00",,,
https://www.mamenagement.fr/,,Local,,15/02/2026,"46 068,00",,,
https://www.laile-ou-la-cuisse.fr/,,Local,,15/02/2026,"46 068,00",,,
https://www.gsenergies.fr/,,Local,,15/02/2026,"46 068,00",,,
https://www.goutanous-lyon.com/,,Local,,15/02/2026,"46 068,00",,,
https://www.garagedelameute.fr/,,Local,,15/02/2026,"46 068,00",,,
https://www.ouesttravaux72.fr/,,Local,,15/02/2026,"46 068,00",,,
https://www.legasliez-restaurant.fr/,,Local,,15/02/2026,"46 068,00",,,
https://www.restaurantsonthuy.fr/,,Local,,15/02/2026,"46 068,00",,,
https://www.li-renov.fr/,,Local,,15/02/2026,"46 068,00",,,
https://www.carrosserie-alpine.fr/,,Local,,15/02/2026,"46 068,00",,,
https://www.garagedebiarritz.fr/,,Local,,15/02/2026,"46 068,00",,,
https://www.plomberiedumontblanc.fr/mes-services,,Local,,15/02/2026,"46 068,00",,,
https://www.art-de-table-champenois.fr/,,Local,,15/02/2026,"46 068,00",,,
https://www.sieges-tp-france.fr/,,Local,,15/02/2026,"46 068,00",,,
https://www.carreleurvitorleite.fr/,,Local,,15/02/2026,"46 068,00",,,
https://www.aldjscieriemobile.fr/scierie-a-domicile,,Local,,15/02/2026,"46 068,00",,,
https://www.couverture-chaume-lebohec.fr/,,Local,,15/02/2026,"46 068,00",,,
https://www.taxisgranvillais.fr/,,Local,,15/02/2026,"46 068,00",,,
https://www.carreleur-79.fr/,,Local,,15/02/2026,"46 068,00",,,
https://www.cantina-bastianaggi.fr/,,Local,,15/02/2026,"46 068,00",,,
https://www.rpneus85.fr/,,Local,,15/02/2026,"46 068,00",,,
https://www.restaurant-lou-luberon.fr/,,Local,,15/02/2026,"46 068,00",,,
https://www.barketpei.fr/,,Local,,15/02/2026,"46 068,00",,,
https://www.happiconciergerie.com/,,Local,,15/02/2026,"46 068,00",,,
https://www.tm-reno-33.fr/,,Local,,15/02/2026,"46 068,00",,,
https://www.la-riviera-amiens.fr/,,Local,,15/02/2026,"46 068,00",,,
https://www.le-petit-comptoir.fr/,,Local,,15/02/2026,"46 068,00",,,
https://www.vlb03.fr/,,Local,,15/02/2026,"46 068,00",,,
https://www.lsbtp.fr/,,Local,,15/02/2026,"46 068,00",,,
https://www.monptitcaillou.fr/,,Local,,15/02/2026,"46 068,00",,,
https://www.net-tp74.fr/,,Local,,15/02/2026,"46 068,00",,,
https://www.casabtp-corse.fr/,,Local,,15/02/2026,"46 068,00",,,
https://www.bolviet.fr/,,Local,,15/02/2026,"46 068,00",,,
https://www.alloludo.fr/,,Local,,15/02/2026,"46 068,00",,,
https://www.autooran.fr/,,Local,,15/02/2026,"46 068,00",,,
https://www.colorelo.fr/,,Local,,15/02/2026,"46 068,00",,,
https://www.apicempaysage.fr/,,Local,,15/02/2026,"46 068,00",,,
https://www.lbdpanne.fr/,,Local,,15/02/2026,"46 068,00",,,
https://www.angus-bio.fr/,,Local,,15/02/2026,"46 068,00",,,
https://www.lapommeraie76.fr/,,Local,,15/02/2026,"46 068,00",,,
https://www.jardindeco33.fr/,,Local,,15/02/2026,"46 068,00",,,
https://www.ceramicart79.fr/,,Local,,15/02/2026,"46 068,00",,,
https://www.amerendella-portovecchio.fr/,,Local,,15/02/2026,"46 068,00",,,
https://www.ambdesign.fr/,,Local,,15/02/2026,"46 068,00",,,
https://www.cherif-avocat-lyon.fr/,,Local,,15/02/2026,"46 068,00",,,
https://www.lorientalexpressfastfood.fr/,,Local,,15/02/2026,"46 068,00",,,
https://www.babylonepaysage.fr/,,Local,,15/02/2026,"46 068,00",,,
https://www.bloomy-concept.fr/,,Local,,15/02/2026,"46 068,00",,,
https://www.nutri-croquettes.fr/,,Local,,15/02/2026,"46 068,00",,,
https://www.fabdetailing-et-cuir.fr/,,Local,,15/02/2026,"46 068,00",,,
https://www.normandievtc-caen.fr/,,Local,,15/02/2026,"46 068,00",,,
https://www.a-lapproche-de-la-mer.fr/,,Local,,15/02/2026,"46 068,00",,,
https://www.lescale-57.fr/,,Local,,15/02/2026,"46 068,00",,,
https://www.lebistrotdemirabeau.fr/,,Local,,15/02/2026,"46 068,00",,,
https://www.stylbydel.fr/,,Local,,15/02/2026,"46 068,00",,,
https://www.labarkettetruck.fr/,,Local,,15/02/2026,"46 068,00",,,
https://www.clean-place.fr/,,Local,,15/02/2026,"46 068,00",,,
https://www.cedric-tolleron.fr/,,Local,,15/02/2026,"46 068,00",,,
https://www.electricien-eged27.fr/,,Local,,15/02/2026,"46 068,00",,,
https://www.a2-metal.fr/,,Local,,15/02/2026,"46 068,00",,,
https://www.de-novais-construction-piscine.fr/,,Local,,15/02/2026,"46 068,00",,,
https://www.bati-technique-services17.fr/,,Local,,15/02/2026,"46 068,00",,,
https://www.mtplanetcotations.fr/,,Local,,15/02/2026,"46 068,00",,,
https://www.sarl-frederic-bernet.fr/,,Local,,15/02/2026,"46 068,00",,,
https://www.droitaupermis-84.fr/,,Local,,15/02/2026,"46 068,00",,,
https://www.mamorestaurant.fr/,,Local,,15/02/2026,"46 068,00",,,
https://www.complexclub.fr/,,Local,,15/02/2026,"46 068,00",,,
https://www.alxtermin-nuisibles.fr/,,Local,,15/02/2026,"46 068,00",,,
https://www.la-toscane.fr/,,Local,,15/02/2026,"46 068,00",,,
https://www.oce-toitures.fr/,,Local,,15/02/2026,"46 068,00",,,
https://www.prorenovhabitat-limousin.fr/,,Local,,15/02/2026,"46 068,00",,,
https://www.artdelporte-toiture-13.fr/,,Local,,15/02/2026,"46 068,00",,,
https://www.mabeaute-cagnes.fr/,,Local,,15/02/2026,"46 068,00",,,
https://www.astrabodylyon.fr/,,Local,,15/02/2026,"46 068,00",,,
https://www.ecoledeconduitecortenaise.fr/,,Local,,15/02/2026,"46 068,00",,,
https://www.scootandyou83.fr/,,Local,,15/02/2026,"46 068,00",,,
https://www.sarl-benazet.fr/,,Local,,15/02/2026,"46 068,00",,,
https://www.courreges-charpente-couverture.fr/qui-sommes-nous,,Local,,15/02/2026,"46 068,00",,,
https://www.taxinico.fr/,,Local,,15/02/2026,"46 068,00",,,
https://www.st-plomberie-depannage.fr/,,Local,,15/02/2026,"46 068,00",,,
https://www.rfindustrie.fr/,,Local,,15/02/2026,"46 068,00",,,
https://www.scmaconnerie21.fr/,,Local,,15/02/2026,"46 068,00",,,
https://www.barnabeaucouverture.fr/,,Local,,15/02/2026,"46 068,00",,,
https://www.coachloveaccompagnementsamantha.fr/,,Local,,15/02/2026,"46 068,00",,,
https://www.czi-couverture.fr/,,Local,,15/02/2026,"46 068,00",,,
https://www.upasturellu.fr/,,Local,,15/02/2026,"46 068,00",,,
https://www.sn-services.fr/,,Local,,15/02/2026,"46 068,00",,,
https://www.dfcarrelage.fr/,,Local,,15/02/2026,"46 068,00",,,
https://www.maia-clim.fr/,,Local,,15/02/2026,"46 068,00",,,
https://www.mbpiecesauto.fr/,,Local,,15/02/2026,"46 068,00",,,
https://www.mb-solution-nuisible.fr/,,Local,,15/02/2026,"46 068,00",,,
https://www.anquez-energie.fr/,,Local,,15/02/2026,"46 068,00",,,
https://www.missbarber.fr/,,Local,,15/02/2026,"46 068,00",,,
https://www.martin-couvreur71.fr/,,Local,,15/02/2026,"46 068,00",,,
https://www.mathieu-et-fils.fr/,,Local,,15/02/2026,"46 068,00",,,
https://www.domainedelaville17.fr/,,Local,,15/02/2026,"46 068,00",,,
https://www.decoetpassion79.fr/,,Local,,15/02/2026,"46 068,00",,,
https://www.maximepaysagiste.fr/,,Local,,15/02/2026,"46 068,00",,,
https://www.mas-presta.fr/,,Local,,15/02/2026,"46 068,00",,,
https://www.snack-poulet-braise.fr/,,Local,,15/02/2026,"46 068,00",,,
https://www.rauscher-tdpm.com/,,Local,,15/02/2026,"46 068,00",,,
https://www.mb-elagage.fr/,,Local,,15/02/2026,"46 068,00",,,
https://www.moorganev-photographe.fr/,,Local,,15/02/2026,"46 068,00",,,
https://www.proprete-panneaux-solaires-alsace.fr/,,Local,,15/02/2026,"46 068,00",,,
https://www.corpem.fr/,,Local,,15/02/2026,"46 068,00",,,
https://www.montdor-elec.fr/,,Local,,15/02/2026,"46 068,00",,,
https://www.lamaisondessciences.fr/,,Local,,15/02/2026,"46 068,00",,,
https://www.pizzerialafabrik.fr/,,Local,,15/02/2026,"46 068,00",,,
https://www.pulp-factory.fr/,,Local,,15/02/2026,"46 068,00",,,
https://www.hydrovap.fr/,,Local,,15/02/2026,"46 068,00",,,
https://www.auberge-les-olivades.com/,,Local,,15/02/2026,"46 068,00",,,
https://www.ecoledetraineaux.com/,,Local,,15/02/2026,"46 068,00",,,
https://www.mp-debouchage-express.fr/,,Local,,15/02/2026,"46 068,00",,,
https://www.jprive-ebeniste-agenceur.fr/,,Local,,15/02/2026,"46 068,00",,,
https://www.korobate-construction.fr/,,Local,,15/02/2026,"46 068,00",,,
https://www.laperlesecrete.com/,,Local,,15/02/2026,"46 068,00",,,
https://www.valladon-elec.fr/,,Local,,15/02/2026,"46 068,00",,,
https://www.hcconciergerie.fr/,,Local,,15/02/2026,"46 068,00",,,
https://www.taxi-du-rhone.com/trajets-aeroport-gare,,Local,,15/02/2026,"46 068,00",,,
https://www.restaurant-carcasse.fr/,,Local,,15/02/2026,"46 068,00",,,
https://www.restaurantprao.fr/,,Local,,15/02/2026,"46 068,00",,,
https://www.eliaplans.fr/tarifs-pour-particuliers/,,Local,,15/02/2026,"46 068,00",,,
https://www.alp-savoyard.fr/,,Local,,15/02/2026,"46 068,00",,,
https://www.nuitinsolitemillau.fr/,,Local,,15/02/2026,"46 068,00",,,
https://www.charly-location-peyragudes.fr/,,Local,,15/02/2026,"46 068,00",,,
https://www.cefiges.fr/,,Local,,15/02/2026,"46 068,00",,,
https://www.les-ecuries-de-loso.fr/,,Local,,15/02/2026,"46 068,00",,,
https://www.alpes-aluminium.fr/,,Local,,15/02/2026,"46 068,00",,,
https://www.mamoone.fr/menage-a-domicile,,Local,,15/02/2026,"46 068,00",,,
https://www.la-sainthilarienne.fr/,,Local,,15/02/2026,"46 068,00",,,
https://www.entreprise-toupin.fr/,,Local,,15/02/2026,"46 068,00",,,
https://www.cafedelaposte-robion.fr/,,Local,,15/02/2026,"46 068,00",,,
https://www.duttoandco.com/,,Local,,15/02/2026,"46 068,00",,,
https://www.lagueuleduloup17.fr/,,Local,,15/02/2026,"46 068,00",,,
https://www.mnet-services.fr/,,Local,,15/02/2026,"46 068,00",,,
https://www.lamouralaplage-noirmoutier.fr/,,Local,,15/02/2026,"46 068,00",,,
https://www.domaine-de-treignac.fr/,,Local,,15/02/2026,"46 068,00",,,
https://www.lejoly-carrossier.fr/,,Local,,15/02/2026,"46 068,00",,,
https://www.vassal-loc.fr/,,Local,,15/02/2026,"46 068,00",,,
https://www.sonzatp.fr/combien-coute-une-vidange-de-fosse-septique,,Local,,15/02/2026,"46 068,00",,,
https://www.sowatt-enr.com/,,Local,,15/02/2026,"46 068,00",,,
https://www.le-corner-lyon.com/,,Local,,15/02/2026,"46 068,00",,,
https://www.villavanavana.fr/,,Local,,15/02/2026,"46 068,00",,,
https://www.lopez-florian.fr/,,Local,,15/02/2026,"46 068,00",,,
https://www.sas-lauziard.fr/,,Local,,15/02/2026,"46 068,00",,,
https://www.mavillaauborddeleau.com/,,Local,,15/02/2026,"46 068,00",,,
https://www.sbg-energies.fr/,,Local,,15/02/2026,"46 068,00",,,
https://www.herboristerie-st-paul.fr/,,Local,,15/02/2026,"46 068,00",,,
https://www.remorquesh.fr/,,Local,,15/02/2026,"46 068,00",,,
https://www.pccp31.com/,,Local,,15/02/2026,"46 068,00",,,
https://www.lunapark-argeles.fr/,,Local,,15/02/2026,"46 068,00",,,
https://www.rachatcashdecamping-car.fr/,,Local,,15/02/2026,"46 068,00",,,
https://www.wcarrelage-pascal-s.fr/,,Local,,15/02/2026,"46 068,00",,,
https://www.lapetitefermedethoury.fr/,,Local,,15/02/2026,"46 068,00",,,
https://www.batiexpertise-34.fr/,,Local,,15/02/2026,"46 068,00",,,
https://www.savbatiprof.fr/,,Local,,15/02/2026,"46 068,00",,,
https://www.massitraiteur.fr/,,Local,,15/02/2026,"46 068,00",,,
https://www.paysagiste-corse.fr/,,Local,,15/02/2026,"46 068,00",,,
https://www.lassiette-kreyol.fr/,,Local,,15/02/2026,"46 068,00",,,
https://www.jlbmenuiserie35.fr/,,Local,,15/02/2026,"46 068,00",,,
https://www.eaudiag-assainissement.com/,,Local,,15/02/2026,"46 068,00",,,
https://www.jessica-md-maquilleuse.fr/,,Local,,15/02/2026,"46 068,00",,,
https://www.renov-sablaise.fr/,,Local,,15/02/2026,"46 068,00",,,
https://www.generation-peinture-ajaccio.fr/,,Local,,15/02/2026,"46 068,00",,,
https://www.maconnerie-balla.fr/,,Local,,15/02/2026,"46 068,00",,,
https://www.lepatiodeluchon.com/,,Local,,15/02/2026,"46 068,00",,,
https://www.emanrenov.fr/,,Local,,15/02/2026,"46 068,00",,,
https://www.dupont-energie.fr/,,Local,,15/02/2026,"46 068,00",,,
https://www.lessakura.fr/,,Local,,15/02/2026,"46 068,00",,,
https://www.bati-jh-35.fr/,,Local,,15/02/2026,"46 068,00",,,
https://www.ducastel-traiteur.fr/,,Local,,15/02/2026,"46 068,00",,,
https://www.la-cave-praloup.fr/,,Local,,15/02/2026,"46 068,00",,,
https://www.restaurant-juste-chez-moi.fr/,,Local,,15/02/2026,"46 068,00",,,
https://www.proenergie86.fr/,,Local,,15/02/2026,"46 068,00",,,
https://www.impechome.com/,,Local,,15/02/2026,"46 068,00",,,
https://www.renovi-nancy.fr/,,Local,,15/02/2026,"46 068,00",,,
https://www.eg-couverture57.fr/,,Local,,15/02/2026,"46 068,00",,,
https://www.fcconception06.fr/,,Local,,15/02/2026,"46 068,00",,,
https://www.chat-dec-wouaf.fr/,,Local,,15/02/2026,"46 068,00",,,
https://www.ckarrelage.fr/,,Local,,15/02/2026,"46 068,00",,,
https://www.carre-des-artisans.fr/,,Local,,15/02/2026,"46 068,00",,,
https://www.mga-menuiserie35.fr/,,Local,,15/02/2026,"46 068,00",,,
https://www.corsicanin.fr/,,Local,,15/02/2026,"46 068,00",,,
https://www.la-copeauterie.fr/,,Local,,15/02/2026,"46 068,00",,,
https://www.sd-carrelage.com/,,Local,,15/02/2026,"46 068,00",,,
https://www.alarme-corse.fr/,,Local,,15/02/2026,"46 068,00",,,
https://www.la-cuisine-de-manon.fr/,,Local,,15/02/2026,"46 068,00",,,
https://www.giamporcaroplomberie.fr/,,Local,,15/02/2026,"46 068,00",,,
https://www.mc-batiment-toulouse.fr/,,Local,,15/02/2026,"46 068,00",,,
https://www.journaux.directory/annuaires-telephoniques.htm,,Local,,15/02/2026,"46 068,00",,,
https://www.korebeau-photographe.fr/,,Local,,15/02/2026,"46 068,00",,,
https://www.109energie-59.fr/,,Local,,15/02/2026,"46 068,00",,,
https://www.ab-renov.fr/,,Local,,15/02/2026,"46 068,00",,,
https://www.bdg-plomberie.fr/,,Local,,15/02/2026,"46 068,00",,,
https://www.rdsc-12.fr/,,Local,,15/02/2026,"46 068,00",,,
https://www.carreleur-kalliste-carrelage.fr/,,Local,,15/02/2026,"46 068,00",,,
https://www.bati-plomberie39.fr/,,Local,,15/02/2026,"46 068,00",,,
https://www.plomberie-henry.fr/,,Local,,15/02/2026,"46 068,00",,,
https://www.mpm-concept-filmsolaire.fr/,,Local,,15/02/2026,"46 068,00",,,
https://www.arp-sarl.fr/,,Local,,15/02/2026,"46 068,00",,,
https://www.sprenovinterieur-aude.fr/,,Local,,15/02/2026,"46 068,00",,,
https://www.motors-culture.fr/,,Local,,15/02/2026,"46 068,00",,,
https://www.ri-renovation.fr/,,Local,,15/02/2026,"46 068,00",,,
https://www.altitude-store.fr/,,Local,,15/02/2026,"46 068,00",,,
https://www.asineriedupolje.fr/,,Local,,15/02/2026,"46 068,00",,,
https://www.renov-limoges.fr/,,Local,,15/02/2026,"46 068,00",,,
https://www.mpe-bat-28.fr/,,Local,,15/02/2026,"46 068,00",,,
https://www.elevage-de-la-haute-chaloupiere.fr/,,Local,,15/02/2026,"46 068,00",,,
https://www.lechartier-services-autos.fr/surteintage,,Local,,15/02/2026,"46 068,00",,,
https://www.bhrenovation.fr/,,Local,,15/02/2026,"46 068,00",,,
https://www.camping-la-graveline.fr/,,Local,,15/02/2026,"46 068,00",,,
https://www.batim-aude.fr/,,Local,,15/02/2026,"46 068,00",,,
https://www.travauximmo22.fr/,,Local,,15/02/2026,"46 068,00",,,
https://www.luminaires-royan.fr/,,Local,,15/02/2026,"46 068,00",,,
https://www.gites-chevalnoir.fr/,,Local,,15/02/2026,"46 068,00",,,
https://www.jdn-fermetures.fr/,,Local,,15/02/2026,"46 068,00",,,
https://www.atelier-hoali-kelou.fr/,,Local,,15/02/2026,"46 068,00",,,
https://www.mcfreno.fr/,,Local,,15/02/2026,"46 068,00",,,
https://www.er-moto.fr/,,Local,,15/02/2026,"46 068,00",,,
https://www.planetclim2a.fr/,,Local,,15/02/2026,"46 068,00",,,
https://www.mbrenovation81.fr/,,Local,,15/02/2026,"46 068,00",,,
https://www.elsass-solar.fr/,,Local,,15/02/2026,"46 068,00",,,
https://www.les-menuiseries-du-sud-ouest.fr/,,Local,,15/02/2026,"46 068,00",,,
https://www.stationkaameleon.fr/,,Local,,15/02/2026,"46 068,00",,,
https://www.lpnplaquiste.fr/,,Local,,15/02/2026,"46 068,00",,,
https://www.joaodasilva-maitredoeuvre.fr/,,Local,,15/02/2026,"46 068,00",,,
https://www.perreauentreprise.fr/,,Local,,15/02/2026,"46 068,00",,,
https://www.aub-couverture-ar.fr/,,Local,,15/02/2026,"46 068,00",,,
https://www.reno-neuf.fr/,,Local,,15/02/2026,"46 068,00",,,
https://www.elec-technologies.com/,,Local,,15/02/2026,"46 068,00",,,
https://www.ulocubyfuntanona.fr/,,Local,,15/02/2026,"46 068,00",,,
https://www.lov-home.fr/,,Local,,15/02/2026,"46 068,00",,,
https://www.meusedep.fr/,,Local,,15/02/2026,"46 068,00",,,
https://www.gites-la-catalane.com/,,Local,,15/02/2026,"46 068,00",,,
https://www.mgmaconnerie-66.fr/,,Local,,15/02/2026,"46 068,00",,,
https://www.elevage-amour-berger-australien.fr/,,Local,,15/02/2026,"46 068,00",,,
https://www.les-serres-de-riviere.fr/,,Local,,15/02/2026,"46 068,00",,,
https://www.scealafermedesgranges.fr/,,Local,,15/02/2026,"46 068,00",,,
https://www.restaurant-aufildutemps.fr/,,Local,,15/02/2026,"46 068,00",,,
https://www.elite-glass.fr/,,Local,,15/02/2026,"46 068,00",,,
https://www.toiture65.fr/,,Local,,15/02/2026,"46 068,00",,,
https://www.ecohabitation-rge.fr/,,Local,,15/02/2026,"46 068,00",,,
https://www.var-nuisible.fr/,,Local,,15/02/2026,"46 068,00",,,
https://www.bergeraustralien-peirocountaou.fr/,,Local,,15/02/2026,"46 068,00",,,
https://www.ent-hoffmann.fr/,,Local,,15/02/2026,"46 068,00",,,
https://www.nl2c53.fr/,,Local,,15/02/2026,"46 068,00",,,
https://www.lmelec-corse.fr/,,Local,,15/02/2026,"46 068,00",,,
https://www.sarlnouvelair.fr/,,Local,,15/02/2026,"46 068,00",,,
https://www.groupeterspective.fr/,,Local,,15/02/2026,"46 068,00",,,
https://www.fischer-fluides.fr/contact,,Local,,15/02/2026,"46 068,00",,,
https://www.biarritz-saintcharles-peintures.fr/,,Local,,15/02/2026,"46 068,00",,,
https://www.sipisolation.fr/,,Local,,15/02/2026,"46 068,00",,,
https://www.jcm12260.fr/,,Local,,15/02/2026,"46 068,00",,,
https://www.vp-piscine.fr/,,Local,,15/02/2026,"46 068,00",,,
https://www.aspi-83.fr/,,Local,,15/02/2026,"46 068,00",,,
https://www.chambres-d-hotes-la-boulonnaise.fr/,,Local,,15/02/2026,"46 068,00",,,
https://www.domainedepietrella.fr/,,Local,,15/02/2026,"46 068,00",,,
https://www.le-jardin-de-josnes.com/,,Local,,15/02/2026,"46 068,00",,,
https://www.maptiteboutique.com/,,Local,,15/02/2026,"46 068,00",,,
https://www.plomberieduforez-loire.fr/,,Local,,15/02/2026,"46 068,00",,,
https://www.larc-elec-charente.fr/,,Local,,15/02/2026,"46 068,00",,,
https://www.plomberie-bruneau-49.fr/,,Local,,15/02/2026,"46 068,00",,,
https://www.lejardindumarche.fr/,,Local,,15/02/2026,"46 068,00",,,
https://www.loctudy-taxis.fr/,,Local,,15/02/2026,"46 068,00",,,
https://www.al-terrassement.fr/,,Local,,15/02/2026,"46 068,00",,,
https://www.lacantineaburgers-and-co.fr/,,Local,,15/02/2026,"46 068,00",,,
https://www.moussa-services.fr/,,Local,,15/02/2026,"46 068,00",,,
https://www.groupe-mpm-construction.fr/,,Local,,15/02/2026,"46 068,00",,,
https://www.quercus-paysage.fr/,,Local,,15/02/2026,"46 068,00",,,
https://www.laboutiqueregeco.fr/,,Local,,15/02/2026,"46 068,00",,,
https://www.aorenovation.fr/,,Local,,15/02/2026,"46 068,00",,,
https://www.ponsotmultiservices.fr/,,Local,,15/02/2026,"46 068,00",,,
https://www.clb-maconnerie.fr/,,Local,,15/02/2026,"46 068,00",,,
https://www.ati-toit.fr/,,Local,,15/02/2026,"46 068,00",,,
https://www.rck-terrassement.fr/,,Local,,15/02/2026,"46 068,00",,,
https://www.domum-protect.fr/,,Local,,15/02/2026,"46 068,00",,,
https://www.renovpeinture31.fr/,,Local,,15/02/2026,"46 068,00",,,
https://www.pellemultiservices-57.fr/,,Local,,15/02/2026,"46 068,00",,,
https://www.entreprise-david-amenagements.fr/,,Local,,15/02/2026,"46 068,00",,,
https://www.lefenetrierc2p.fr/,,Local,,15/02/2026,"46 068,00",,,
https://www.chaveybruno-ebenisterie-franchecomte.fr/,,Local,,15/02/2026,"46 068,00",,,
https://www.construction-alsace68.fr/,,Local,,15/02/2026,"46 068,00",,,
https://www.toiture-catalane.fr/,,Local,,15/02/2026,"46 068,00",,,
https://www.atelier-villette-patisserie.fr/,,Local,,15/02/2026,"46 068,00",,,
https://www.labonne-pause.fr/,,Local,,15/02/2026,"46 068,00",,,
https://www.canet-couverture.fr/,,Local,,15/02/2026,"46 068,00",,,
https://www.fabien-mabboux-charpente.fr/,,Local,,15/02/2026,"46 068,00",,,
https://www.jl21-renovationcotedor.fr/,,Local,,15/02/2026,"46 068,00",,,
https://www.nuits-du-sud.fr/,,Local,,15/02/2026,"46 068,00",,,
https://www.cp-menuiserie28.fr/,,Local,,15/02/2026,"46 068,00",,,
https://www.electricite-du-clermontois.fr/,,Local,,15/02/2026,"46 068,00",,,
https://www.moulin-du-maublanc.fr/,,Local,,15/02/2026,"46 068,00",,,
https://www.jl-service.fr/,,Local,,15/02/2026,"46 068,00",,,
https://www.ms-clim66.fr/,,Local,,15/02/2026,"46 068,00",,,
https://www.lebouchonaveyronnais.fr/,,Local,,15/02/2026,"46 068,00",,,
https://www.bons-tuyaux-bordelais.fr/,,Local,,15/02/2026,"46 068,00",,,
https://www.ecotech85.fr/,,Local,,15/02/2026,"46 068,00",,,
https://www.grinantoiture.fr/,,Local,,15/02/2026,"46 068,00",,,
https://www.jm-maconnerie.fr/,,Local,,15/02/2026,"46 068,00",,,
https://www.latelierdejose.fr/,,Local,,15/02/2026,"46 068,00",,,
https://www.cuisines-design-lyon.fr/,,Local,,15/02/2026,"46 068,00",,,
https://www.matepi.fr/,,Local,,15/02/2026,"46 068,00",,,
https://www.fptm.fr/,,Local,,15/02/2026,"46 068,00",,,
https://www.lodv.fr/lodv,,Local,,15/02/2026,"46 068,00",,,
https://www.jmcreation31.fr/,,Local,,15/02/2026,"46 068,00",,,
https://www.leregardvert.fr/,,Local,,15/02/2026,"46 068,00",,,
https://www.ams06-serrurerie.fr/,,Local,,15/02/2026,"46 068,00",,,
https://www.mattguepes.fr/,,Local,,15/02/2026,"46 068,00",,,
https://www.tabac-krutenau.fr/,,Local,,15/02/2026,"46 068,00",,,
https://www.multi-service-bat.fr/,,Local,,15/02/2026,"46 068,00",,,
https://www.lmnuisibles.fr/,,Local,,15/02/2026,"46 068,00",,,
https://www.bamboo-thai.fr/,,Local,,15/02/2026,"46 068,00",,,
https://www.smcr-ajaccio.fr/,,Local,,15/02/2026,"46 068,00",,,
https://www.wokoo.fr/,,Local,,15/02/2026,"46 068,00",,,
https://www.mpcm-habitat.fr/,,Local,,15/02/2026,"46 068,00",,,
https://www.jourdainconseilhabitat.com/,,Local,,15/02/2026,"46 068,00",,,
https://www.bkconcept.fr/,,Local,,15/02/2026,"46 068,00",,,
https://www.bccr-maconnerie-generale.fr/,,Local,,15/02/2026,"46 068,00",,,
https://www.menuiserie-mnc.fr/,,Local,,15/02/2026,"46 068,00",,,
https://www.lapetitepeintredu24.fr/,,Local,,15/02/2026,"46 068,00",,,
https://www.eteajaccio.fr/,,Local,,15/02/2026,"46 068,00",,,
https://www.lebivouac-ajaccio.fr/,,Local,,15/02/2026,"46 068,00",,,
https://www.kebe-soudure.fr/,,Local,,15/02/2026,"46 068,00",,,
https://www.pisciniste-sud-ouest.fr/,,Local,,15/02/2026,"46 068,00",,,
https://www.tonyrepare.fr/,,Local,,15/02/2026,"46 068,00",,,
https://www.lartisanmacon.fr/,,Local,,15/02/2026,"46 068,00",,,
https://www.chambre-dhotes-oradour-sur-glane.fr/,,Local,,15/02/2026,"46 068,00",,,
https://www.couverture-moreau.fr/contact,,Local,,15/02/2026,"46 068,00",,,
https://www.batica-france.fr/,,Local,,15/02/2026,"46 068,00",,,
https://www.creatypic.com/,,Local,,15/02/2026,"46 068,00",,,
https://www.restaurant-le-grain-de-sel.fr/,,Local,,15/02/2026,"46 068,00",,,
https://www.masbatiment.fr/,,Local,,15/02/2026,"46 068,00",,,
https://www.romsssevents.fr/,,Local,,15/02/2026,"46 068,00",,,
https://www.cgagencement22.fr/,,Local,,15/02/2026,"46 068,00",,,
https://www.cornouaillemenuiserie.fr/,,Local,,15/02/2026,"46 068,00",,,
https://www.a-construction-charpente.fr/,,Local,,15/02/2026,"46 068,00",,,
https://www.proetancheite29.fr/,,Local,,15/02/2026,"46 068,00",,,
https://www.ab-peinture-30.fr/,,Local,,15/02/2026,"46 068,00",,,
https://www.eg-renove.fr/,,Local,,15/02/2026,"46 068,00",,,
https://www.avds-renov-62.fr/,,Local,,15/02/2026,"46 068,00",,,
https://www.toiture-provence.fr/,,Local,,15/02/2026,"46 068,00",,,
https://www.lartdubatiment.fr/,,Local,,15/02/2026,"46 068,00",,,
https://www.keepauto-34.fr/,,Local,,15/02/2026,"46 068,00",,,
https://www.13energie.com/,,Local,,15/02/2026,"46 068,00",,,
https://www.fabre-paysage.fr/,,Local,,15/02/2026,"46 068,00",,,
https://www.jspropose.fr/,,Local,,15/02/2026,"46 068,00",,,
https://www.trb-renovation.fr/,,Local,,15/02/2026,"46 068,00",,,
https://www.gsp-brest.fr/,,Local,,15/02/2026,"46 068,00",,,
https://www.hunterdogacademy.fr/,,Local,,15/02/2026,"46 068,00",,,
https://www.menuiserie-fontaine-03.fr/,,Local,,15/02/2026,"46 068,00",,,
https://www.maconnerieberonaise.fr/,,Local,,15/02/2026,"46 068,00",,,
https://www.toutenboisrevel.fr/,,Local,,15/02/2026,"46 068,00",,,
https://www.centre-equestre-ajaccio.fr/,,Local,,15/02/2026,"46 068,00",,,
https://www.elytepeinture.fr/,,Local,,15/02/2026,"46 068,00",,,
https://www.mh-habitat68.com/,,Local,,15/02/2026,"46 068,00",,,
https://www.auto-performance83.fr/,,Local,,15/02/2026,"46 068,00",,,
https://www.carrosserie-gardanne-avon.fr/,,Local,,15/02/2026,"46 068,00",,,
https://www.bouvier-peinture-73.fr/,,Local,,15/02/2026,"46 068,00",,,
https://www.le-petit-couvreur.fr/,,Local,,15/02/2026,"46 068,00",,,
https://www.restaurantlavilla.fr/,,Local,,15/02/2026,"46 068,00",,,
https://www.leselectrici-ain.fr/,,Local,,15/02/2026,"46 068,00",,,
https://www.dmr-renovation.fr/,,Local,,15/02/2026,"46 068,00",,,
https://www.europlac-bastia-20.fr/,,Local,,15/02/2026,"46 068,00",,,
https://www.maconnerie-70.fr/,,Local,,15/02/2026,"46 068,00",,,
https://www.couleurs-nuances.fr/,,Local,,15/02/2026,"46 068,00",,,
https://www.drivecar54.fr/,,Local,,15/02/2026,"46 068,00",,,
https://www.moga-marseille.fr/,,Local,,15/02/2026,"46 068,00",,,
https://www.librairie-cafe-lesbienheureux.fr/,,Local,,15/02/2026,"46 068,00",,,
https://www.meca2roo13.fr/,,Local,,15/02/2026,"46 068,00",,,
https://www.florianeprietohairstylist.fr/,,Local,,15/02/2026,"46 068,00",,,
https://www.missbeautybyines-06.fr/,,Local,,15/02/2026,"46 068,00",,,
https://www.renov-mobilhome.fr/,,Local,,15/02/2026,"46 068,00",,,
https://www.energienouvelleoccitane.fr/,,Local,,15/02/2026,"46 068,00",,,
https://www.steelatelier.fr/,,Local,,15/02/2026,"46 068,00",,,
https://www.lepetitcouvreur56.fr/,,Local,,15/02/2026,"46 068,00",,,
https://www.lateliertraiteur16.fr/,,Local,,15/02/2026,"46 068,00",,,
https://www.conciergerie-avignonprestations.fr/,,Local,,15/02/2026,"46 068,00",,,
https://www.ent-legoff-paysagiste.fr/,,Local,,15/02/2026,"46 068,00",,,
https://www.restaurant-le-central.fr/,,Local,,15/02/2026,"46 068,00",,,
https://www.laclefsurlaporte.fr/,,Local,,15/02/2026,"46 068,00",,,
https://www.photo-retro.fr/,,Local,,15/02/2026,"46 068,00",,,
https://www.escapegameadomicile.com/,,Local,,15/02/2026,"46 068,00",,,
https://www.autoparc95.fr/,,Local,,15/02/2026,"46 068,00",,,
https://www.star-chariots-services.fr/,,Local,,15/02/2026,"46 068,00",,,
https://www.generale-des-jardins.fr/,,Local,,15/02/2026,"46 068,00",,,
https://www.atelier-copeauxnd-co.fr/,,Local,,15/02/2026,"46 068,00",,,
https://www.les3c-construction.fr/,,Local,,15/02/2026,"46 068,00",,,
https://www.elevage-mouche.com/,,Local,,15/02/2026,"46 068,00",,,
https://www.renovation-toiture-34.fr/,,Local,,15/02/2026,"46 068,00",,,
https://www.rpauto.fr/,,Local,,15/02/2026,"46 068,00",,,
https://www.am-conception-bois86.fr/,,Local,,15/02/2026,"46 068,00",,,
https://www.vert-elegage-eurl.fr/,,Local,,15/02/2026,"46 068,00",,,
https://www.morry-cloison-isolation.fr/,,Local,,15/02/2026,"46 068,00",,,
https://www.miamstacos.fr/,,Local,,15/02/2026,"46 068,00",,,
https://www.rangueco-peinture.fr/,,Local,,15/02/2026,"46 068,00",,,
https://www.dw-couvreur.fr/,,Local,,15/02/2026,"46 068,00",,,
https://www.lemondeexotique.fr/,,Local,,15/02/2026,"46 068,00",,,
https://www.plomberie-et-compagnie.fr/,,Local,,15/02/2026,"46 068,00",,,
https://www.chaferartisanmacon.fr/,,Local,,15/02/2026,"46 068,00",,,
https://www.menuiserie-decottignies.fr/,,Local,,15/02/2026,"46 068,00",,,
https://www.bartolo-terrassement.fr/,,Local,,15/02/2026,"46 068,00",,,
https://www.latelierdubassin.fr/,,Local,,15/02/2026,"46 068,00",,,
https://www.erik-thann.fr/,,Local,,15/02/2026,"46 068,00",,,
https://www.ck-maconnerie.fr/,,Local,,15/02/2026,"46 068,00",,,
https://www.labonnemaison3.fr/,,Local,,15/02/2026,"46 068,00",,,
https://www.revesdailleursvoyages.fr/,,Local,,15/02/2026,"46 068,00",,,
https://www.clermont-depannage.fr/,,Local,,15/02/2026,"46 068,00",,,
https://www.alloleplombier.fr/,,Local,,15/02/2026,"46 068,00",,,
https://www.asintinella-corse.fr/,,Local,,15/02/2026,"46 068,00",,,
https://www.carrosserie-dfl.fr/,,Local,,15/02/2026,"46 068,00",,,
https://www.restaurantpinarello.fr/,,Local,,15/02/2026,"46 068,00",,,
https://www.store-and-co.fr/,,Local,,15/02/2026,"46 068,00",,,
https://www.allo-auto-depannage.fr/,,Local,,15/02/2026,"46 068,00",,,
https://www.m-toiture.fr/,,Local,,15/02/2026,"46 068,00",,,
https://www.pumpkinauto.fr/,,Local,,15/02/2026,"46 068,00",,,
https://www.btp-ajaccio.fr/,,Local,,15/02/2026,"46 068,00",,,
https://www.hervedelaveauconseil.fr/,,Local,,15/02/2026,"46 068,00",,,
https://www.nc-construction-renovation-brest.fr/,,Local,,15/02/2026,"46 068,00",,,
https://www.green-clean-garden.fr/,,Local,,15/02/2026,"46 068,00",,,
https://www.sebepaviste.fr/,,Local,,15/02/2026,"46 068,00",,,
https://www.permisrecup.fr/,,Local,,15/02/2026,"46 068,00",,,
https://www.herault-constructions.fr/,,Local,,15/02/2026,"46 068,00",,,
https://www.laptiteferme-carhaix.fr/,,Local,,15/02/2026,"46 068,00",,,
https://www.letoile-chicha-lounge.fr/,,Local,,15/02/2026,"46 068,00",,,
https://www.avenue-coiffure-esthetique.fr/,,Local,,15/02/2026,"46 068,00",,,
https://www.smart-building-connect.fr/,,Local,,15/02/2026,"46 068,00",,,
https://www.lac-hotel01.com/,,Local,,15/02/2026,"46 068,00",,,
https://www.marie-balp-osteopathe.fr/,,Local,,15/02/2026,"46 068,00",,,
https://www.ag-jardin.fr/,,Local,,15/02/2026,"46 068,00",,,
https://www.taxi-prestige13.fr/,,Local,,15/02/2026,"46 068,00",,,
https://www.cd-paysage26.fr/,,Local,,15/02/2026,"46 068,00",,,
https://www.depannage-plomberiefino.fr/,,Local,,15/02/2026,"46 068,00",,,
https://www.roj-concept.fr/,,Local,,15/02/2026,"46 068,00",,,
https://www.martins-construction.fr/,,Local,,15/02/2026,"46 068,00",,,
https://www.trans-corsica.fr/,,Local,,15/02/2026,"46 068,00",,,
https://www.avemindustrie.fr/,,Local,,15/02/2026,"46 068,00",,,
https://www.rnovationhabitat.fr/,,Local,,15/02/2026,"46 068,00",,,
https://www.lenumeroduplombier.fr/,,Local,,15/02/2026,"46 068,00",,,
https://www.elagaltitude.fr/,,Local,,15/02/2026,"46 068,00",,,
https://www.cleanxtreme.fr/,,Local,,15/02/2026,"46 068,00",,,
https://www.fpmrenovation-ouestlyon.fr/,,Local,,15/02/2026,"46 068,00",,,
https://www.vt-terrassement.fr/,,Local,,15/02/2026,"46 068,00",,,
https://www.cgsellerie.fr/,,Local,,15/02/2026,"46 068,00",,,
https://www.agnesbulledebienetre.fr/,,Local,,15/02/2026,"46 068,00",,,
https://www.ls-paysage.fr/,,Local,,15/02/2026,"46 068,00",,,
https://www.balkanbrothers.fr/,,Local,,15/02/2026,"46 068,00",,,
https://www.cbd-de-fontas.fr/,,Local,,15/02/2026,"46 068,00",,,
https://www.miau-denis.com/,,Local,,15/02/2026,"46 068,00",,,
https://www.sud-touraine-automobiles.fr/fr,,Local,,15/02/2026,"46 068,00",,,
https://www.mtevents.fr/,,Local,,15/02/2026,"46 068,00",,,
https://www.burgeretvous.fr/,,Local,,15/02/2026,"46 068,00",,,
https://www.biogom69.fr/,,Local,,15/02/2026,"46 068,00",,,
https://www.epicerie-chez-gadi.fr/,,Local,,15/02/2026,"46 068,00",,,
https://www.milleetuncouscous.fr/,,Local,,15/02/2026,"46 068,00",,,
https://www.restaurant-lestevao.fr/,,Local,,15/02/2026,"46 068,00",,,
https://www.burgergambetta38.fr/,,Local,,15/02/2026,"46 068,00",,,
https://www.arcinstitut.com/,,Local,,15/02/2026,"46 068,00",,,
https://www.little-house.fr/,,Local,,15/02/2026,"46 068,00",,,
https://www.antiquitebrocantecharentemaritime.fr/,,Local,,15/02/2026,"46 068,00",,,
https://www.luberon-drainage.fr/,,Local,,15/02/2026,"46 068,00",,,
https://www.italiaexpressbollwiller.fr/,,Local,,15/02/2026,"46 068,00",,,
https://www.arbori-nath-ure.fr/,,Local,,15/02/2026,"46 068,00",,,
https://www.micro-decolletage.fr/,,Local,,15/02/2026,"46 068,00",,,
https://www.dra31epaviste.fr/,,Local,,15/02/2026,"46 068,00",,,
https://www.luso-jardins.fr/,,Local,,15/02/2026,"46 068,00",,,
https://www.talos-crossfit-bourgenbresse.fr/,,Local,,15/02/2026,"46 068,00",,,
https://www.osakyo.fr/,,Local,,15/02/2026,"46 068,00",,,
https://www.toah-food.fr/,,Local,,15/02/2026,"46 068,00",,,
https://www.maya-bay.fr/,,Local,,15/02/2026,"46 068,00",,,
https://www.pefite.fr/,,Local,,15/02/2026,"46 068,00",,,
https://www.lavagiste-nettoyage-auto.fr/,,Local,,15/02/2026,"46 068,00",,,
https://www.paysart61.fr/,,Local,,15/02/2026,"46 068,00",,,
https://www.e-repair-09.com/,,Local,,15/02/2026,"46 068,00",,,
https://www.orfeebastia.fr/,,Local,,15/02/2026,"46 068,00",,,
https://www.enlevementcuvefioul.fr/,,Local,,15/02/2026,"46 068,00",,,
https://www.spiruline-labelleverte.fr/,,Local,,15/02/2026,"46 068,00",,,
https://www.renov-one.fr/,,Local,,15/02/2026,"46 068,00",,,
https://www.weclean35.fr/,,Local,,15/02/2026,"46 068,00",,,
https://www.eclec.fr/,,Local,,15/02/2026,"46 068,00",,,
https://www.retroauto34.fr/,,Local,,15/02/2026,"46 068,00",,,
https://www.easycleanauto.fr/,,Local,,15/02/2026,"46 068,00",,,
https://www.majicapo.fr/,,Local,,15/02/2026,"46 068,00",,,
https://www.esespacesverts.fr/,,Local,,15/02/2026,"46 068,00",,,
https://www.flora-paysage.com/flora-paysage,,Local,,15/02/2026,"46 068,00",,,
https://www.quiss-elec.fr/,,Local,,15/02/2026,"46 068,00",,,
https://www.elits-boat.fr/,,Local,,15/02/2026,"46 068,00",,,
https://www.molveaux-charpente-couverture-61.fr/,,Local,,15/02/2026,"46 068,00",,,
https://www.renovation-mj.fr/,,Local,,15/02/2026,"46 068,00",,,
https://www.depannelecetmoi.fr/,,Local,,15/02/2026,"46 068,00",,,
https://www.avosrenos.fr/,,Local,,15/02/2026,"46 068,00",,,
https://www.rlm-serrurerie-metallerie.fr/,,Local,,15/02/2026,"46 068,00",,,
https://www.l-debouchage.fr/,,Local,,15/02/2026,"46 068,00",,,
https://www.maria-couture.fr/,,Local,,15/02/2026,"46 068,00",,,
https://www.alsacepaysagistes.fr/,,Local,,15/02/2026,"46 068,00",,,
https://www.la-fabriq-burger-toulouse.fr/,,Local,,15/02/2026,"46 068,00",,,
https://www.societegeneraledeserrurerie.com/,,Local,,15/02/2026,"46 068,00",,,
https://www.centre-esthetique-portovecchio.fr/,,Local,,15/02/2026,"46 068,00",,,
https://www.barberious.fr/,,Local,,15/02/2026,"46 068,00",,,
https://www.bk-peinture-31.fr/,,Local,,15/02/2026,"46 068,00",,,
https://www.mbpeinture-40.fr/,,Local,,15/02/2026,"46 068,00",,,
https://www.ts-piscines.fr/contrat-entretien-piscine,,Local,,15/02/2026,"46 068,00",,,
https://www.anglademenuiserie.fr/,,Local,,15/02/2026,"46 068,00",,,
https://www.pourlevivant.fr/,,Local,,15/02/2026,"46 068,00",,,
https://www.christianpeinture.fr/,,Local,,15/02/2026,"46 068,00",,,
https://www.eta-julien-pommerais-elagage-05.fr/,,Local,,15/02/2026,"46 068,00",,,
https://www.edomenuiserie.fr/,,Local,,15/02/2026,"46 068,00",,,
https://www.huitres-ravelaud-17.fr/,,Local,,15/02/2026,"46 068,00",,,
https://www.cg-peinture-toiture.fr/,,Local,,15/02/2026,"46 068,00",,,
https://www.tcsplomberie.fr/,,Local,,15/02/2026,"46 068,00",,,
https://www.jcgbatiplomberie.fr/,,Local,,15/02/2026,"46 068,00",,,
https://www.eazycutbarbershop.fr/,,Local,,15/02/2026,"46 068,00",,,
https://www.bassompierre-optique.fr/,,Local,,15/02/2026,"46 068,00",,,
https://www.technifilets.fr/,,Local,,15/02/2026,"46 068,00",,,
https://www.autoparebrise66.fr/,,Local,,15/02/2026,"46 068,00",,,
https://www.grimmauto14.fr/,,Local,,15/02/2026,"46 068,00",,,
https://www.les-secrets-dalcove.fr/,,Local,,15/02/2026,"46 068,00",,,
https://www.onglesbyangel-53.com/,,Local,,15/02/2026,"46 068,00",,,
https://www.batimat88.fr/,,Local,,15/02/2026,"46 068,00",,,
https://www.vtctransfert78.fr/,,Local,,15/02/2026,"46 068,00",,,
https://www.maconnerie-provence.fr/,,Local,,15/02/2026,"46 068,00",,,
https://www.eclaire-emoi.fr/,,Local,,15/02/2026,"46 068,00",,,
https://www.mg-renov39.fr/,,Local,,15/02/2026,"46 068,00",,,
https://www.mapetitepension-leolly.fr/accueil,,Local,,15/02/2026,"46 068,00",,,
https://www.benelectromenager.fr/,,Local,,15/02/2026,"46 068,00",,,
https://www.ferrari-menuiseries.fr/,,Local,,15/02/2026,"46 068,00",,,
https://www.cbcarrelageetreno.fr/,,Local,,15/02/2026,"46 068,00",,,
https://www.batinacciu-espace-vert.fr/,,Local,,15/02/2026,"46 068,00",,,
https://www.dolcidinapoli.com/,,Local,,15/02/2026,"46 068,00",,,
https://www.thomasevenementiel.fr/,,Local,,15/02/2026,"46 068,00",,,
https://www.allolambertoistaxi.fr/,,Local,,15/02/2026,"46 068,00",,,
https://www.multimets.fr/,,Local,,15/02/2026,"46 068,00",,,
https://www.les-jardin-de-loeil04.fr/,,Local,,15/02/2026,"46 068,00",,,
https://www.afapiecesauto.fr/,,Local,,15/02/2026,"46 068,00",,,
https://www.ds-terrassement-maconnerie.fr/,,Local,,15/02/2026,"46 068,00",,,
https://www.consulting-expert-comptable-strasbourg.fr/,,Local,,15/02/2026,"46 068,00",,,
https://www.mariana-constructions-metalliques.fr/,,Local,,15/02/2026,"46 068,00",,,
https://www.marieetvous-drome.fr/,,Local,,15/02/2026,"46 068,00",,,
https://www.jacquet-bois.fr/,,Local,,15/02/2026,"46 068,00",,,
https://www.avocat-vidal-perpignan.fr/,,Local,,15/02/2026,"46 068,00",,,
https://www.mb57-construction.fr/,,Local,,15/02/2026,"46 068,00",,,
https://www.elite-menuiserie33.fr/,,Local,,15/02/2026,"46 068,00",,,
https://www.aideauxjardins.fr/,,Local,,15/02/2026,"46 068,00",,,
https://www.btp-portovecchio.fr/,,Local,,15/02/2026,"46 068,00",,,
https://www.espinospeinture.fr/,,Local,,15/02/2026,"46 068,00",,,
https://www.energies2f.fr/,,Local,,15/02/2026,"46 068,00",,,
https://www.simard-carrelage.fr/,,Local,,15/02/2026,"46 068,00",,,
https://www.sk-menuiserie-quimper.fr/,,Local,,15/02/2026,"46 068,00",,,
https://www.luberon-pieces-auto.fr/,,Local,,15/02/2026,"46 068,00",,,
https://www.naturo-massage.fr/,,Local,,15/02/2026,"46 068,00",,,
https://www.kallax-serrurier.fr/,,Local,,15/02/2026,"46 068,00",,,
https://www.dtr-maconneriesalledebains.fr/,,Local,,15/02/2026,"46 068,00",,,
https://www.vtc-travel.fr/,,Local,,15/02/2026,"46 068,00",,,
https://www.plartiste.fr/,,Local,,15/02/2026,"46 068,00",,,
https://www.fleuristecorse.fr/,,Local,,15/02/2026,"46 068,00",,,
https://www.celticserrurerie.fr/,,Local,,15/02/2026,"46 068,00",,,
https://www.ma-pose-menuiserie.fr/,,Local,,15/02/2026,"46 068,00",,,
https://www.fb-automobiles-13.fr/,,Local,,15/02/2026,"46 068,00",,,
https://www.lamaisondenbasdesseigneurs.fr/,,Local,,15/02/2026,"46 068,00",,,
https://www.prestige-construction83.fr/,,Local,,15/02/2026,"46 068,00",,,
https://www.grimbert-maconnerie.fr/,,Local,,15/02/2026,"46 068,00",,,
https://www.sabor-do-pecado.fr/,,Local,,15/02/2026,"46 068,00",,,
https://www.breizh-ramonage22.fr/,,Local,,15/02/2026,"46 068,00",,,
https://www.mcicorse.fr/,,Local,,15/02/2026,"46 068,00",,,
https://www.restaurant-legarage.fr/,,Local,,15/02/2026,"46 068,00",,,
https://www.pierrealbertcouverture.fr/,,Local,,15/02/2026,"46 068,00",,,
https://www.reparateurtelephonescorse.fr/,,Local,,15/02/2026,"46 068,00",,,
https://www.mb-boissons.fr/,,Local,,15/02/2026,"46 068,00",,,
https://www.multiservice56.fr/,,Local,,15/02/2026,"46 068,00",,,
https://www.auxpierresenchantees.fr/,,Local,,15/02/2026,"46 068,00",,,
https://www.les-vieux-tacots.fr/,,Local,,15/02/2026,"46 068,00",,,
https://www.crocbeau-toilettage.fr/,,Local,,15/02/2026,"46 068,00",,,
https://www.loureiromaconnerie.fr/,,Local,,15/02/2026,"46 068,00",,,
https://www.eam-batiment.fr/,,Local,,15/02/2026,"46 068,00",,,
https://www.delices-comtois.fr/,,Local,,15/02/2026,"46 068,00",,,
https://www.salihu-servicesmaconnerie-annemasse.fr/,,Local,,15/02/2026,"46 068,00",,,
https://www.sarlbregierflorian.fr/,,Local,,15/02/2026,"46 068,00",,,
https://www.moncoucut-maconnerie.fr/,,Local,,15/02/2026,"46 068,00",,,
https://www.serre-che-taxi-05.fr/,,Local,,15/02/2026,"46 068,00",,,
https://www.karaage-jutsu.fr/,,Local,,15/02/2026,"46 068,00",,,
https://www.tonyespacesvert.fr/,,Local,,15/02/2026,"46 068,00",,,
https://www.jardin-imaginvert.fr/,,Local,,15/02/2026,"46 068,00",,,
https://www.nytrojet.fr/,,Local,,15/02/2026,"46 068,00",,,
https://www.jb-plomberie-limoges.fr/,,Local,,15/02/2026,"46 068,00",,,
https://www.miliartdesign63.fr/,,Local,,15/02/2026,"46 068,00",,,
https://www.jeancharleslochet.fr/,,Local,,15/02/2026,"46 068,00",,,
https://www.betondeco66.fr/,,Local,,15/02/2026,"46 068,00",,,
https://www.bg-energie-30.fr/contact,,Local,,15/02/2026,"46 068,00",,,
https://www.couverture-moreau-13.fr/,,Local,,15/02/2026,"46 068,00",,,
https://www.concept-froid-climatisation-84.fr/,,Local,,15/02/2026,"46 068,00",,,
https://www.sarl-bativert.fr/,,Local,,15/02/2026,"46 068,00",,,
https://www.hydroterras.fr/,,Local,,15/02/2026,"46 068,00",,,
https://www.optimaroute.fr/quel-vehicule-utilitaire-5-places-choisir,,Local,,15/02/2026,"46 068,00",,,
https://www.kcmpeinture.fr/,,Local,,15/02/2026,"46 068,00",,,
https://www.descrosdestempliers.fr/,,Local,,15/02/2026,"46 068,00",,,
https://www.garage-seb-auto.fr/,,Local,,15/02/2026,"46 068,00",,,
https://www.prothesistedentaire83.fr/,,Local,,15/02/2026,"46 068,00",,,
https://www.sunbeautybyh.com/,,Local,,15/02/2026,"46 068,00",,,
https://www.id-resine.fr/,,Local,,15/02/2026,"46 068,00",,,
https://www.restaurant-le-boreal.fr/,,Local,,15/02/2026,"46 068,00",,,
https://www.latabledelo.fr/la-chambre-d-hote,,Local,,15/02/2026,"46 068,00",,,
https://www.la-ferme-de-makali.fr/,,Local,,15/02/2026,"46 068,00",,,
https://www.les-soireesdupin.fr/,,Local,,15/02/2026,"46 068,00",,,
https://www.sbbeauty.fr/lissages,,Local,,15/02/2026,"46 068,00",,,
https://www.sankalimentation.fr/,,Local,,15/02/2026,"46 068,00",,,
https://www.garageautomobiledulac.fr/,,Local,,15/02/2026,"46 068,00",,,
https://www.af2g-renovation.fr/,,Local,,15/02/2026,"46 068,00",,,
https://www.restaurantlemaquis34.com/,,Local,,15/02/2026,"46 068,00",,,
https://www.institut-mery.fr/,,Local,,15/02/2026,"46 068,00",,,
https://www.stop-guepes-frelons-et-nuisibles.fr/,,Local,,15/02/2026,"46 068,00",,,
https://www.flsagri.fr/,,Local,,15/02/2026,"46 068,00",,,
https://www.taxibenbriancon.fr/,,Local,,15/02/2026,"46 068,00",,,
https://www.grandval-taxis.fr/taxi,,Local,,15/02/2026,"46 068,00",,,
https://www.farandole-restaurant.fr/,,Local,,15/02/2026,"46 068,00",,,
https://www.studio-tivoli.fr/,,Local,,15/02/2026,"46 068,00",,,
https://www.aromes-de-fleurs.fr/,,Local,,15/02/2026,"46 068,00",,,
https://www.urgence-nuisibles13.fr/,,Local,,15/02/2026,"46 068,00",,,
https://www.lebouchonchaurien.fr/,,Local,,15/02/2026,"46 068,00",,,
https://www.md-toiture-34.fr/,,Local,,15/02/2026,"46 068,00",,,
https://www.lebampezenas.fr/,,Local,,15/02/2026,"46 068,00",,,
https://www.association-lescedres.fr/restaurant,,Local,,15/02/2026,"46 068,00",,,
https://www.rebhiplomberie.fr/,,Local,,15/02/2026,"46 068,00",,,
https://www.chambredhotedes3rivieres.fr/fr,,Local,,15/02/2026,"46 068,00",,,
https://www.plomberie-elena.fr/contact,,Local,,15/02/2026,"46 068,00",,,
https://www.plomberie-jura-gand.fr/,,Local,,15/02/2026,"46 068,00",,,
https://www.am06piscines.fr/,,Local,,15/02/2026,"46 068,00",,,
https://www.les-entrepreneurs-aixois.fr/,,Local,,15/02/2026,"46 068,00",,,
https://www.macon-couvreur-enduiseur-17.fr/,,Local,,15/02/2026,"46 068,00",,,
https://www.couverture-martin-79.fr/,,Local,,15/02/2026,"46 068,00",,,
https://www.lartisanzingueur.fr/,,Local,,15/02/2026,"46 068,00",,,
https://www.bestautos71.com/,,Local,,15/02/2026,"46 068,00",,,
https://www.chronostim.fr/,,Local,,15/02/2026,"46 068,00",,,
https://www.felixnettoyage26.fr/,,Local,,15/02/2026,"46 068,00",,,
https://www.leondemenagement.fr/,,Local,,15/02/2026,"46 068,00",,,
https://www.taxis-medicalises-corse-20.fr/,,Local,,15/02/2026,"46 068,00",,,
https://www.greenlabel-marseille.fr/,,Local,,15/02/2026,"46 068,00",,,
https://www.speedtacos.fr/,,Local,,15/02/2026,"46 068,00",,,
https://www.restaurant-paradoux.fr/,,Local,,15/02/2026,"46 068,00",,,
https://www.clean53autoservices.fr/,,Local,,15/02/2026,"46 068,00",,,
https://www.mecaloisirs-11.com/,,Local,,15/02/2026,"46 068,00",,,
https://www.paillotenoi.fr/,,Local,,15/02/2026,"46 068,00",,,
https://www.did-vtc-34-agde.fr/,,Local,,15/02/2026,"46 068,00",,,
https://www.debarrasmaisonkjp-45.fr/,,Local,,15/02/2026,"46 068,00",,,
https://www.purplelinekennel.com/,,Local,,15/02/2026,"46 068,00",,,
https://www.toulouse-charpentes.fr/,,Local,,15/02/2026,"46 068,00",,,
https://www.lestanquetlons.fr/,,Local,,15/02/2026,"46 068,00",,,
https://www.sas-cpcs.fr/,,Local,,15/02/2026,"46 068,00",,,
https://www.unjoursiblanc-mariage.fr/,,Local,,15/02/2026,"46 068,00",,,
https://www.mobilierxs.fr/,,Local,,15/02/2026,"46 068,00",,,
https://www.authentique-pierre.fr/,,Local,,15/02/2026,"46 068,00",,,
https://www.cannesboatlocation.fr/,,Local,,15/02/2026,"46 068,00",,,
https://www.corsica-loc-evenements.fr/,,Local,,15/02/2026,"46 068,00",,,
https://www.yoannchris-voyantmedium.fr/,,Local,,15/02/2026,"46 068,00",,,
https://www.var-tech-plomberie.fr/,,Local,,15/02/2026,"46 068,00",,,
https://www.lanostra-royan.fr/,,Local,,15/02/2026,"46 068,00",,,
https://www.bk-construction-34-piscine.fr/,,Local,,15/02/2026,"46 068,00",,,
https://www.traiteurs-les4saisons.fr/,,Local,,15/02/2026,"46 068,00",,,
https://www.aldente-pizza-oleron.fr/,,Local,,15/02/2026,"46 068,00",,,
https://www.sampaguitajay.com/,,Local,,15/02/2026,"46 068,00",,,
https://www.restaurant-marin-air.fr/,,Local,,15/02/2026,"46 068,00",,,
https://www.montoy-charpente-menuiserie.fr/,,Local,,15/02/2026,"46 068,00",,,
https://www.nettoyageamel.fr/,,Local,,15/02/2026,"46 068,00",,,
https://www.paoloetsirana.fr/,,Local,,15/02/2026,"46 068,00",,,
https://www.puech-alu.fr/,,Local,,15/02/2026,"46 068,00",,,
https://www.lightelec.fr/,,Local,,15/02/2026,"46 068,00",,,
https://www.pizza-lariviere.fr/,,Local,,15/02/2026,"46 068,00",,,
https://www.restaurationsanssoucis.fr/,,Local,,15/02/2026,"46 068,00",,,
https://www.lesjardinsdoxctanie.fr/,,Local,,15/02/2026,"46 068,00",,,
https://www.ds-construction91.fr/,,Local,,15/02/2026,"46 068,00",,,
https://www.lpnmaconnerie.fr/,,Local,,15/02/2026,"46 068,00",,,
https://www.maxipneu.fr/,,Local,,15/02/2026,"46 068,00",,,
https://www.lambata-porticcio.fr/,,Local,,15/02/2026,"46 068,00",,,
https://www.labavardise.fr/,,Local,,15/02/2026,"46 068,00",,,
https://www.pharmaciedescezeaux.com/,,Local,,15/02/2026,"46 068,00",,,
https://www.le-chalet-des-etangs.fr/,,Local,,15/02/2026,"46 068,00",,,
https://www.psv-pl.fr/,,Local,,15/02/2026,"46 068,00",,,
https://www.coquard-paysages.fr/,,Local,,15/02/2026,"46 068,00",,,
https://www.rcnetpiscines.fr/,,Local,,15/02/2026,"46 068,00",,,
https://www.cmsm-41.fr/,,Local,,15/02/2026,"46 068,00",,,
https://www.leconceptajaccio.fr/,,Local,,15/02/2026,"46 068,00",,,
https://www.cl-concept-corse.fr/,,Local,,15/02/2026,"46 068,00",,,
https://www.ludofuites.fr/,,Local,,15/02/2026,"46 068,00",,,
https://www.ajclim31.com/,,Local,,15/02/2026,"46 068,00",,,
https://www.lesud-restaurant.fr/,,Local,,15/02/2026,"46 068,00",,,
https://www.gil-paysagiste.fr/,,Local,,15/02/2026,"46 068,00",,,
https://www.delicepizza02.fr/,,Local,,15/02/2026,"46 068,00",,,
https://www.bergersdeconstance.fr/,,Local,,15/02/2026,"46 068,00",,,
https://www.aubertaxi-conventionne78.fr/,,Local,,15/02/2026,"46 068,00",,,
https://www.lespacotilles67.fr/,,Local,,15/02/2026,"46 068,00",,,
https://www.podiumdeudeuch.fr/,,Local,,15/02/2026,"46 068,00",,,
https://www.mea-bastia.fr/,,Local,,15/02/2026,"46 068,00",,,
https://www.chinonlocation.fr/,,Local,,15/02/2026,"46 068,00",,,
https://www.autopieces21.fr/,,Local,,15/02/2026,"46 068,00",,,
https://www.cb-detente.fr/,,Local,,15/02/2026,"46 068,00",,,
https://www.bp-medical.fr/,,Local,,15/02/2026,"46 068,00",,,
https://www.nice-fleurs-sorgues.fr/,,Local,,15/02/2026,"46 068,00",,,
https://www.road66-timeopizza-burger.fr/,,Local,,15/02/2026,"46 068,00",,,
https://www.vulca-pneus-33.fr/,,Local,,15/02/2026,"46 068,00",,,
https://www.quadaventure03.fr/,,Local,,15/02/2026,"46 068,00",,,
https://www.automotoecoleledimna.fr/,,Local,,15/02/2026,"46 068,00",,,
https://www.izagarde31.fr/,,Local,,15/02/2026,"46 068,00",,,
https://www.360thcupavenue.fr/,,Local,,15/02/2026,"46 068,00",,,
https://www.fd-elec.fr/,,Local,,15/02/2026,"46 068,00",,,
https://www.alpi06.fr/,,Local,,15/02/2026,"46 068,00",,,
https://www.restaurant-lavenue-berck.fr/,,Local,,15/02/2026,"46 068,00",,,
https://www.atelierautoaude.fr/,,Local,,15/02/2026,"46 068,00",,,
https://www.cabinet-dupleinsud.fr/,,Local,,15/02/2026,"46 068,00",,,
https://www.expert-bateau.fr/,,Local,,15/02/2026,"46 068,00",,,
https://www.meluciacouture.fr/,,Local,,15/02/2026,"46 068,00",,,
https://www.duenapoletaniaparigi.com/,,Local,,15/02/2026,"46 068,00",,,
https://www.blkbeautyhouse.fr/,,Local,,15/02/2026,"46 068,00",,,
https://www.emocyno-31.fr/,,Local,,15/02/2026,"46 068,00",,,
https://www.yesauto26.fr/,,Local,,15/02/2026,"46 068,00",,,
https://www.pizzeriatiramisu.fr/,,Local,,15/02/2026,"46 068,00",,,
https://www.la-ferme-des-peupliers.fr/,,Local,,15/02/2026,"46 068,00",,,
https://www.restaurant-sprezzatura.fr/,,Local,,15/02/2026,"46 068,00",,,
https://www.azertaxivtc.fr/,,Local,,15/02/2026,"46 068,00",,,
https://www.herault-transport-vtc.fr/,,Local,,15/02/2026,"46 068,00",,,
https://www.cryo-selestat-67.fr/,,Local,,15/02/2026,"46 068,00",,,
https://www.sam-atelier-traiteur.fr/,,Local,,15/02/2026,"46 068,00",,,
https://www.mistral-isolation26.fr/,,Local,,15/02/2026,"46 068,00",,,
https://www.lol-opticien.fr/,,Local,,15/02/2026,"46 068,00",,,
https://www.lucie-poupin-hypnose.fr/,,Local,,15/02/2026,"46 068,00",,,
https://www.mon-beau-jardin81.fr/,,Local,,15/02/2026,"46 068,00",,,
https://www.mitp-31.fr/,,Local,,15/02/2026,"46 068,00",,,
https://www.barraultyannick.fr/,,Local,,15/02/2026,"46 068,00",,,
https://www.lucas-traiteur-italien.fr/,,Local,,15/02/2026,"46 068,00",,,
https://www.belleetbien76.fr/,,Local,,15/02/2026,"46 068,00",,,
https://www.piolencrn7-boisdechauffage.fr/,,Local,,15/02/2026,"46 068,00",,,
https://www.lesrobesacaro.fr/,,Local,,15/02/2026,"46 068,00",,,
https://www.lalunetterieamiens.fr/,,Local,,15/02/2026,"46 068,00",,,
https://www.ubac-sellerie.fr/,,Local,,15/02/2026,"46 068,00",,,
https://www.murmures-a-loreilles.fr/,,Local,,15/02/2026,"46 068,00",,,
https://www.pinasse-la-rubia.fr/,,Local,,15/02/2026,"46 068,00",,,
https://www.lacantineflament.fr/,,Local,,15/02/2026,"46 068,00",,,
https://www.radichebastia.fr/,,Local,,15/02/2026,"46 068,00",,,
https://www.lac-hotel01.fr/,,Local,,15/02/2026,"46 068,00",,,
https://www.le-petit-chalande.fr/,,Local,,15/02/2026,"46 068,00",,,
https://www.ams-energie.fr/,,Local,,15/02/2026,"46 068,00",,,
https://www.lavillaguidi.com/,,Local,,15/02/2026,"46 068,00",,,
https://www.cartouches-dstock.com/,,Local,,15/02/2026,"46 068,00",,,
https://www.auberge-coldelavaccia.fr/,,Local,,15/02/2026,"46 068,00",,,
https://www.farniente-restaurant.fr/,,Local,,15/02/2026,"46 068,00",,,
https://www.atelier-de-la-canopee.fr/,,Local,,15/02/2026,"46 068,00",,,
https://www.gite-de-hotes-foy.com/,,Local,,15/02/2026,"46 068,00",,,
https://www.auberge-chateau-wangenbourg.fr/,,Local,,15/02/2026,"46 068,00",,,
https://www.gm-auto.fr/,,Local,,15/02/2026,"46 068,00",,,
https://www.abpaulownia.fr/,,Local,,15/02/2026,"46 068,00",,,
https://www.ch2-hypnose-troyes-aube.com/,,Local,,15/02/2026,"46 068,00",,,
https://www.la-storia-bonifacio.fr/,,Local,,15/02/2026,"46 068,00",,,
https://www.crem13.fr/,,Local,,15/02/2026,"46 068,00",,,
https://www.du-domaine-des-ours-noirs.fr/,,Local,,15/02/2026,"46 068,00",,,
https://www.mc-regal-traiteur.fr/,,Local,,15/02/2026,"46 068,00",,,
https://www.mycampsystem.fr/,,Local,,15/02/2026,"46 068,00",,,
https://www.orella-psychologue.fr/,,Local,,15/02/2026,"46 068,00",,,
https://www.lacasa-dacote.fr/,,Local,,15/02/2026,"46 068,00",,,
https://www.topcheval-lasuite.fr/,,Local,,15/02/2026,"46 068,00",,,
https://www.designmosaique.fr/,,Local,,15/02/2026,"46 068,00",,,
https://www.cmeplomberiechauffage.fr/,,Local,,15/02/2026,"46 068,00",,,
https://www.lesechoirdefab.fr/,,Local,,15/02/2026,"46 068,00",,,
https://www.mainetraiteurevenementiel.fr/,,Local,,15/02/2026,"46 068,00",,,
https://www.matteteau-plomberie.fr/,,Local,,15/02/2026,"46 068,00",,,
https://www.imprimerie-duographic.fr/,,Local,,15/02/2026,"46 068,00",,,
https://www.chauffage-service.fr/,,Local,,15/02/2026,"46 068,00",,,
https://www.slcs.fr/,,Local,,15/02/2026,"46 068,00",,,
https://www.rouealian.com/,,Local,,15/02/2026,"46 068,00",,,
https://www.bcdplomberie.fr/,,Local,,15/02/2026,"46 068,00",,,
https://www.baptiste-rouviere.fr/,,Local,,15/02/2026,"46 068,00",,,
https://www.scientia-formation.fr/,,Local,,15/02/2026,"46 068,00",,,
https://www.elevage-chihuahua-franche-comte.fr/,,Local,,15/02/2026,"46 068,00",,,
https://www.lateliervelaube.fr/,,Local,,15/02/2026,"46 068,00",,,
https://www.florian-rosier.fr/,,Local,,15/02/2026,"46 068,00",,,
https://www.smlv-nuisibles.com/,,Local,,15/02/2026,"46 068,00",,,
https://www.clefproserrurier.fr/,,Local,,15/02/2026,"46 068,00",,,
https://www.loc-box-vaucluse.fr/,,Local,,15/02/2026,"46 068,00",,,
https://www.corlay-piscines.fr/,,Local,,15/02/2026,"46 068,00",,,
https://www.pamela-kone-massages.fr/,,Local,,15/02/2026,"46 068,00",,,
https://www.piscinesleandro.fr/,,Local,,15/02/2026,"46 068,00",,,
https://www.restocanaille.fr/,,Local,,15/02/2026,"46 068,00",,,
https://www.le-palais-dasie.fr/,,Local,,15/02/2026,"46 068,00",,,
https://www.controletechnique-argeles.fr/,,Local,,15/02/2026,"46 068,00",,,
https://www.boutique-amazone.fr/,,Local,,15/02/2026,"46 068,00",,,
https://www.aurelie-cousin.com/,,Local,,15/02/2026,"46 068,00",,,
https://www.durycreaconcept.fr/,,Local,,15/02/2026,"46 068,00",,,
https://www.renov-bat-51.fr/,,Local,,15/02/2026,"46 068,00",,,
https://www.grenoblechaleur.fr/,,Local,,15/02/2026,"46 068,00",,,
https://www.letapeducampingcar.fr/,,Local,,15/02/2026,"46 068,00",,,
https://www.designpiscine.fr/,,Local,,15/02/2026,"46 068,00",,,
https://www.lachaumiere-seyne-les-alpes.fr/,,Local,,15/02/2026,"46 068,00",,,
https://www.mariagraziahotel.fr/,,Local,,15/02/2026,"46 068,00",,,
https://www.lacavaleta.fr/,,Local,,15/02/2026,"46 068,00",,,
https://www.serreselec.fr/,,Local,,15/02/2026,"46 068,00",,,
https://www.rotisserie-pouletbraise.fr/,,Local,,15/02/2026,"46 068,00",,,
https://www.acdc-menuiserie.fr/,,Local,,15/02/2026,"46 068,00",,,
https://www.fouta-exotic.fr/,,Local,,15/02/2026,"46 068,00",,,
https://www.cb-nettoyage.fr/,,Local,,15/02/2026,"46 068,00",,,
https://www.auxsaveursdefanny.fr/,,Local,,15/02/2026,"46 068,00",,,
https://www.la-viande-bio.fr/,,Local,,15/02/2026,"46 068,00",,,
https://www.chevrespoitevines.fr/,,Local,,15/02/2026,"46 068,00",,,
https://www.groupe-ecamel.fr/,,Local,,15/02/2026,"46 068,00",,,
https://www.elevagedulathan.fr/,,Local,,15/02/2026,"46 068,00",,,
https://www.le-charmant-agneau.fr/,,Local,,15/02/2026,"46 068,00",,,
https://www.elevagebeaglebassetfauve.fr/,,Local,,15/02/2026,"46 068,00",,,
https://www.sellerie-bai-cerise.fr/,,Local,,15/02/2026,"46 068,00",,,
https://www.kebab-man.fr/,,Local,,15/02/2026,"46 068,00",,,
https://www.lart-du-ramonage.fr/,,Local,,15/02/2026,"46 068,00",,,
https://www.maisonlatiny.fr/,,Local,,15/02/2026,"46 068,00",,,
https://www.lescale11.fr/,,Local,,15/02/2026,"46 068,00",,,
https://www.miaitalia.fr/,,Local,,15/02/2026,"46 068,00",,,
https://www.conciergerie-corsedusud.fr/,,Local,,15/02/2026,"46 068,00",,,
https://www.pureenergie31.fr/,,Local,,15/02/2026,"46 068,00",,,
https://www.cyclinbordeaux.com/,,Local,,15/02/2026,"46 068,00",,,
https://www.fee-mez.fr/,,Local,,15/02/2026,"46 068,00",,,
https://www.phoenix-finition.fr/,,Local,,15/02/2026,"46 068,00",,,
https://www.jb-construction-maconnerie.fr/,,Local,,15/02/2026,"46 068,00",,,
https://www.domainedesptitsloupsgivres.fr/,,Local,,15/02/2026,"46 068,00",,,
https://www.sis-facade.fr/,,Local,,15/02/2026,"46 068,00",,,
https://www.elagage-parc-jardin-saumur.fr/,,Local,,15/02/2026,"46 068,00",,,
https://www.vinspizza.fr/,,Local,,15/02/2026,"46 068,00",,,
https://www.charroncoaching.fr/,,Local,,15/02/2026,"46 068,00",,,
https://www.jm-sushi.fr/,,Local,,15/02/2026,"46 068,00",,,
https://www.pizzalolo-pau.fr/,,Local,,15/02/2026,"46 068,00",,,
https://www.ericmassonbois.fr/,,Local,,15/02/2026,"46 068,00",,,
https://www.bonsboxlocation.com/,,Local,,15/02/2026,"46 068,00",,,
https://www.lauberge-de-la-vallee.fr/,,Local,,15/02/2026,"46 068,00",,,
https://www.le-nabias-1450.fr/,,Local,,15/02/2026,"46 068,00",,,
https://www.li-s-raviolis.fr/,,Local,,15/02/2026,"46 068,00",,,
https://www.saporedigustini.fr/,,Local,,15/02/2026,"46 068,00",,,
https://www.renovtoitsolutions.fr/,,Local,,15/02/2026,"46 068,00",,,
https://www.service-camping-car79.fr/,,Local,,15/02/2026,"46 068,00",,,
https://www.flower-of-tenebrae.fr/,,Local,,15/02/2026,"46 068,00",,,
https://www.spartiate-gym.fr/,,Local,,15/02/2026,"46 068,00",,,
https://www.lm-auto57.fr/,,Local,,15/02/2026,"46 068,00",,,
https://www.sema-meubles.fr/,,Local,,15/02/2026,"46 068,00",,,
https://www.centre-nautique-propriano.com/ecoles,,Local,,15/02/2026,"46 068,00",,,
https://www.brodcoca.fr/,,Local,,15/02/2026,"46 068,00",,,
https://www.casadilortu.fr/,,Local,,15/02/2026,"46 068,00",,,
https://www.debarraspro65.fr/,,Local,,15/02/2026,"46 068,00",,,
https://www.lmr-location-de-materiel-de-reception.fr/,,Local,,15/02/2026,"46 068,00",,,
https://www.delis-ajaccio.fr/notre-carte,,Local,,15/02/2026,"46 068,00",,,
https://www.quaidesiles-concarneau.fr/,,Local,,15/02/2026,"46 068,00",,,
https://www.abpneu.fr/,,Local,,15/02/2026,"46 068,00",,,
https://www.aftec-sorgues.com/,,Local,,15/02/2026,"46 068,00",,,
https://www.latelierfloral-69.fr/,,Local,,15/02/2026,"46 068,00",,,
https://www.scierie-damien.fr/,,Local,,15/02/2026,"46 068,00",,,
https://www.epaviste-drome.fr/,,Local,,15/02/2026,"46 068,00",,,
https://www.renov-plombier-carreleur.fr/,,Local,,15/02/2026,"46 068,00",,,
https://www.chefadomicile-manoncourt.fr/,,Local,,15/02/2026,"46 068,00",,,
https://www.loccasiondaimer.fr/,,Local,,15/02/2026,"46 068,00",,,
https://www.cds-rumilly.fr/,,Local,,15/02/2026,"46 068,00",,,
https://www.amovins-05.fr/,,Local,,15/02/2026,"46 068,00",,,
https://www.sanchezcarrelage66.fr/,,Local,,15/02/2026,"46 068,00",,,
https://www.carsimport2b-20.com/,,Local,,15/02/2026,"46 068,00",,,
https://www.la-gariotte.fr/,,Local,,15/02/2026,"46 068,00",,,
https://www.villa-conceptoccitanie.fr/,,Local,,15/02/2026,"46 068,00",,,
https://www.infirmiere-antibes.fr/,,Local,,15/02/2026,"46 068,00",,,
https://www.area-sportclub40.fr/,,Local,,15/02/2026,"46 068,00",,,
https://www.massages-limoges-87.fr/,,Local,,15/02/2026,"46 068,00",,,
https://www.a-fleur-do-26.fr/,,Local,,15/02/2026,"46 068,00",,,
https://www.lilikash.fr/,,Local,,15/02/2026,"46 068,00",,,
https://www.flotaxis.fr/,,Local,,15/02/2026,"46 068,00",,,
https://www.amlocationprestige.fr/,,Local,,15/02/2026,"46 068,00",,,
https://www.robertmedium.fr/,,Local,,15/02/2026,"46 068,00",,,
https://www.ulysse-corse.fr/,,Local,,15/02/2026,"46 068,00",,,
https://www.mp-paysage-74.fr/,,Local,,15/02/2026,"46 068,00",,,
https://www.aimercesfleurs.fr/,,Local,,15/02/2026,"46 068,00",,,
https://www.sunpizza83.fr/,,Local,,15/02/2026,"46 068,00",,,
https://www.les74jardins.fr/,,Local,,15/02/2026,"46 068,00",,,
https://www.latelierdalbin.fr/,,Local,,15/02/2026,"46 068,00",,,
https://www.gntlmn.fr/,,Local,,15/02/2026,"46 068,00",,,
https://www.cheemarestaurantindien.com/,,Local,,15/02/2026,"46 068,00",,,
https://www.terranova-06.fr/,,Local,,15/02/2026,"46 068,00",,,
https://www.nicoaching.fr/,,Local,,15/02/2026,"46 068,00",,,
https://www.mannyartstattoo.fr/,,Local,,15/02/2026,"46 068,00",,,
https://www.ln-architecte-interieur.fr/,,Local,,15/02/2026,"46 068,00",,,
https://www.latableportugaise.fr/,,Local,,15/02/2026,"46 068,00",,,
https://www.lebouscatier.fr/,,Local,,15/02/2026,"46 068,00",,,
https://www.marclinsolas.fr/vente-de-foin,,Local,,15/02/2026,"46 068,00",,,
https://www.oasisrenov.fr/,,Local,,15/02/2026,"46 068,00",,,
https://www.eliottcheriaux.com/,,Local,,15/02/2026,"46 068,00",,,
https://www.terresudgironde.fr/,,Local,,15/02/2026,"46 068,00",,,
https://www.halawa-belly-dance.fr/,,Local,,15/02/2026,"46 068,00",,,
https://www.arve-taxi-chamonix-74.fr/,,Local,,15/02/2026,"46 068,00",,,
https://www.home-secure-serrurier.fr/,,Local,,15/02/2026,"46 068,00",,,
https://www.athena-pizza63.fr/,,Local,,15/02/2026,"46 068,00",,,
https://www.lacentraleducoiffeur.fr/,,Local,,15/02/2026,"46 068,00",,,
https://www.crossfit-powerful-resilience.fr/,,Local,,15/02/2026,"46 068,00",,,
https://www.pronto74.fr/,,Local,,15/02/2026,"46 068,00",,,
https://www.mickael-bois-de-chauffage.fr/,,Local,,15/02/2026,"46 068,00",,,
https://www.redline-restauration.fr/,,Local,,15/02/2026,"46 068,00",,,
https://www.action11taxirocheg.com/,,Local,,15/02/2026,"46 068,00",,,
https://www.lamericain-food-truck.fr/,,Local,,15/02/2026,"46 068,00",,,
https://www.bijouterie-mademoiselle-tan.fr/,,Local,,15/02/2026,"46 068,00",,,
https://www.lolo-paello.fr/,,Local,,15/02/2026,"46 068,00",,,
https://www.institutdebeaute-jadepinson.fr/,,Local,,15/02/2026,"46 068,00",,,
https://www.sellerie-thierry.fr/,,Local,,15/02/2026,"46 068,00",,,
https://www.piecesautostock.fr/,,Local,,15/02/2026,"46 068,00",,,
https://www.cafe-charbon.fr/,,Local,,15/02/2026,"46 068,00",,,
https://www.hotel-le-normandy.fr/,,Local,,15/02/2026,"46 068,00",,,
https://www.minutepizza.fr/,,Local,,15/02/2026,"46 068,00",,,
https://www.auberge-de-courmes.fr/,,Local,,15/02/2026,"46 068,00",,,
https://www.restaurant-lapetiteauberge73.fr/,,Local,,15/02/2026,"46 068,00",,,
https://www.lemasdesroses1884.com/,,Local,,15/02/2026,"46 068,00",,,
https://www.lescaleilerousse.fr/,,Local,,15/02/2026,"46 068,00",,,
https://www.vinsurvin-17.fr/,,Local,,15/02/2026,"46 068,00",,,
https://www.hoteloustalbarbotan.fr/,,Local,,15/02/2026,"46 068,00",,,
https://www.maisondesvinscassis-13.com/,,Local,,15/02/2026,"46 068,00",,,
https://trustfolio.co/profil/local-fr-HaV95y4TV1a,,Local,,15/02/2026,"46 068,00",,,
https://www.france-plafond-tendu.fr/,,Local,,15/02/2026,"46 068,00",,,
https://www.nours-securite-privee.fr/,,Local,,15/02/2026,"46 068,00",,,
https://www.coteasie-11.fr/,,Local,,15/02/2026,"46 068,00",,,
https://www.verysushic.com/,,Local,,15/02/2026,"46 068,00",,,
https://www.coteetplage.fr/,,Local,,15/02/2026,"46 068,00",,,
https://www.lappelapizza.com/,,Local,,15/02/2026,"46 068,00",,,
https://www.leroyaumedeslicornes.com/alaskan-klee-kai,,Local,,15/02/2026,"46 068,00",,,
https://www.laparenthese-pontarlier.fr/,,Local,,15/02/2026,"46 068,00",,,
https://www.nrsoccer5.fr/,,Local,,15/02/2026,"46 068,00",,,
https://www.concept-climatisation-services.fr/,,Local,,15/02/2026,"46 068,00",,,
https://www.apinicciadisaleccia.fr/,,Local,,15/02/2026,"46 068,00",,,
https://www.o-tresors-gourmands.fr/,,Local,,15/02/2026,"46 068,00",,,
https://www.agir-france-solution.fr/,,Local,,15/02/2026,"46 068,00",,,
https://www.charda-spa.fr/,,Local,,15/02/2026,"46 068,00",,,
https://www.cbdeau-clermont-ferrand.fr/,,Local,,15/02/2026,"46 068,00",,,
https://www.mrc-renovation.fr/,,Local,,15/02/2026,"46 068,00",,,
https://communiquer-digital-et-local.fr/differentes-canaux-de-communication-pour-les-entreprises/,,Local,,15/02/2026,"46 068,00",,,
https://www.a-renov.fr/,,Local,,15/02/2026,"46 068,00",,,
https://www.lamaison-jaune-gap.fr/,,Local,,15/02/2026,"46 068,00",,,
https://www.metcesinstants.fr/,,Local,,15/02/2026,"46 068,00",,,
https://www.am-creation-coiffure.fr/,,Local,,15/02/2026,"46 068,00",,,
https://www.stracem.fr/,,Local,,15/02/2026,"46 068,00",,,
https://www.mochablanc.fr/,,Local,,15/02/2026,"46 068,00",,,
https://www.laserskill.fr/,,Local,,15/02/2026,"46 068,00",,,
https://www.p2c-taxi-arras.fr/,,Local,,15/02/2026,"46 068,00",,,
https://www.renov-facade.fr/,,Local,,15/02/2026,"46 068,00",,,
https://www.le-jardin-dantoine.fr/,,Local,,15/02/2026,"46 068,00",,,
https://www.capcreafetes.com/,,Local,,15/02/2026,"46 068,00",,,
https://www.opetitcambodge.fr/traiteur-o-petit-cambodge,,Local,,15/02/2026,"46 068,00",,,
https://www.manga-no-tengoku.fr/,,Local,,15/02/2026,"46 068,00",,,
https://www.parebrise-perpignan-66.fr/,,Local,,15/02/2026,"46 068,00",,,
https://www.littlechihuahua-11.fr/,,Local,,15/02/2026,"46 068,00",,,
https://www.canistar-marseille.fr/,,Local,,15/02/2026,"46 068,00",,,
https://www.elevage-davelaun.com/,,Local,,15/02/2026,"46 068,00",,,
https://www.couvreur-sorrel-monptellier.fr/,,Local,,15/02/2026,"46 068,00",,,
https://www.agmusinage.fr/,,Local,,15/02/2026,"46 068,00",,,
https://www.afrikesty.fr/,,Local,,15/02/2026,"46 068,00",,,
https://www.pascale-medium.com/fr,,Local,,15/02/2026,"46 068,00",,,
https://www.lapiquerie.com/,,Local,,15/02/2026,"46 068,00",,,
https://www.le-mas-des-saveurs.fr/,,Local,,15/02/2026,"46 068,00",,,
https://www.enzo-pizz.fr/,,Local,,15/02/2026,"46 068,00",,,
https://www.restaurant-gil-et-rose.fr/,,Local,,15/02/2026,"46 068,00",,,
https://www.restaurant-bonifacio.fr/,,Local,,15/02/2026,"46 068,00",,,
https://www.socha-massages.fr/,,Local,,15/02/2026,"46 068,00",,,
https://www.elevagedusauzet.fr/,,Local,,15/02/2026,"46 068,00",,,
https://www.lesbiotanistes83.fr/,,Local,,15/02/2026,"46 068,00",,,
https://www.campinglesvignes-ariege.fr/,,Local,,15/02/2026,"46 068,00",,,
https://www.casadellaluna.fr/,,Local,,15/02/2026,"46 068,00",,,
https://www.afro-europeenne-coiffure.fr/,,Local,,15/02/2026,"46 068,00",,,
https://www.lemademoisellebastia.fr/,,Local,,15/02/2026,"46 068,00",,,
https://www.oravenbartapas91.fr/,,Local,,15/02/2026,"46 068,00",,,
https://www.bceleec.fr/contact,,Local,,15/02/2026,"46 068,00",,,
https://www.marc-et-mimi.fr/,,Local,,15/02/2026,"46 068,00",,,
https://www.nokazoku.fr/,,Local,,15/02/2026,"46 068,00",,,
https://www.institut-instants-precieux.fr/,,Local,,15/02/2026,"46 068,00",,,
https://www.club-deducation-canine.fr/,,Local,,15/02/2026,"46 068,00",,,
https://www.centerpiecesauto-chateau.fr/,,Local,,15/02/2026,"46 068,00",,,
https://www.rjrenovation.fr/,,Local,,15/02/2026,"46 068,00",,,
https://www.royaumedesbouviers.fr/,,Local,,15/02/2026,"46 068,00",,,
https://www.as-entreprise68.fr/,,Local,,15/02/2026,"46 068,00",,,
https://www.chrono-cles.fr/,,Local,,15/02/2026,"46 068,00",,,
https://www.fgbservicesandco.fr/,,Local,,15/02/2026,"46 068,00",,,
https://www.thibaultricardmagicien.fr/,,Local,,15/02/2026,"46 068,00",,,
https://www.anala-epicerie.fr/,,Local,,15/02/2026,"46 068,00",,,
https://www.festiplum.fr/,,Local,,15/02/2026,"46 068,00",,,
https://www.alasaisongouteuse.fr/,,Local,,15/02/2026,"46 068,00",,,
https://www.esthetique-besancon.fr/,,Local,,15/02/2026,"46 068,00",,,
https://www.lairdupneu.fr/,,Local,,15/02/2026,"46 068,00",,,
https://www.flash-pneus.fr/,,Local,,15/02/2026,"46 068,00",,,
https://www.gresidog.fr/,,Local,,15/02/2026,"46 068,00",,,
https://www.dorinedherlin.com/,,Local,,15/02/2026,"46 068,00",,,
https://www.smash-burger-34.fr/,,Local,,15/02/2026,"46 068,00",,,
https://www.couturiere-outdoor.fr/,,Local,,15/02/2026,"46 068,00",,,
https://www.favorite-watch.fr/,,Local,,15/02/2026,"46 068,00",,,
https://www.villafamiliale.fr/,,Local,,15/02/2026,"46 068,00",,,
https://www.luxurydreamcar.fr/,,Local,,15/02/2026,"46 068,00",,,
https://www.pharmacieducoursajaccio.fr/pharmacie-de-garde,,Local,,15/02/2026,"46 068,00",,,
https://www.a-votre-massage.fr/,,Local,,15/02/2026,"46 068,00",,,
https://www.mamierose-restaurant.fr/,,Local,,15/02/2026,"46 068,00",,,
https://www.deligny-piscine.fr/,,Local,,15/02/2026,"46 068,00",,,
https://www.massages-thai.fr/,,Local,,15/02/2026,"46 068,00",,,
https://www.dalilaextensionsdecils.fr/,,Local,,15/02/2026,"46 068,00",,,
https://www.rituel-beaute-60.fr/,,Local,,15/02/2026,"46 068,00",,,
https://www.detailingsens.fr/,,Local,,15/02/2026,"46 068,00",,,
https://www.jmed.fr/,,Local,,15/02/2026,"46 068,00",,,
https://www.atoutservices56.fr/,,Local,,15/02/2026,"46 068,00",,,
https://www.ads-taxi.com/,,Local,,15/02/2026,"46 068,00",,,
https://www.eveetleschiens.fr/,,Local,,15/02/2026,"46 068,00",,,
https://www.lecoin-du-pecheur.fr/,,Local,,15/02/2026,"46 068,00",,,
https://www.elolam.fr/,,Local,,15/02/2026,"46 068,00",,,
https://www.la-casse-a-yo.fr/,,Local,,15/02/2026,"46 068,00",,,
https://www.atelierc-institut-spa-quimper.fr/,,Local,,15/02/2026,"46 068,00",,,
https://www.autoelite69.fr/fr/c-financement-garantie/facilites-de-financement-avec-auto-elite-a-saint-priest-18443,,Local,,15/02/2026,"46 068,00",,,
https://www.lagare-magdelaine.fr/,,Local,,15/02/2026,"46 068,00",,,
https://www.sous-les-platanes.fr/accueil,,Local,,15/02/2026,"46 068,00",,,
https://www.lemoulindisnard.fr/,,Local,,15/02/2026,"46 068,00",,,
https://www.liessevoyages.com/,,Local,,15/02/2026,"46 068,00",,,
https://www.meubles-du-monde.fr/,,Local,,15/02/2026,"46 068,00",,,
https://www.laclebleue.fr/,,Local,,15/02/2026,"46 068,00",,,
https://www.destock-pneus-30.fr/,,Local,,15/02/2026,"46 068,00",,,
https://www.toopneus09.fr/,,Local,,15/02/2026,"46 068,00",,,
https://www.besancon-restaurant.fr/,,Local,,15/02/2026,"46 068,00",,,
https://www.leperroquetbleu.fr/,,Local,,15/02/2026,"46 068,00",,,
https://www.pizzerialebasilic.fr/,,Local,,15/02/2026,"46 068,00",,,
https://www.shoptashisha.fr/,,Local,,15/02/2026,"46 068,00",,,
https://www.feteacrea.fr/,,Local,,15/02/2026,"46 068,00",,,
https://www.animalerie-nantaise.fr/,,Local,,15/02/2026,"46 068,00",,,
https://www.northmoontattoopiercing.fr/tatouage,,Local,,15/02/2026,"46 068,00",,,
https://www.enovatech.fr/custom-ou-cms-tel-est-la-question/,,Local,,15/02/2026,"46 068,00",,,
https://id-consulting.fr/communication/,,Local,,15/02/2026,"46 068,00",,,
https://www.leduplextoulouse.fr/,,Local,,15/02/2026,"46 068,00",,,
https://www.mmbatiment.fr/,,Local,,15/02/2026,"46 068,00",,,
https://www.sud-elec83.fr/,,Local,,15/02/2026,"46 068,00",,,
https://www.sgbtp.fr/,,Local,,15/02/2026,"46 068,00",,,
https://www.phodpho.fr/,,Local,,15/02/2026,"46 068,00",,,
https://www.aticoaching.fr/,,Local,,15/02/2026,"46 068,00",,,
https://www.mmc-ajaccio.fr/,,Local,,15/02/2026,"46 068,00",,,
https://www.restauration-la-recreation-lourmarin.fr/,,Local,,15/02/2026,"46 068,00",,,
https://www.ouest-azur.fr/,,Local,,15/02/2026,"46 068,00",,,
https://www.airclimpro.fr/,,Local,,15/02/2026,"46 068,00",,,
https://www.stadium16.fr/,,Local,,15/02/2026,"46 068,00",,,
https://www.spienergies64-40.fr/,,Local,,15/02/2026,"46 068,00",,,
https://www.plomberie-massiau.fr/,,Local,,15/02/2026,"46 068,00",,,
https://www.legarageacuir.com/,,Local,,15/02/2026,"46 068,00",,,
https://www.plombier-valleedelarve.fr/,,Local,,15/02/2026,"46 068,00",,,
https://www.restaurantlafondue.fr/,,Local,,15/02/2026,"46 068,00",,,
https://www.ccbp-40.fr/,,Local,,15/02/2026,"46 068,00",,,
https://www.klg-traiteur.fr/,,Local,,15/02/2026,"46 068,00",,,
https://www.biosen57.fr/,,Local,,15/02/2026,"46 068,00",,,
https://www.le-marchand-de-vins.fr/,,Local,,15/02/2026,"46 068,00",,,
https://www.restaurantlerossetti.fr/,,Local,,15/02/2026,"46 068,00",,,
https://www.vertipaysage.fr/,,Local,,15/02/2026,"46 068,00",,,
https://www.plomberie-dijon-21.fr/,,Local,,15/02/2026,"46 068,00",,,
https://www.volonte-eric.fr/,,Local,,15/02/2026,"46 068,00",,,
https://www.bateau-toulouse.fr/,,Local,,15/02/2026,"46 068,00",,,
https://www.alu-menuiserie.fr/,,Local,,15/02/2026,"46 068,00",,,
https://www.maison-paolantonacci.fr/,,Local,,15/02/2026,"46 068,00",,,
https://www.abs-elagage.fr/,,Local,,15/02/2026,"46 068,00",,,
https://www.mcgym.fr/,,Local,,15/02/2026,"46 068,00",,,
https://www.saveursetdouceurs35.fr/,,Local,,15/02/2026,"46 068,00",,,
https://www.gibao.fr/,,Local,,15/02/2026,"46 068,00",,,
https://www.love-room-alsace-67.fr/,,Local,,15/02/2026,"46 068,00",,,
https://www.costadifiori-location.fr/,,Local,,15/02/2026,"46 068,00",,,
https://www.class-vtc-paca.fr/,,Local,,15/02/2026,"46 068,00",,,
https://www.sanichauffe28.fr/,,Local,,15/02/2026,"46 068,00",,,
https://www.restaurant-lebellagio.fr/,,Local,,15/02/2026,"46 068,00",,,
https://www.sarl-manzagol.fr/,,Local,,15/02/2026,"46 068,00",,,
https://www.mecatract.fr/,,Local,,15/02/2026,"46 068,00",,,
https://www.svrenovations.fr/,,Local,,15/02/2026,"46 068,00",,,
https://www.mecassur.fr/,,Local,,15/02/2026,"46 068,00",,,
https://www.veloop.fr/,,Local,,15/02/2026,"46 068,00",,,
https://www.corse-moto-location.fr/,,Local,,15/02/2026,"46 068,00",,,
https://www.ledomainedejude-pensionelevage.fr/,,Local,,15/02/2026,"46 068,00",,,
https://www.m-tech-piscine.fr/,,Local,,15/02/2026,"46 068,00",,,
https://www.lylacreation.fr/,,Local,,15/02/2026,"46 068,00",,,
https://www.audecafeinne-jeux.fr/,,Local,,15/02/2026,"46 068,00",,,
https://www.menuiserie-pvc-alu-eure.fr/,,Local,,15/02/2026,"46 068,00",,,
https://www.gonzopneu.fr/,,Local,,15/02/2026,"46 068,00",,,
https://www.ludovic-espaces-verts.fr/,,Local,,15/02/2026,"46 068,00",,,
https://www.optique-licorne.com/,,Local,,15/02/2026,"46 068,00",,,
https://www.mgdepannage.fr/,,Local,,15/02/2026,"46 068,00",,,
https://www.nauticorse.com/,,Local,,15/02/2026,"46 068,00",,,
https://www.ma-facade.fr/,,Local,,15/02/2026,"46 068,00",,,
https://www.les2cabanes.com/,,Local,,15/02/2026,"46 068,00",,,
https://www.casa-pizza-du-cotentin.fr/,,Local,,15/02/2026,"46 068,00",,,
https://www.123nouvellesenergies.fr/,,Local,,15/02/2026,"46 068,00",,,
https://www.m-valentine.fr/,,Local,,15/02/2026,"46 068,00",,,
https://www.mangapop.fr/,,Local,,15/02/2026,"46 068,00",,,
https://www.les-pizzas-des-caprices-ruffec.fr/,,Local,,15/02/2026,"46 068,00",,,
https://www.relooking-deco.fr/,,Local,,15/02/2026,"46 068,00",,,
https://www.maconsdusud.fr/,,Local,,15/02/2026,"46 068,00",,,
https://www.lesalon68.fr/,,Local,,15/02/2026,"46 068,00",,,
https://www.lafermedantantregunc.fr/,,Local,,15/02/2026,"46 068,00",,,
https://www.s-permis.fr/,,Local,,15/02/2026,"46 068,00",,,
https://www.pressing115.fr/,,Local,,15/02/2026,"46 068,00",,,
https://www.restaurant-ganesha.fr/,,Local,,15/02/2026,"46 068,00",,,
https://www.ucasteddu.fr/,,Local,,15/02/2026,"46 068,00",,,
https://www.mickaelzenenergie.com/,,Local,,15/02/2026,"46 068,00",,,
https://www.cynthiafavrel.fr/,,Local,,15/02/2026,"46 068,00",,,
https://www.restaurant-cala.fr/,,Local,,15/02/2026,"46 068,00",,,
https://www.dadinopizze.fr/,,Local,,15/02/2026,"46 068,00",,,
https://www.laconciergeriedesducs.com/,,Local,,15/02/2026,"46 068,00",,,
https://www.charolais-better.fr/,,Local,,15/02/2026,"46 068,00",,,
https://www.gironde-toitures.fr/,,Local,,15/02/2026,"46 068,00",,,
https://www.meca-pneus74.fr/,,Local,,15/02/2026,"46 068,00",,,
https://www.le-commerce.fr/,,Local,,15/02/2026,"46 068,00",,,
https://www.mecafoxengineering.fr/,,Local,,15/02/2026,"46 068,00",,,
https://www.galerie-charivari.fr/,,Local,,15/02/2026,"46 068,00",,,
https://www.charcuterie-guidoni.fr/,,Local,,15/02/2026,"46 068,00",,,
https://www.auvergne-remorques.com/,,Local,,15/02/2026,"46 068,00",,,
https://www.leaurendjardins-84.com/,,Local,,15/02/2026,"46 068,00",,,
https://www.lesbiscuitsdezilia.com/,,Local,,15/02/2026,"46 068,00",,,
https://www.menuiserie-industrielle47.fr/,,Local,,15/02/2026,"46 068,00",,,
https://www.monmeilleuranniversaire.com/,,Local,,15/02/2026,"46 068,00",,,
https://www.boutique-princesse-sarah.fr/,,Local,,15/02/2026,"46 068,00",,,
https://www.lacasbah-bastia.fr/,,Local,,15/02/2026,"46 068,00",,,
https://www.ll-sanitaire.fr/,,Local,,15/02/2026,"46 068,00",,,
https://www.menuiserie-mdb-03.fr/,,Local,,15/02/2026,"46 068,00",,,
https://www.menuiserie-creation.fr/,,Local,,15/02/2026,"46 068,00",,,
https://www.arc-carrelage.fr/,,Local,,15/02/2026,"46 068,00",,,
https://www.paysagebigouden.fr/,,Local,,15/02/2026,"46 068,00",,,
https://www.leschouchousdesevy.fr/,,Local,,15/02/2026,"46 068,00",,,
https://www.gite-auberge-les-cascades.fr/,,Local,,15/02/2026,"46 068,00",,,
https://www.charcuterie-corse-pietralba.com/,,Local,,15/02/2026,"46 068,00",,,
https://www.cactusdenormandie.fr/,,Local,,15/02/2026,"46 068,00",,,
https://www.k-g-coaching.com/,,Local,,15/02/2026,"46 068,00",,,
https://www.atelier-dagencement-interieur.fr/,,Local,,15/02/2026,"46 068,00",,,
https://www.interiastudio.fr/,,Local,,15/02/2026,"46 068,00",,,
https://www.latelierfleuriste73.fr/,,Local,,15/02/2026,"46 068,00",,,
https://www.rob-art.fr/,,Local,,15/02/2026,"46 068,00",,,
https://www.lespattesdours.fr/,,Local,,15/02/2026,"46 068,00",,,
https://www.lespace-jardins.fr/,,Local,,15/02/2026,"46 068,00",,,
https://www.le-ptit-facadier.fr/,,Local,,15/02/2026,"46 068,00",,,
https://www.cbecanes.fr/,,Local,,15/02/2026,"46 068,00",,,
https://www.les-loges-de-la-beaute.fr/,,Local,,15/02/2026,"46 068,00",,,
https://www.elevageamarok.fr/,,Local,,15/02/2026,"46 068,00",,,
https://www.rlc-electricite-56.fr/,,Local,,15/02/2026,"46 068,00",,,
https://www.lauraslens.net/,,Local,,15/02/2026,"46 068,00",,,
https://www.paysagiste-chamonix.fr/,,Local,,15/02/2026,"46 068,00",,,
https://www.accordsreparations63.fr/,,Local,,15/02/2026,"46 068,00",,,
https://www.ecuriesdelaseillere.fr/,,Local,,15/02/2026,"46 068,00",,,
https://www.ideealtransport.fr/,,Local,,15/02/2026,"46 068,00",,,
https://www.utumapu-ink.com/,,Local,,15/02/2026,"46 068,00",,,
https://www.lucas-merignac.fr/,,Local,,15/02/2026,"46 068,00",,,
https://www.produdem.fr/,,Local,,15/02/2026,"46 068,00",,,
https://www.misterflat.fr/,,Local,,15/02/2026,"46 068,00",,,
https://www.rl-traiteur.fr/,,Local,,15/02/2026,"46 068,00",,,
https://www.hotel-duliondor.com/fr,,Local,,15/02/2026,"46 068,00",,,
https://www.nettoyage-auch-32.fr/,,Local,,15/02/2026,"46 068,00",,,
https://www.hotel-mas-des-gres-luberon.fr/,,Local,,15/02/2026,"46 068,00",,,
https://www.restaurant-lesylva.com/,,Local,,15/02/2026,"46 068,00",,,
https://www.domainedelatesta.fr/,,Local,,15/02/2026,"46 068,00",,,
https://www.taxidiagravona-20.fr/,,Local,,15/02/2026,"46 068,00",,,
https://www.auvergnature.fr/,,Local,,15/02/2026,"46 068,00",,,
https://www.demenagementbiguet.fr/,,Local,,15/02/2026,"46 068,00",,,
https://www.la-chouette-dor.fr/,,Local,,15/02/2026,"46 068,00",,,
https://www.l-et-m-autos.fr/,,Local,,15/02/2026,"46 068,00",,,
https://www.plombinnov-11.fr/,,Local,,15/02/2026,"46 068,00",,,
https://www.masterpizz.fr/,,Local,,15/02/2026,"46 068,00",,,
https://www.behnettoyage.fr/,,Local,,15/02/2026,"46 068,00",,,
https://www.gmvtc.fr/,,Local,,15/02/2026,"46 068,00",,,
https://www.import-export17.fr/fr,,Local,,15/02/2026,"46 068,00",,,
https://www.danicursino.com/,,Local,,15/02/2026,"46 068,00",,,
https://www.ocatchats.fr/,,Local,,15/02/2026,"46 068,00",,,
https://www.c-zip65.fr/,,Local,,15/02/2026,"46 068,00",,,
https://www.conciergerie-manouchka-datcha.fr/,,Local,,15/02/2026,"46 068,00",,,
https://www.conceptball.fr/,,Local,,15/02/2026,"46 068,00",,,
https://www.reseaudspro.com/,,Local,,15/02/2026,"46 068,00",,,
https://www.coolevents.fr/,,Local,,15/02/2026,"46 068,00",,,
https://www.nsplomberie31.fr/,,Local,,15/02/2026,"46 068,00",,,
https://www.lefevre-garagemobile-60.fr/,,Local,,15/02/2026,"46 068,00",,,
https://www.lepoissonrouge-caen.fr/,,Local,,15/02/2026,"46 068,00",,,
https://www.vision-container.fr/,,Local,,15/02/2026,"46 068,00",,,
https://www.dogandcatelegance.fr/,,Local,,15/02/2026,"46 068,00",,,
https://www.bcp-idf.fr/,,Local,,15/02/2026,"46 068,00",,,
https://www.maisons-terre-mer.com/,,Local,,15/02/2026,"46 068,00",,,
https://www.trainingdietethic.fr/,,Local,,15/02/2026,"46 068,00",,,
https://www.you-charpentebois.fr/,,Local,,15/02/2026,"46 068,00",,,
https://www.emy-market.com/,,Local,,15/02/2026,"46 068,00",,,
https://www.calamiaplage06.fr/,,Local,,15/02/2026,"46 068,00",,,
https://www.chemins-et-paddocks.com/,,Local,,15/02/2026,"46 068,00",,,
https://www.carel-carrelage-sanitaire.fr/,,Local,,15/02/2026,"46 068,00",,,
https://www.lelyonvert.fr/,,Local,,15/02/2026,"46 068,00",,,
https://www.portes-portails-villefranche-sur-saone.fr/,,Local,,15/02/2026,"46 068,00",,,
https://www.lartisanat-portovecchio.fr/,,Local,,15/02/2026,"46 068,00",,,
https://www.templiers-collioure.fr/,,Local,,15/02/2026,"46 068,00",,,
https://www.dogtrailer.fr/,,Local,,15/02/2026,"46 068,00",,,
https://www.tf-ramonage.fr/,,Local,,15/02/2026,"46 068,00",,,
https://www.esprit-montagne.org/,,Local,,15/02/2026,"46 068,00",,,
https://www.lavernelle.net/,,Local,,15/02/2026,"46 068,00",,,
https://www.restauranthoteldefrance.fr/,,Local,,15/02/2026,"46 068,00",,,
https://www.auxpetitssabots.com/,,Local,,15/02/2026,"46 068,00",,,
https://www.etancheitedesalberes.fr/,,Local,,15/02/2026,"46 068,00",,,
https://www.etp-gaffory.fr/,,Local,,15/02/2026,"46 068,00",,,
https://www.jm-espaces-verts13.fr/,,Local,,15/02/2026,"46 068,00",,,
https://www.aubergedespins.fr/,,Local,,15/02/2026,"46 068,00",,,
https://www.ecb-34.fr/,,Local,,15/02/2026,"46 068,00",,,
https://www.lhb-menuiserie.fr/,,Local,,15/02/2026,"46 068,00",,,
https://www.ajm-climatisation.fr/,,Local,,15/02/2026,"46 068,00",,,
https://www.laverie-biarritz.fr/,,Local,,15/02/2026,"46 068,00",,,
http://www.theglobe.net/the_worlds_most_visited_web_pages_67/,,Local,,15/02/2026,"46 068,00",,,
https://untempspourtout.com/2014/04/16/super-jeanie-ou-pas/,,Local,,15/02/2026,"46 068,00",,,
https://www.tricom.com.tn/,,Local,,15/02/2026,"46 068,00",,,
https://www.glec.fr/mentions-legales,,Local,,15/02/2026,"46 068,00",,,
https://antidote-digital.com/blog/local-pack-google/,,Local,,15/02/2026,"46 068,00",,,
https://www.sani-chauffe60.fr/mention-legales,,Local,,15/02/2026,"46 068,00",,,
https://www.bullzattitude.com/,,Local,,15/02/2026,"46 068,00",,,
https://www.confortbois.com/,,Local,,15/02/2026,"46 068,00",,,
https://www.foxseedsgap-cbd.fr/,,Local,,15/02/2026,"46 068,00",,,
https://www.rcsanitaire-alsace.fr/,,Local,,15/02/2026,"46 068,00",,,
https://www.crb-btp.fr/,,Local,,15/02/2026,"46 068,00",,,
https://www.vapodream-cbd.fr/,,Local,,15/02/2026,"46 068,00",,,
https://www.maconnerie-generale-04.fr/,,Local,,15/02/2026,"46 068,00",,,
https://www.abcoffeeandtea.com/,,Local,,15/02/2026,"46 068,00",,,
https://www.osteopathe-baptiste-roy.fr/,,Local,,15/02/2026,"46 068,00",,,
https://www.reno-fa-34.fr/,,Local,,15/02/2026,"46 068,00",,,
https://lesvolaillesdubruchoua.com/mentions-legales/,,Local,,15/02/2026,"46 068,00",,,
https://www.mapiscinemobile.fr/,,Local,,15/02/2026,"46 068,00",,,
https://www.gigiart68.fr/,,Local,,15/02/2026,"46 068,00",,,
https://www.antoine-paysage.fr/,,Local,,15/02/2026,"46 068,00",,,
https://www.chambon-thiers.fr/,,Local,,15/02/2026,"46 068,00",,,
https://www.severandavid.fr/,,Local,,15/02/2026,"46 068,00",,,
https://www.services3a.fr/,,Local,,15/02/2026,"46 068,00",,,
https://www.langeaisvitrier37.fr/,,Local,,15/02/2026,"46 068,00",,,
https://www.sasefleuries.fr/,,Local,,15/02/2026,"46 068,00",,,
https://www.fr-couverture-maconnerie.fr/,,Local,,15/02/2026,"46 068,00",,,
https://www.jaubert-espaces-verts.fr/,,Local,,15/02/2026,"46 068,00",,,
https://www.comme-un-ange-29.com/,,Local,,15/02/2026,"46 068,00",,,
https://www.menuiserie-mcn-la-rochelle.fr/,,Local,,15/02/2026,"46 068,00",,,
https://www.tandooriflame.fr/,,Local,,15/02/2026,"46 068,00",,,
https://www.expertise-batiment-06.fr/,,Local,,15/02/2026,"46 068,00",,,
https://www.realestate-insiders.com/blog/appartement-a-louer-metz-guide-pratique-pour-trouver-le-logement-ideal,,Local,,15/02/2026,"46 068,00",,,
http://sav.org/archeoviuz/liens.html,,Local,,15/02/2026,"46 068,00",,,
https://sud-literie.fr/mentions-legales/,,Local,,15/02/2026,"46 068,00",,,
https://www.maitredoumbouya.fr/mentions-legales,,Local,,15/02/2026,"46 068,00",,,
https://www.digit-ohm.fr/mentions-legales,,Local,,15/02/2026,"46 068,00",,,
https://astrepowersecurite.fr/mentions-legales/,,Local,,15/02/2026,"46 068,00",,,
https://www.domaine-saintroch.com/mentions-legales,,Local,,15/02/2026,"46 068,00",,,
https://www.faverial-nettoyage.fr/mentions-legales,,Local,,15/02/2026,"46 068,00",,,
http://1-agenda-2-toulouse.blogspot.com/,,Local,,15/02/2026,"46 068,00",,,
https://www.lentre-deux-restaurant.fr/mentions-legales,,Local,,15/02/2026,"46 068,00",,,
https://www.atelier-coup-de-fil.fr/mentions-legales,,Local,,15/02/2026,"46 068,00",,,
https://www.sb13renovation.fr/mentions-legales,,Local,,15/02/2026,"46 068,00",,,
https://www.transhabitatmobil.com/mentions-legales,,Local,,15/02/2026,"46 068,00",,,
https://www.lepanierdelepicier.fr/mentions-legales,,Local,,15/02/2026,"46 068,00",,,
https://www.auxfilsdecaro.fr/mentions-legales,,Local,,15/02/2026,"46 068,00",,,
https://www.metre-en-cuisine.fr/mentions-legales,,Local,,15/02/2026,"46 068,00",,,
https://www.smo-herault.fr/mentions-legales,,Local,,15/02/2026,"46 068,00",,,
https://www.cactusetagaves.fr/mentions-legales/,,Local,,15/02/2026,"46 068,00",,,
https://www.toppiscine.com/mentions-legales,,Local,,15/02/2026,"46 068,00",,,
https://www.l-auberge-du-vigneron.fr/mentions-legales,,Local,,15/02/2026,"46 068,00",,,
https://www.amd-menuiseriedepaix.fr/mentions-legales,,Local,,15/02/2026,"46 068,00",,,
https://www.rc-coaching.fr/mentions-legales,,Local,,15/02/2026,"46 068,00",,,
https://www.moulin-pare-brise.fr/mentions-legales,,Local,,15/02/2026,"46 068,00",,,
https://www.adps-plomberie-depannage.fr/mentions-legales,,Local,,15/02/2026,"46 068,00",,,
https://www.dominiquegauchon.fr/mentions-legales,,Local,,15/02/2026,"46 068,00",,,
https://www.brasserie-egua.fr/mentions-legales,,Local,,15/02/2026,"46 068,00",,,
https://www.vgpiscine.com/mentions-legales,,Local,,15/02/2026,"46 068,00",,,
https://www.26corner.fr/mentions-legales,,Local,,15/02/2026,"46 068,00",,,
https://www.laboucherie-deshautsalpins.fr/mentions-legales,,Local,,15/02/2026,"46 068,00",,,
https://www.jardin-dentre-leau.fr/mentions-legales,,Local,,15/02/2026,"46 068,00",,,
https://www.ledenoccitan.fr/mentions-legales/,,Local,,15/02/2026,"46 068,00",,,
https://www.caminhos-de-portugal.fr/mentions-legales,,Local,,15/02/2026,"46 068,00",,,
https://www.palladium-nevers.fr/mentions-legales,,Local,,15/02/2026,"46 068,00",,,
https://www.corentin-gogue-preparateurmental34.fr/mentions-legales,,Local,,15/02/2026,"46 068,00",,,
https://www.herbesetpierres-83.com/mentions-legales,,Local,,15/02/2026,"46 068,00",,,
https://www.home-elec-02.fr/mentions-legales,,Local,,15/02/2026,"46 068,00",,,
https://www.cea41.fr/mentions-legales,,Local,,15/02/2026,"46 068,00",,,
https://www.hydropieces.com/mentions-legales,,Local,,15/02/2026,"46 068,00",,,
https://www.thibaut-jouveaux.fr/mentions-legales,,Local,,15/02/2026,"46 068,00",,,
https://www.le-for-you.fr/mentions-legales,,Local,,15/02/2026,"46 068,00",,,
https://www.maison-de-la-montagne.com/mentions-legales,,Local,,15/02/2026,"46 068,00",,,
https://www.fornicelovers.com/fr/meilleurs/specialistes-de-la-redaction-d-articles-nice,,Local,,15/02/2026,"46 068,00",,,
https://www.hotelcasamatteu.fr/mentions-legales,,Local,,15/02/2026,"46 068,00",,,
https://www.kmaina13.fr/mentions-legales,,Local,,15/02/2026,"46 068,00",,,
https://www.lafermecarmaux.fr/mentions-legales,,Local,,15/02/2026,"46 068,00",,,
https://www.tendance-confort.fr/mentions-legales,,Local,,15/02/2026,"46 068,00",,,
https://www.equivracardeche.com/mentions-legales,,Local,,15/02/2026,"46 068,00",,,
https://www.lenvoleedeschrysalides.fr/mentions-legales,,Local,,15/02/2026,"46 068,00",,,
https://www.lerucherdesormes.fr/mentions-legales,,Local,,15/02/2026,"46 068,00",,,
https://agence.contact/33-gironde/merignac/agence-de-publicite/3757-local-fr-creation-site-internet-bordeaux.html,,Local,,15/02/2026,"46 068,00",,,
https://www.bycurves-photographie.fr/mentions-legales,,Local,,15/02/2026,"46 068,00",,,
https://www.galerieamgm.com/mentions-legales,,Local,,15/02/2026,"46 068,00",,,
https://www.dcclean.fr/mentions-legales,,Local,,15/02/2026,"46 068,00",,,
https://www.boucherie-chevaline-bataille.fr/mentions-legales,,Local,,15/02/2026,"46 068,00",,,
https://www.menuiserieduhautquercy.fr/mentions-legales,,Local,,15/02/2026,"46 068,00",,,
https://www.aurels-beaute.fr/mentions-legales,,Local,,15/02/2026,"46 068,00",,,
https://www.epicerie-bezouce.fr/mentions-legales,,Local,,15/02/2026,"46 068,00",,,
https://www.cheese.photo/mentions-legales,,Local,,15/02/2026,"46 068,00",,,
https://www.aux-ateliers.fr/mentions-legales,,Local,,15/02/2026,"46 068,00",,,
https://www.oliviermorali-coachequestre.fr/mentions-legales,,Local,,15/02/2026,"46 068,00",,,
https://www.lerelaisreinemathilde.com/mentions-legales,,Local,,15/02/2026,"46 068,00",,,
https://www.eurebat.fr/mentions-legales,,Local,,15/02/2026,"46 068,00",,,
https://www.alp-elec-isere.fr/mentions-legales,,Local,,15/02/2026,"46 068,00",,,
https://www.brasserie-baccarat.fr/mentions-legales,,Local,,15/02/2026,"46 068,00",,,
https://www.leshallesdasie.fr/mentions-legales,,Local,,15/02/2026,"46 068,00",,,
https://www.le-b.fr/mentions-legales,,Local,,15/02/2026,"46 068,00",,,
https://www.boulangerielegallais.fr/mentions-legales,,Local,,15/02/2026,"46 068,00",,,
https://www.chauffeurdriver-cannesrivieravtc.com/mentions-legales,,Local,,15/02/2026,"46 068,00",,,
https://www.aklab.fr/mentions-legales,,Local,,15/02/2026,"46 068,00",,,
https://www.guidanceverslebienetre.fr/mentions-legales,,Local,,15/02/2026,"46 068,00",,,
https://www.dj-repar81.fr/mentions-legales,,Local,,15/02/2026,"46 068,00",,,
https://www.clair-cottage.fr/mentions-legales,,Local,,15/02/2026,"46 068,00",,,
https://www.atoutboisbycasoni.fr/mentions-legales,,Local,,15/02/2026,"46 068,00",,,
https://www.gaecbibollet.fr/mentions-legales,,Local,,15/02/2026,"46 068,00",,,
https://www.lodges-spas-meisenthal.fr/mentions-legales,,Local,,15/02/2026,"46 068,00",,,
https://www.hotel-corrieu.fr/mentions-legales/,,Local,,15/02/2026,"46 068,00",,,
https://www.lesjardinsdechampagne.fr/mentions-legales,,Local,,15/02/2026,"46 068,00",,,
https://www.maisonphilippepele.fr/mentions-legales,,Local,,15/02/2026,"46 068,00",,,
https://www.gaecdeschataigniers.fr/mentions-legales,,Local,,15/02/2026,"46 068,00",,,
https://www.labonheure.fr/mentions-legales,,Local,,15/02/2026,"46 068,00",,,
https://www.restaurantlescrozets.fr/mentions-legales,,Local,,15/02/2026,"46 068,00",,,
https://www.inkit.fr/mentions-legales,,Local,,15/02/2026,"46 068,00",,,
https://www.wellness-nutrition-ec.fr/mentions-legales,,Local,,15/02/2026,"46 068,00",,,
https://www.esthetique-pontarlier.fr/mentions-legales,,Local,,15/02/2026,"46 068,00",,,
https://www.corse3d.fr/mentions-legales,,Local,,15/02/2026,"46 068,00",,,
https://www.linstinctduchien.fr/mentions-legales,,Local,,15/02/2026,"46 068,00",,,
https://www.domaine-de-la-violette.fr/mentions-legales,,Local,,15/02/2026,"46 068,00",,,
https://www.debarrascotedazur.com/mentions-legales,,Local,,15/02/2026,"46 068,00",,,
https://www.chezbenetpauline.fr/mentions-legales,,Local,,15/02/2026,"46 068,00",,,
https://www.monsushi.fr/mentions-legales,,Local,,15/02/2026,"46 068,00",,,
https://www.vitecoenergy.fr/mentions-legales,,Local,,15/02/2026,"46 068,00",,,
https://www.garayoa-briere.fr/mentions-legales,,Local,,15/02/2026,"46 068,00",,,
https://www.alexretro.fr/mentions-legales,,Local,,15/02/2026,"46 068,00",,,
https://www.lesjardinsdelaetitia-ales.fr/mentions-legales,,Local,,15/02/2026,"46 068,00",,,
https://www.npcchaufffage.fr/mentions-legales,,Local,,15/02/2026,"46 068,00",,,
https://www.lebazar-vichy.fr/mentions-legales,,Local,,15/02/2026,"46 068,00",,,
https://www.sarlboissetmenuiserie.fr/mentions-legales,,Local,,15/02/2026,"46 068,00",,,
https://www.latelierfreeson.fr/mentions-legales,,Local,,15/02/2026,"46 068,00",,,
https://www.wcacholet.fr/mentions-legales,,Local,,15/02/2026,"46 068,00",,,
https://www.annabellecroci.com/mentions-legales/,,Local,,15/02/2026,"46 068,00",,,
https://www.tout-propre-service.fr/mentions-legales,,Local,,15/02/2026,"46 068,00",,,
https://www.motorshopperformance.fr/mentions-legales,,Local,,15/02/2026,"46 068,00",,,
https://www.costarenovation.fr/mentions-legales,,Local,,15/02/2026,"46 068,00",,,
https://domainedelagiscle.com/legislation-rgpd/,,Local,,15/02/2026,"46 068,00",,,
https://www.zlg-energies-renouvelables.fr/mentions-legales,,Local,,15/02/2026,"46 068,00",,,
https://www.lagrange-burger-erdeven.fr/mentions-legales,,Local,,15/02/2026,"46 068,00",,,
https://www.cultureduvin.eu/mentions-legales,,Local,,15/02/2026,"46 068,00",,,
https://www.fcars31.fr/mentions-legales,,Local,,15/02/2026,"46 068,00",,,
https://www.epicerielaranchalaise.fr/mentions-legales,,Local,,15/02/2026,"46 068,00",,,
https://www.hygiene-et-services.fr/mentions-legales,,Local,,15/02/2026,"46 068,00",,,
https://www.sarlbetg.com/mentions-legales,,Local,,15/02/2026,"46 068,00",,,
https://www.climatiz54.fr/mentions-legales,,Local,,15/02/2026,"46 068,00",,,
https://www.aaa-l.fr/mentions-legales,,Local,,15/02/2026,"46 068,00",,,
https://www.ricam-infos.fr/mentions-legales,,Local,,15/02/2026,"46 068,00",,,
https://www.bistrot-de-la-mairie.fr/mentions-legales,,Local,,15/02/2026,"46 068,00",,,
https://www.la-ferme-les-meuh-tagnes.fr/mentions-legales,,Local,,15/02/2026,"46 068,00",,,
https://www.gaecleporcbrionnais.fr/mentions-legales,,Local,,15/02/2026,"46 068,00",,,
https://www.les-pirates-dhesdin.fr/mentions-legales,,Local,,15/02/2026,"46 068,00",,,
https://www.legrandcafelimoux.com/mentions-legales,,Local,,15/02/2026,"46 068,00",,,
https://www.restaurant-la-bourgade.fr/mentions-legales,,Local,,15/02/2026,"46 068,00",,,
https://www.scp-veto-aix.fr/mentions-legales,,Local,,15/02/2026,"46 068,00",,,
https://www.rm-assistance-67.fr/mentions-legales,,Local,,15/02/2026,"46 068,00",,,
https://www.dallois-a.fr/mentions-legales,,Local,,15/02/2026,"46 068,00",,,
https://www.yohannangot-50.fr/mentions-legales,,Local,,15/02/2026,"46 068,00",,,
https://www.atelier-creation.fr/mentions-legales,,Local,,15/02/2026,"46 068,00",,,
https://www.phone-repair68.fr/mentions-legales,,Local,,15/02/2026,"46 068,00",,,
https://www.dc2s-securite.fr/mentions-legales,,Local,,15/02/2026,"46 068,00",,,
https://www.entreprise-debard.fr/mentions-legales,,Local,,15/02/2026,"46 068,00",,,
https://www.gaec-of-thrones.fr/mentions-legales,,Local,,15/02/2026,"46 068,00",,,
https://www.ngkarrosserie.fr/mentions-legales,,Local,,15/02/2026,"46 068,00",,,
https://www.lesmondesflottants-tatouage.fr/mentions-legales,,Local,,15/02/2026,"46 068,00",,,
https://www.lbtauto-carrosserie.fr/mentions-legales,,Local,,15/02/2026,"46 068,00",,,
https://www.autempsdespains.com/mentions-legales,,Local,,15/02/2026,"46 068,00",,,
https://www.clementlebraud-photographe.fr/mentions-legales,,Local,,15/02/2026,"46 068,00",,,
https://www.penselec-electricitegenerale.com/mentions-legales,,Local,,15/02/2026,"46 068,00",,,
https://www.guillaume-voiturier.com/mentions-legales,,Local,,15/02/2026,"46 068,00",,,
https://www.fromage-dantan.fr/mentions-legales,,Local,,15/02/2026,"46 068,00",,,
https://www.pizzeria-lecabanon74.fr/mentions-legales,,Local,,15/02/2026,"46 068,00",,,
https://www.carrosserie-thomasse.fr/mentions-legales,,Local,,15/02/2026,"46 068,00",,,
https://www.cbdurbanshop.fr/mentions-legales,,Local,,15/02/2026,"46 068,00",,,
https://www.lombard-recuperationdemetaux.com/mentions-legales,,Local,,15/02/2026,"46 068,00",,,
https://www.trott-in-nature.com/mentions-legales,,Local,,15/02/2026,"46 068,00",,,
https://www.justcrear.fr/mentions-legales,,Local,,15/02/2026,"46 068,00",,,
https://www.mirifik.fr/mentions-legales,,Local,,15/02/2026,"46 068,00",,,
https://www.le-jardin-eden.fr/mentions-legales,,Local,,15/02/2026,"46 068,00",,,
https://www.claudiabrianchon.com/mentions-legales,,Local,,15/02/2026,"46 068,00",,,
https://www.marie-isoard-psy.fr/mentions-legales,,Local,,15/02/2026,"46 068,00",,,
https://www.edim-diagnostics.fr/mentions-legales,,Local,,15/02/2026,"46 068,00",,,
https://www.carwash82.fr/mentions-legales,,Local,,15/02/2026,"46 068,00",,,
https://www.nkelec.fr/mentions-legales,,Local,,15/02/2026,"46 068,00",,,
https://www.my-hooxy.com/mentions-legales,,Local,,15/02/2026,"46 068,00",,,
https://www.bellavistacorse.fr/mentions-legales,,Local,,15/02/2026,"46 068,00",,,
https://www.equilem.fr/mentions-legales,,Local,,15/02/2026,"46 068,00",,,
https://www.torotruck.com/mentions-legales,,Local,,15/02/2026,"46 068,00",,,
https://www.abc-securita.fr/mentions-legales,,Local,,15/02/2026,"46 068,00",,,
https://www.lebonhommevert.fr/mentions-legales,,Local,,15/02/2026,"46 068,00",,,
https://www.coxynails.fr/mentions-legales,,Local,,15/02/2026,"46 068,00",,,
https://www.epicerie-angel.fr/mentions-legales,,Local,,15/02/2026,"46 068,00",,,
https://www.hminternational2b.com/mentions-legales,,Local,,15/02/2026,"46 068,00",,,
https://www.metalworkart.fr/mentions-legales,,Local,,15/02/2026,"46 068,00",,,
https://www.lecommecheztoi.fr/mentions-legales,,Local,,15/02/2026,"46 068,00",,,
https://www.metsenvin.fr/mentions-legales,,Local,,15/02/2026,"46 068,00",,,
https://www.abacvloiret.com/mentions-legales,,Local,,15/02/2026,"46 068,00",,,
https://www.deco-industrielle-conception.fr/mentions-legales,,Local,,15/02/2026,"46 068,00",,,
https://www.clean-tech04.fr/mentions-legales,,Local,,15/02/2026,"46 068,00",,,
https://www.epiceriedevero.fr/mentions-legales,,Local,,15/02/2026,"46 068,00",,,
https://www.lespetitspainsdedith.fr/mentions-legales,,Local,,15/02/2026,"46 068,00",,,
https://www.dads-garage.fr/mentions-legales,,Local,,15/02/2026,"46 068,00",,,
https://www.espacecbdetente.fr/mentions-legales,,Local,,15/02/2026,"46 068,00",,,
https://www.chevalcathare.eu/mentions-legales,,Local,,15/02/2026,"46 068,00",,,
https://www.lachimererestaurant.fr/mentions-legales,,Local,,15/02/2026,"46 068,00",,,
https://www.jpgoy.com/mentions-legales,,Local,,15/02/2026,"46 068,00",,,
https://www.les-escargots-damandine.fr/mentions-legales,,Local,,15/02/2026,"46 068,00",,,
https://www.brasserie-du-moustier.fr/mentions-legales,,Local,,15/02/2026,"46 068,00",,,
https://www.valetjean.fr/mentions-legales,,Local,,15/02/2026,"46 068,00",,,
https://www.lacabine38.fr/mentions-legales,,Local,,15/02/2026,"46 068,00",,,
https://www.electricite-electromessager.fr/mentions-legales,,Local,,15/02/2026,"46 068,00",,,
https://www.camillescharwath-photographe.fr/mentions-legales,,Local,,15/02/2026,"46 068,00",,,
https://www.chezpapayou.fr/mentions-legales,,Local,,15/02/2026,"46 068,00",,,
https://www.cbc66.fr/mentions-legales/,,Local,,15/02/2026,"46 068,00",,,
https://www.artigwez.com/mentions-legales,,Local,,15/02/2026,"46 068,00",,,
https://www.emeraude-services.com/mentions-legales,,Local,,15/02/2026,"46 068,00",,,
https://www.plomberieservice83.fr/mentions-legales,,Local,,15/02/2026,"46 068,00",,,
https://philinformatique.fr/partenaires/,,Local,,15/02/2026,"46 068,00",,,
https://www.kings-shop.com/mentions-legales,,Local,,15/02/2026,"46 068,00",,,
https://www.fibres-technologie.com/mentions-legales,,Local,,15/02/2026,"46 068,00",,,
https://www.moyihair.fr/mentions-legales,,Local,,15/02/2026,"46 068,00",,,
https://www.pms-multi-service.fr/mentions-legales,,Local,,15/02/2026,"46 068,00",,,
https://www.bullexotisme.fr/mentions-legales,,Local,,15/02/2026,"46 068,00",,,
https://www.laclotte.com/mentions-legales,,Local,,15/02/2026,"46 068,00",,,
https://www.busser-provost-tp.fr/mentions-legales,,Local,,15/02/2026,"46 068,00",,,
https://www.couvreur-cabries.fr/mentions-legales,,Local,,15/02/2026,"46 068,00",,,
https://www.boucherievatuone.fr/mentions-legales/,,Local,,15/02/2026,"46 068,00",,,
https://www.melaniecolleaux.com/mentions-legales,,Local,,15/02/2026,"46 068,00",,,
https://www.nicod-fermetures.com/mentions-legales,,Local,,15/02/2026,"46 068,00",,,
https://www.cv-conseil.com/mentions-legales,,Local,,15/02/2026,"46 068,00",,,
https://www.lespizzasdemeslay.fr/mentions-legales,,Local,,15/02/2026,"46 068,00",,,
https://www.campingloso.eu/mentions-legales,,Local,,15/02/2026,"46 068,00",,,
https://www.heloise-palhier.fr/mentions-legales,,Local,,15/02/2026,"46 068,00",,,
https://www.vente-directe-a-la-ferme.fr/mentions-legales,,Local,,15/02/2026,"46 068,00",,,
https://www.plongee-issambres.fr/mentions-legales/,,Local,,15/02/2026,"46 068,00",,,
https://www.capass-sport-sante.com/mentions-legales,,Local,,15/02/2026,"46 068,00",,,
https://www.ohwell-reglages-suspensions.fr/mentions-legales,,Local,,15/02/2026,"46 068,00",,,
https://www.sweetelod.com/mentions-legales,,Local,,15/02/2026,"46 068,00",,,
https://www.geraldine-kinesiologie.fr/mentions-legales,,Local,,15/02/2026,"46 068,00",,,
https://www.gatarnaud-equipements.fr/mentions-legales,,Local,,15/02/2026,"46 068,00",,,
https://www.velo-service-landerneau.fr/mentions-legales,,Local,,15/02/2026,"46 068,00",,,
https://www.thechill-coffee.fr/mentions-legales,,Local,,15/02/2026,"46 068,00",,,
https://www.fee-des-neiges.fr/mentions-legales,,Local,,15/02/2026,"46 068,00",,,
https://multiphone-netcom.fr/mentions-legales.htm,,Local,,15/02/2026,"46 068,00",,,
https://www.domainederonsac.fr/mentions-legales,,Local,,15/02/2026,"46 068,00",,,
https://www.abrafer.com/mentions-legales,,Local,,15/02/2026,"46 068,00",,,
https://www.james-hornec-metaux.com/mentions-legales,,Local,,15/02/2026,"46 068,00",,,
https://www.labetcompagnie.fr/mentions-legales,,Local,,15/02/2026,"46 068,00",,,
https://www.alpha-energiesardeche.com/mentions-legales,,Local,,15/02/2026,"46 068,00",,,
https://www.centralperktheconcept.fr/mentions-legales,,Local,,15/02/2026,"46 068,00",,,
https://www.ecuriesvineuiljump.fr/mentions-legales,,Local,,15/02/2026,"46 068,00",,,
https://www.ferme-boisquillon.com/mentions-legales,,Local,,15/02/2026,"46 068,00",,,
https://www.domainelafournaca.com/mentions-legales,,Local,,15/02/2026,"46 068,00",,,
https://www.majek-peintures.fr/mentions-legales,,Local,,15/02/2026,"46 068,00",,,
https://www.hirondelleconstructions.com/mentions-legales,,Local,,15/02/2026,"46 068,00",,,
https://www.sarljoie.com/mentions-legales,,Local,,15/02/2026,"46 068,00",,,
https://www.oslow-cantine-cafe.fr/mentions-legales,,Local,,15/02/2026,"46 068,00",,,
https://www.placouest-85.com/mentions-legales,,Local,,15/02/2026,"46 068,00",,,
https://www.lesecrinsdebelvedere.com/mentions-legales,,Local,,15/02/2026,"46 068,00",,,
https://www.restaurant-lechaudron63.fr/mentions-legales,,Local,,15/02/2026,"46 068,00",,,
https://www.sociocoiffureamarsi.fr/mentions-legales,,Local,,15/02/2026,"46 068,00",,,
https://www.aux-portes-de-la-baie.fr/mentions-legales,,Local,,15/02/2026,"46 068,00",,,
https://www.sebastienclee.com/mentions-legales,,Local,,15/02/2026,"46 068,00",,,
https://www.jlcpaint.com/mentions-legales,,Local,,15/02/2026,"46 068,00",,,
https://www.cutissinnovation.fr/mentions-legales,,Local,,15/02/2026,"46 068,00",,,
https://www.lafermeauxavettes.fr/mentions-legales,,Local,,15/02/2026,"46 068,00",,,
https://www.menthereglisse-conciergerie.com/mentions-legales,,Local,,15/02/2026,"46 068,00",,,
https://www.micka-elec.fr/mentions-legales,,Local,,15/02/2026,"46 068,00",,,
https://www.parts-elegance.com/mentions-legales,,Local,,15/02/2026,"46 068,00",,,
https://www.h2rauto.fr/mentions-legales,,Local,,15/02/2026,"46 068,00",,,
https://www.publi2b.fr/mentions-legales,,Local,,15/02/2026,"46 068,00",,,
https://www.renovation-batiment33.fr/mentions-legales,,Local,,15/02/2026,"46 068,00",,,
https://www.lesruchersdubassetgourmand.fr/mentions-legales,,Local,,15/02/2026,"46 068,00",,,
https://www.handifrance.com/mentions-legales,,Local,,15/02/2026,"46 068,00",,,
https://www.la-terrasse-des-gloutons.fr/mentions-legales,,Local,,15/02/2026,"46 068,00",,,
https://www.amdp-menuiserie.fr/mentions-legales,,Local,,15/02/2026,"46 068,00",,,
https://www.forgedubovar.fr/mentions-legales,,Local,,15/02/2026,"46 068,00",,,
https://www.cleanhome-cannes.fr/mentions-legales,,Local,,15/02/2026,"46 068,00",,,
https://www.draconis-autos.fr/mentions-legales,,Local,,15/02/2026,"46 068,00",,,
https://www.ecuriesdechamboret.fr/mentions-legales,,Local,,15/02/2026,"46 068,00",,,
https://www.cosyloc.com/mentions-legales,,Local,,15/02/2026,"46 068,00",,,
https://www.autokeys-cdh.com/mentions-legales,,Local,,15/02/2026,"46 068,00",,,
https://www.helenedrouin.fr/mentions-legales,,Local,,15/02/2026,"46 068,00",,,
https://www.batimontage.fr/mentions-legales,,Local,,15/02/2026,"46 068,00",,,
https://www.innov-tp-81.fr/mentions-legales,,Local,,15/02/2026,"46 068,00",,,
https://www.restaurant-portovecchio.fr/mentions-legales,,Local,,15/02/2026,"46 068,00",,,
https://www.lelogisdelarose.fr/mentions-legales,,Local,,15/02/2026,"46 068,00",,,
https://www.euronight-62.fr/mentions-legales,,Local,,15/02/2026,"46 068,00",,,
https://www.france-nettoyage.com/mentions-legales,,Local,,15/02/2026,"46 068,00",,,
https://www.pro-net-habitat.com/mentions-legales,,Local,,15/02/2026,"46 068,00",,,
https://www.lapizzducoin.fr/mentions-legales,,Local,,15/02/2026,"46 068,00",,,
https://www.lepepinetlaplume.com/mentions-legales,,Local,,15/02/2026,"46 068,00",,,
https://www.alsacetoustravaux.fr/mentions-legales,,Local,,15/02/2026,"46 068,00",,,
https://www.maison-de-la-montagne.eu/mentions-legales,,Local,,15/02/2026,"46 068,00",,,
https://www.reparebrise.fr/mentions-legales,,Local,,15/02/2026,"46 068,00",,,
https://www.lynds-event.com/mentions-legales,,Local,,15/02/2026,"46 068,00",,,
https://www.unjourdepluieceramique.fr/mentions-legales,,Local,,15/02/2026,"46 068,00",,,
https://www.domaine-de-mont-aigu.fr/mentions-legales,,Local,,15/02/2026,"46 068,00",,,
https://www.mscservices.fr/mentions-legales,,Local,,15/02/2026,"46 068,00",,,
https://www.alheuretaxi-pommerit.com/mentions-legales,,Local,,15/02/2026,"46 068,00",,,
https://www.comptoir-bercully.com/mentions-legales,,Local,,15/02/2026,"46 068,00",,,
https://www.taniere-vegetale.fr/mentions-legales,,Local,,15/02/2026,"46 068,00",,,
https://www.les-voix-du-coeur.fr/mentions-legales,,Local,,15/02/2026,"46 068,00",,,
https://www.helenedrouin.com/mentions-legales,,Local,,15/02/2026,"46 068,00",,,
https://www.hotel-aigledor-thiers.com/mentions-legales,,Local,,15/02/2026,"46 068,00",,,
https://www.laflammedor.com/mentions-legales,,Local,,15/02/2026,"46 068,00",,,
https://www.lange-dore.com/mentions-legales,,Local,,15/02/2026,"46 068,00",,,
https://www.restaurant-aigo-blanco.fr/mentions-legales,,Local,,15/02/2026,"46 068,00",,,
https://www.toulousenetwork.fr/mentions-legales,,Local,,15/02/2026,"46 068,00",,,
https://www.chateaudelabouchatte.com/mentions-legales,,Local,,15/02/2026,"46 068,00",,,
https://www.emmanuelle-elusse.fr/mentions-legales,,Local,,15/02/2026,"46 068,00",,,
https://www.rachelmeunier-magnetiseuse.fr/mentions-legales,,Local,,15/02/2026,"46 068,00",,,
https://www.vignoblesartigue.fr/mentions-legales,,Local,,15/02/2026,"46 068,00",,,
https://www.ucinnaronu.fr/mentions-legales,,Local,,15/02/2026,"46 068,00",,,
https://www.lnphotographers.fr/mentions-legales,,Local,,15/02/2026,"46 068,00",,,
https://www.jnl-creation.fr/mentions-legales,,Local,,15/02/2026,"46 068,00",,,
https://www.auffray-services.fr/mentions-legales,,Local,,15/02/2026,"46 068,00",,,
https://www.ecobionet66.fr/mentions-legales,,Local,,15/02/2026,"46 068,00",,,
https://www.fredinformatique.fr/mentions-legales/,,Local,,15/02/2026,"46 068,00",,,
https://www.ferme-boisquillon.de/mentions-legales,,Local,,15/02/2026,"46 068,00",,,
https://www.ferme-boisquillon.it/mentions-legales,,Local,,15/02/2026,"46 068,00",,,
https://www.ferme-boisquillon.eu/mentions-legales,,Local,,15/02/2026,"46 068,00",,,
https://www.lessavonsderaphael.fr/mentions-legales,,Local,,15/02/2026,"46 068,00",,,
https://www.sp2m.fr/mentions-legales,,Local,,15/02/2026,"46 068,00",,,
https://www.ktk-transport-et-demenagement.com/mentions-legales,,Local,,15/02/2026,"46 068,00",,,
https://www.akenswim.fr/mentions-legales,,Local,,15/02/2026,"46 068,00",,,
https://www.horme-mobilite.fr/mentions-legales,,Local,,15/02/2026,"46 068,00",,,
https://www.metnequitation.com/mentions-legales,,Local,,15/02/2026,"46 068,00",,,
https://investguiding.com/article/moving-to-france-from-uk,,Local,,15/02/2026,"46 068,00",,,
https://www.man-design.fr/mentions-legales,,Local,,15/02/2026,"46 068,00",,,
https://www.clement-lecarrie.fr/mentions-legales,,Local,,15/02/2026,"46 068,00",,,
https://www.murielbihan.fr/mentions-legales,,Local,,15/02/2026,"46 068,00",,,
https://www.nrcb.fr/mentions-legales,,Local,,15/02/2026,"46 068,00",,,
https://www.highperfectbois.com/mentions-legales,,Local,,15/02/2026,"46 068,00",,,
https://www.jcelec74.fr/mentions-legales,,Local,,15/02/2026,"46 068,00",,,
https://www.lecamionapizzas.com/mentions-legales,,Local,,15/02/2026,"46 068,00",,,
https://www.la-brasserie-la-garde.fr/mentions-legales,,Local,,15/02/2026,"46 068,00",,,
https://www.sarah-magnetismeetcartomancie.fr/mentions-legales,,Local,,15/02/2026,"46 068,00",,,
https://www.hewasdetailingcenter.fr/mentions-legales,,Local,,15/02/2026,"46 068,00",,,
https://www.oyamassage.fr/mentions-legales,,Local,,15/02/2026,"46 068,00",,,
https://www.coelho-nelson.fr/mentions-legales,,Local,,15/02/2026,"46 068,00",,,
https://www.binet-carrosserie.fr/mentions-legales,,Local,,15/02/2026,"46 068,00",,,
https://www.creafleurissement.fr/mentions-legales,,Local,,15/02/2026,"46 068,00",,,
https://www.lptoitures.fr/mentions-legales,,Local,,15/02/2026,"46 068,00",,,
https://www.paillote-portovecchio.fr/mentions-legales,,Local,,15/02/2026,"46 068,00",,,
https://www.agence-sneo-31.fr/mentions-legales,,Local,,15/02/2026,"46 068,00",,,
https://www.s-deco.fr/mentions-legales,,Local,,15/02/2026,"46 068,00",,,
https://www.camade.fr/mentions-legales,,Local,,15/02/2026,"46 068,00",,,
https://www.campinglescascades2b.fr/mentions-legales,,Local,,15/02/2026,"46 068,00",,,
https://www.restaurant-ledixvins.fr/mentions-legales,,Local,,15/02/2026,"46 068,00",,,
https://www.mazette-bar-tapas-apt.fr/mentions-legales,,Local,,15/02/2026,"46 068,00",,,
https://www.acepaintball.fr/mentions-legales,,Local,,15/02/2026,"46 068,00",,,
https://www.terra-ignis-restauration-ceramique.fr/mentions-legales,,Local,,15/02/2026,"46 068,00",,,
https://www.reparelectro.fr/mentions-legales,,Local,,15/02/2026,"46 068,00",,,
https://www.ah-litalie.fr/mentions-legales,,Local,,15/02/2026,"46 068,00",,,
https://www.prohabitat2a.fr/mentions-legales,,Local,,15/02/2026,"46 068,00",,,
http://searchweb.world/the_worlds_most_visited_web_pages_67/,,Local,,15/02/2026,"46 068,00",,,
https://www.hulp06.fr/mentions-legales,,Local,,15/02/2026,"46 068,00",,,
https://www.lecomptoirdesdunes.fr/mentions-legales,,Local,,15/02/2026,"46 068,00",,,
https://www.ls-auto.fr/mentions-legales,,Local,,15/02/2026,"46 068,00",,,
https://www.lechienfou.fr/mentions-legales,,Local,,15/02/2026,"46 068,00",,,
https://www.fayaland.fr/mentions-legales,,Local,,15/02/2026,"46 068,00",,,
https://www.boucherie-du-terroir.fr/mentions-legales,,Local,,15/02/2026,"46 068,00",,,
https://www.ricoach.fr/mentions-legales,,Local,,15/02/2026,"46 068,00",,,
https://www.lapepitesucree.com/mentions-legales,,Local,,15/02/2026,"46 068,00",,,
https://www.budhome-nettoyage.fr/mentions-legales,,Local,,15/02/2026,"46 068,00",,,
https://www.asduverre.com/mentions-legales,,Local,,15/02/2026,"46 068,00",,,
https://www.thecomedie.fr/mentions-legales,,Local,,15/02/2026,"46 068,00",,,
https://www.quentingmtattoo.fr/mentions-legales,,Local,,15/02/2026,"46 068,00",,,
https://www.domainelaprocureuse.fr/mentions-legales,,Local,,15/02/2026,"46 068,00",,,
https://www.nelson-artwork.fr/mentions-legales,,Local,,15/02/2026,"46 068,00",,,
https://www.spacepizza.fr/mentions-legales,,Local,,15/02/2026,"46 068,00",,,
https://www.lambergerhabitacle.fr/mentions-legales,,Local,,15/02/2026,"46 068,00",,,
https://www.cest-tout-propre-nettoyage.fr/mentions-legales,,Local,,15/02/2026,"46 068,00",,,
https://www.caviste-france.fr/mentions-legales,,Local,,15/02/2026,"46 068,00",,,
http://searchinternet.world/the_worlds_most_visited_web_pages_67/,,Local,,15/02/2026,"46 068,00",,,
https://www.mademoisellerenove.fr/mentions-legales,,Local,,15/02/2026,"46 068,00",,,
https://www.ferme-boisquillon.fr/mentions-legales,,Local,,15/02/2026,"46 068,00",,,
https://www.leparcahuitres.fr/mentions-legales,,Local,,15/02/2026,"46 068,00",,,
https://www.tsnj.fr/mentions-legales,,Local,,15/02/2026,"46 068,00",,,
https://www.simaopeinture.fr/mentions-legales,,Local,,15/02/2026,"46 068,00",,,
https://www.mondyformation.fr/mentions-legales,,Local,,15/02/2026,"46 068,00",,,
https://www.restaurant-le-carnot.fr/mentions-legales,,Local,,15/02/2026,"46 068,00",,,
https://www.gademservices.fr/mentions-legales,,Local,,15/02/2026,"46 068,00",,,
https://www.sera89.fr/mentions-legales,,Local,,15/02/2026,"46 068,00",,,
https://www.jm-pro-renov.fr/mentions-legales,,Local,,15/02/2026,"46 068,00",,,
https://www.elevage-bouledoguefrancais-fluffy.com/mentions-legales,,Local,,15/02/2026,"46 068,00",,,
https://www.eurl-gentilalexandre.fr/mentions-legales,,Local,,15/02/2026,"46 068,00",,,
https://www.rp-carrosserie-peinture.fr/mentions-legales,,Local,,15/02/2026,"46 068,00",,,
https://www.iron-electricite57.fr/mentions-legales,,Local,,15/02/2026,"46 068,00",,,
https://www.camade-28.fr/mentions-legales,,Local,,15/02/2026,"46 068,00",,,
https://www.ideal-bar.fr/mentions-legales,,Local,,15/02/2026,"46 068,00",,,
https://www.chokdee.fr/mentions-legales,,Local,,15/02/2026,"46 068,00",,,
https://www.lesptitesgrignotes.fr/mentions-legales,,Local,,15/02/2026,"46 068,00",,,
https://www.fauteuildizzy.fr/mentions-legales,,Local,,15/02/2026,"46 068,00",,,
https://www.restaurant-ghisonaccia.fr/mentions-legales,,Local,,15/02/2026,"46 068,00",,,
https://www.lesciseauxdekarine.fr/mentions-legales,,Local,,15/02/2026,"46 068,00",,,
https://www.ferrerdepannages.fr/mentions-legales,,Local,,15/02/2026,"46 068,00",,,
https://www.nomadarevel.fr/mentions-legales,,Local,,15/02/2026,"46 068,00",,,
https://www.michaelmartiniere.fr/mentions-legales,,Local,,15/02/2026,"46 068,00",,,
https://www.france-demenageurs.com/mentions-legales,,Local,,15/02/2026,"46 068,00",,,
https://www.fromagerienebout.fr/mentions-legales,,Local,,15/02/2026,"46 068,00",,,
https://www.boulangerie-tom-lo.fr/mentions-legales,,Local,,15/02/2026,"46 068,00",,,
https://www.depannage-plombier-markpolypro.fr/mentions-legales,,Local,,15/02/2026,"46 068,00",,,
https://www.sare04.fr/mentions-legales/,,Local,,15/02/2026,"46 068,00",,,
https://www.san-eco-elec.fr/mentions-legales,,Local,,15/02/2026,"46 068,00",,,
https://www.gynideco.fr/mentions-legales,,Local,,15/02/2026,"46 068,00",,,
https://www.cityphones-nice.fr/mentions-legales,,Local,,15/02/2026,"46 068,00",,,
https://www.aero-roussillon-peinture.com/mentions-legales,,Local,,15/02/2026,"46 068,00",,,
https://www.citymath-sainte-luce-loire.fr/mentions-legales,,Local,,15/02/2026,"46 068,00",,,
https://www.convoyeur-voiture.fr/mentions-legales,,Local,,15/02/2026,"46 068,00",,,
https://www.numerikenseignes.fr/mentions-legales,,Local,,15/02/2026,"46 068,00",,,
https://www.flairpix-photographe.fr/mentions-legales,,Local,,15/02/2026,"46 068,00",,,
https://www.leperruquier.fr/mentions-legales,,Local,,15/02/2026,"46 068,00",,,
https://www.les-serres-de-berguerolles.fr/mentions-legales,,Local,,15/02/2026,"46 068,00",,,
https://www.pharmacie-de-belleherbe.fr/mentions-legales,,Local,,15/02/2026,"46 068,00",,,
https://www.elevage-des-mille-et-un-tresors.fr/mentions-legales,,Local,,15/02/2026,"46 068,00",,,
https://www.limapeinture.fr/mentions-legales,,Local,,15/02/2026,"46 068,00",,,
https://www.lefournilbigouden.fr/mentions-legales,,Local,,15/02/2026,"46 068,00",,,
https://www.auto-ecole-didier.fr/mentions-legales/,,Local,,15/02/2026,"46 068,00",,,
https://www.laberu.fr/mentions-legales,,Local,,15/02/2026,"46 068,00",,,
https://www.tabacpresselescheraines.fr/mentions-legales,,Local,,15/02/2026,"46 068,00",,,
https://www.jolesbeauxtuyaux.fr/mentions-legales,,Local,,15/02/2026,"46 068,00",,,
https://www.jt-toiture-peinture.fr/mentions-legales,,Local,,15/02/2026,"46 068,00",,,
https://www.chezmacousine1850.fr/mentions-legales,,Local,,15/02/2026,"46 068,00",,,
https://www.repareitech.fr/mentions-legales,,Local,,15/02/2026,"46 068,00",,,
https://www.pillot-fermetures.fr/mentions-legales,,Local,,15/02/2026,"46 068,00",,,
https://www.gaec-des-thuyas-dores.fr/mentions-legales,,Local,,15/02/2026,"46 068,00",,,
https://www.bar-tabac-le-joker-morbier.fr/mentions-legales,,Local,,15/02/2026,"46 068,00",,,
https://www.weisun-sport-harmonie.com/mentions-legales,,Local,,15/02/2026,"46 068,00",,,
https://www.lesterrasses-fossurmer.fr/mentions-legales,,Local,,15/02/2026,"46 068,00",,,
https://www.maxetlulu.fr/mentions-legales,,Local,,15/02/2026,"46 068,00",,,
https://www.rando4x4-corsicamaremuntagna.fr/mentions-legales,,Local,,15/02/2026,"46 068,00",,,
https://www.leschevauxdestareillots.fr/mentions-legales,,Local,,15/02/2026,"46 068,00",,,
https://www.alpes-immo-services.com/mentions-legales,,Local,,15/02/2026,"46 068,00",,,
https://www.dahon-decoration-peinture-34.fr/mentions-legales,,Local,,15/02/2026,"46 068,00",,,
https://www.laconciergeriedusoleil.com/mentions-legales,,Local,,15/02/2026,"46 068,00",,,
https://www.rdccouverture.fr/mentions-legales,,Local,,15/02/2026,"46 068,00",,,
https://www.savanna-caferestaurant.fr/mentions-legales,,Local,,15/02/2026,"46 068,00",,,
https://www.kaniaga-proprete.fr/mentions-legales,,Local,,15/02/2026,"46 068,00",,,
https://labergerie-saint-symphorien.com/mentions-legales/,,Local,,15/02/2026,"46 068,00",,,
https://www.lepingleseduisante.fr/mentions-legales,,Local,,15/02/2026,"46 068,00",,,
https://www.marie-menaha.fr/mentions-legales,,Local,,15/02/2026,"46 068,00",,,
https://www.larboristedusudouest.fr/mentions-legales,,Local,,15/02/2026,"46 068,00",,,
https://www.coachsportif-dijon.fr/mentions-legales,,Local,,15/02/2026,"46 068,00",,,
https://www.project-facades.fr/mentions-legales,,Local,,15/02/2026,"46 068,00",,,
https://www.linstantgourmetbiscarrosse.fr/mentions-legales,,Local,,15/02/2026,"46 068,00",,,
https://www.lhistoiresansfin.fr/mentions-legales,,Local,,15/02/2026,"46 068,00",,,
https://www.camping-coccinelle.fr/mentions-legales,,Local,,15/02/2026,"46 068,00",,,
https://www.haristoy-landscape.fr/mentions-legales,,Local,,15/02/2026,"46 068,00",,,
https://www.lepoingderencontreniortais.fr/mentions-legales,,Local,,15/02/2026,"46 068,00",,,
https://www.maraboutboutdficelle.fr/mentions-legales,,Local,,15/02/2026,"46 068,00",,,
https://www.lesingeevents.fr/mentions-legales,,Local,,15/02/2026,"46 068,00",,,
https://www.fdsprojetbois.fr/mentions-legales,,Local,,15/02/2026,"46 068,00",,,
https://www.technique-renovations.fr/mentions-legales,,Local,,15/02/2026,"46 068,00",,,
https://www.sailtp.fr/mentions-legales,,Local,,15/02/2026,"46 068,00",,,
https://www.ydpeinture.fr/mentions-legales,,Local,,15/02/2026,"46 068,00",,,
https://www.petittraincamarguais.fr/mentions-legales,,Local,,15/02/2026,"46 068,00",,,
https://www.noryema.fr/mentions-legales,,Local,,15/02/2026,"46 068,00",,,
https://www.projet-ink-tattoo.fr/mentions-legales,,Local,,15/02/2026,"46 068,00",,,
https://www.laptiteescale.com/mentions-legales,,Local,,15/02/2026,"46 068,00",,,
https://www.eombloodstock.com/mentions-legales,,Local,,15/02/2026,"46 068,00",,,
https://www.apakinesiologie.fr/mentions-legales,,Local,,15/02/2026,"46 068,00",,,
https://www.leburgerdemurat.fr/mentions-legales,,Local,,15/02/2026,"46 068,00",,,
https://www.baguette-gourmande.fr/mentions-legales,,Local,,15/02/2026,"46 068,00",,,
https://www.nutrition-coaching.fr/mentions-legales,,Local,,15/02/2026,"46 068,00",,,
https://www.belfy-electricite.fr/mentions-legales,,Local,,15/02/2026,"46 068,00",,,
https://www.hb-services-renovations.fr/mentions-legales,,Local,,15/02/2026,"46 068,00",,,
https://www.aj-renovations86.fr/mentions-legales,,Local,,15/02/2026,"46 068,00",,,
https://www.ib-renov.fr/mentions-legales,,Local,,15/02/2026,"46 068,00",,,
https://www.cartron-moyon.fr/mentions-legales,,Local,,15/02/2026,"46 068,00",,,
https://www.bonbetend.fr/mentions-legales,,Local,,15/02/2026,"46 068,00",,,
https://www.cabinet-kine-victor-labaci.fr/mentions-legales,,Local,,15/02/2026,"46 068,00",,,
https://www.meatcouture.fr/mentions-legales,,Local,,15/02/2026,"46 068,00",,,
https://www.automatismesinsulaires.corsica/mentions-legales,,Local,,15/02/2026,"46 068,00",,,
https://www.leyredesloupiots.fr/mentions-legales,,Local,,15/02/2026,"46 068,00",,,
https://www.boucherieferchaud.fr/mentions-legales,,Local,,15/02/2026,"46 068,00",,,
https://www.maisondelamer-saint-cyr.fr/mentions-legales,,Local,,15/02/2026,"46 068,00",,,
https://www.lejosephinepiana.fr/mentions-legales,,Local,,15/02/2026,"46 068,00",,,
https://www.azamdecoupe.fr/mentions-legales,,Local,,15/02/2026,"46 068,00",,,
https://www.un-reve-de-bassin.fr/mentions-legales,,Local,,15/02/2026,"46 068,00",,,
https://www.eg-cc.fr/mentions-legales,,Local,,15/02/2026,"46 068,00",,,
https://www.campinglatapie.com/mentions-legales,,Local,,15/02/2026,"46 068,00",,,
https://www.decauxdasgard.fr/mentions-legales,,Local,,15/02/2026,"46 068,00",,,
https://www.mygarages.fr/01/ornex/l-atelier-102264,,Local,,15/02/2026,"46 068,00",,,
https://www.groupe-sicard.com/mentions-legales,,Local,,15/02/2026,"46 068,00",,,
https://www.melimousines.fr/mentions-legales,,Local,,15/02/2026,"46 068,00",,,
https://www.musique-leader.fr/mentions-legales,,Local,,15/02/2026,"46 068,00",,,
https://www.domainedelapetitebaya.com/mentions-legales,,Local,,15/02/2026,"46 068,00",,,
https://www.terresgourmandes.fr/mentions-legales,,Local,,15/02/2026,"46 068,00",,,
https://www.atelierdusellier40.fr/mentions-legales,,Local,,15/02/2026,"46 068,00",,,
https://www.woodblockmerignac.com/mentions-legales,,Local,,15/02/2026,"46 068,00",,,
https://www.volcanhostel.com/mentions-legales,,Local,,15/02/2026,"46 068,00",,,
https://www.elagagedauphinois.fr/mentions-legales,,Local,,15/02/2026,"46 068,00",,,
https://www.pastadimateo.fr/mentions-legales,,Local,,15/02/2026,"46 068,00",,,
https://www.f-til.fr/mentions-legales,,Local,,15/02/2026,"46 068,00",,,
https://www.lesanimauxenvacances-74.com/mentions-legales,,Local,,15/02/2026,"46 068,00",,,
https://www.baudet-menuiserie.fr/mentions-legales,,Local,,15/02/2026,"46 068,00",,,
https://www.campingdenogarede-ceret.com/mentions-legales,,Local,,15/02/2026,"46 068,00",,,
https://www.lesinsolitesdelabaie.com/mentions-legales/,,Local,,15/02/2026,"46 068,00",,,
https://www.agcarrosserie.fr/mentions-legales,,Local,,15/02/2026,"46 068,00",,,
https://www.maison-courbe.fr/mentions-legales,,Local,,15/02/2026,"46 068,00",,,
https://www.rj-couvreur.fr/mentions-legales,,Local,,15/02/2026,"46 068,00",,,
https://www.concept-bat-renove.fr/mentions-legales,,Local,,15/02/2026,"46 068,00",,,
https://www.m-poivetelectricite.fr/mentions-legales,,Local,,15/02/2026,"46 068,00",,,
https://www.seignovert-charpente.fr/mentions-legales,,Local,,15/02/2026,"46 068,00",,,
https://www.sf-maconnerie.fr/mentions-legales,,Local,,15/02/2026,"46 068,00",,,
https://www.domazurbatiment.fr/mentions-legales,,Local,,15/02/2026,"46 068,00",,,
https://www.meriam-hl.fr/mentions-legales,,Local,,15/02/2026,"46 068,00",,,
https://www.barbaralemmo.com/mentions-legales,,Local,,15/02/2026,"46 068,00",,,
https://www.boiteacoupe.fr/mentions-legales,,Local,,15/02/2026,"46 068,00",,,
https://www.nfsa-consulting.com/mentions-legales,,Local,,15/02/2026,"46 068,00",,,
https://www.lamauvaisegraine.org/mentions-legales,,Local,,15/02/2026,"46 068,00",,,
https://www.elevagedubrionnaisdore.com/mentions-legales,,Local,,15/02/2026,"46 068,00",,,
https://www.les-bougies-de-dodiz.fr/mentions-legales,,Local,,15/02/2026,"46 068,00",,,
https://www.platrerie-rethaise.fr/mentions-legales,,Local,,15/02/2026,"46 068,00",,,
https://www.reconnectmultimedia.fr/mentions-legales/,,Local,,15/02/2026,"46 068,00",,,
https://www.facade-charentaise17.fr/mentions-legales,,Local,,15/02/2026,"46 068,00",,,
https://www.travaux-conseils-orchestration.com/mentions-legales,,Local,,15/02/2026,"46 068,00",,,
https://www.lecercle-dharmonie.com/mentions-legales,,Local,,15/02/2026,"46 068,00",,,
https://www.garagelacouronne.fr/mentions-legales,,Local,,15/02/2026,"46 068,00",,,
https://www.lbp-peintures.com/mentions-legales,,Local,,15/02/2026,"46 068,00",,,
https://www.arcenergy.fr/mentions-legales,,Local,,15/02/2026,"46 068,00",,,
https://www.friterapie.fr/mentions-legales,,Local,,15/02/2026,"46 068,00",,,
https://www.carrosserie-trintignac.fr/mentions-legales,,Local,,15/02/2026,"46 068,00",,,
https://www.elevage-korrantoh.fr/mentions-legales,,Local,,15/02/2026,"46 068,00",,,
https://www.decor2000-ajaccio.fr/mentions-legales,,Local,,15/02/2026,"46 068,00",,,
https://www.smipyrenee.com/mentions-legales,,Local,,15/02/2026,"46 068,00",,,
https://www.terrassement-elmaj.fr/mentions-legales,,Local,,15/02/2026,"46 068,00",,,
https://www.thierrypelle.fr/mentions-legales,,Local,,15/02/2026,"46 068,00",,,
https://www.gt-pizza.fr/mentions-legales,,Local,,15/02/2026,"46 068,00",,,
https://www.jmd-electricite.fr/mentions-legales,,Local,,15/02/2026,"46 068,00",,,
https://www.gitemoulincharente.fr/mentions-legales,,Local,,15/02/2026,"46 068,00",,,
https://www.assistyou.biz/,,Local,,15/02/2026,"46 068,00",,,
https://www.cultureduvin.com/mentions-legales,,Local,,15/02/2026,"46 068,00",,,
https://www.flyway.fr/mentions-legales,,Local,,15/02/2026,"46 068,00",,,
https://www.montjuelec-electricite-valleedelarve.fr/mentions-legales,,Local,,15/02/2026,"46 068,00",,,
https://www.aae-electricite.fr/mentions-legales,,Local,,15/02/2026,"46 068,00",,,
https://www.caraquin-romain.fr/mentions-legales,,Local,,15/02/2026,"46 068,00",,,
https://www.polelec-sanitairetravaux.fr/mentions-legales,,Local,,15/02/2026,"46 068,00",,,
https://www.placelec73.fr/mentions-legales,,Local,,15/02/2026,"46 068,00",,,
https://www.depanchauff60.fr/mentions-legales,,Local,,15/02/2026,"46 068,00",,,
https://www.gabelec11.fr/mentions-legales,,Local,,15/02/2026,"46 068,00",,,
https://www.moulin-de-charbonniere.com/mentions-legales,,Local,,15/02/2026,"46 068,00",,,
https://www.la-baraque-a-huitres.fr/mentions-legales,,Local,,15/02/2026,"46 068,00",,,
https://www.ady-batiment.fr/mentions-legales,,Local,,15/02/2026,"46 068,00",,,
https://www.gaboriaudelectricite.fr/mentions-legales,,Local,,15/02/2026,"46 068,00",,,
https://www.egnr-83.fr/mentions-legales,,Local,,15/02/2026,"46 068,00",,,
https://www.au-petit-bouchon-istres.fr/mentions-legales,,Local,,15/02/2026,"46 068,00",,,
https://www.gite-lepollux.fr/mentions-legales,,Local,,15/02/2026,"46 068,00",,,
https://www.conciergerie-bnb-facile.com/mentions-legales,,Local,,15/02/2026,"46 068,00",,,
https://www.derrierelesfougeres.com/mentions-legales,,Local,,15/02/2026,"46 068,00",,,
https://www.la-ferme-du-moulin-de-begoul.fr/mentions-legales,,Local,,15/02/2026,"46 068,00",,,
https://www.repauto.fr/mentions-legales,,Local,,15/02/2026,"46 068,00",,,
https://www.makemebeautiful.fr/mentions-legales,,Local,,15/02/2026,"46 068,00",,,
https://www.cromwellbar.fr/mentions-legales,,Local,,15/02/2026,"46 068,00",,,
https://www.exquispunch.com/mentions-legales,,Local,,15/02/2026,"46 068,00",,,
https://www.etp8.com/mentions-legales,,Local,,15/02/2026,"46 068,00",,,
https://www.martine-boutraiscolace-bienetre.fr/mentions-legales,,Local,,15/02/2026,"46 068,00",,,
https://www.restaurant-le-grizzly.fr/mentions-legales,,Local,,15/02/2026,"46 068,00",,,
https://www.boyerthierry.fr/mentions-legales,,Local,,15/02/2026,"46 068,00",,,
https://www.cabaneduvitrail.fr/mentions-legales,,Local,,15/02/2026,"46 068,00",,,
https://www.lesconfectionsdestelle.fr/mentions-legales,,Local,,15/02/2026,"46 068,00",,,
https://www.lemoulin2quincampoix.fr/mentions-legales,,Local,,15/02/2026,"46 068,00",,,
https://www.bikesaddict30.fr/mentions-legales,,Local,,15/02/2026,"46 068,00",,,
https://www.ecurie-maltret.fr/mentions-legales,,Local,,15/02/2026,"46 068,00",,,
https://www.manoir-du-bio-bocage.fr/mentions-legales,,Local,,15/02/2026,"46 068,00",,,
https://www.elevage-des-iscles.fr/mentions-legales,,Local,,15/02/2026,"46 068,00",,,
https://www.lemasducanigou.fr/mentions-legales,,Local,,15/02/2026,"46 068,00",,,
https://www.lescale-kebab-poitiers.fr/mentions-legales,,Local,,15/02/2026,"46 068,00",,,
https://www.therapie-coaching-dordogne.fr/mentions-legales,,Local,,15/02/2026,"46 068,00",,,
https://www.alex-services.fr/mentions-legales,,Local,,15/02/2026,"46 068,00",,,
https://www.eidikos-formation.com/mentions-legales,,Local,,15/02/2026,"46 068,00",,,
https://www.boutiquemirabel.fr/mentions-legales,,Local,,15/02/2026,"46 068,00",,,
https://www.hb-elec82.fr/mentions-legales,,Local,,15/02/2026,"46 068,00",,,
https://www.mbs-eco-energie31.fr/mentions-legales,,Local,,15/02/2026,"46 068,00",,,
https://www.reflexoazur.fr/mentions-legales,,Local,,15/02/2026,"46 068,00",,,
https://www.au-clos-saint-jean.fr/mentions-legales,,Local,,15/02/2026,"46 068,00",,,
https://www.drugstoreavenue.com/mentions-legales,,Local,,15/02/2026,"46 068,00",,,
https://www.jennifermayet.fr/mentions-legales,,Local,,15/02/2026,"46 068,00",,,
https://www.les-coeurs-de-lait.com/mentions-legales,,Local,,15/02/2026,"46 068,00",,,
https://www.comptoirdesboisdelaroche.fr/mentions-legales,,Local,,15/02/2026,"46 068,00",,,
https://www.lesdemoisellesdemanue.fr/mentions-legales,,Local,,15/02/2026,"46 068,00",,,
https://www.domaine-maestracci.com/mentions-legales,,Local,,15/02/2026,"46 068,00",,,
https://www.bayelo-bijoux.fr/mentions-legales,,Local,,15/02/2026,"46 068,00",,,
https://www.lacave-corentin.fr/mentions-legales,,Local,,15/02/2026,"46 068,00",,,
https://www.cosmos-association.com/mentions-legales,,Local,,15/02/2026,"46 068,00",,,
https://www.fitstimulation.com/mentions-legales,,Local,,15/02/2026,"46 068,00",,,
https://www.lagare-aurensan.fr/mentions-legales,,Local,,15/02/2026,"46 068,00",,,
https://maps24.fr/menuisier/auvergne-rhone-alpes/65680,,Local,,15/02/2026,"46 068,00",,,
https://www.itisoridimimi.com/mentions-legales,,Local,,15/02/2026,"46 068,00",,,
https://www.innovative-vending-machines.com/mentions-legales,,Local,,15/02/2026,"46 068,00",,,
https://www.lavieilleville.fr/mentions-legales,,Local,,15/02/2026,"46 068,00",,,
https://www.lacoquerie.fr/mentions-legales,,Local,,15/02/2026,"46 068,00",,,
https://www.berryconfort.com/mentions-legales,,Local,,15/02/2026,"46 068,00",,,
https://www.larecredespirates.fr/mentions-legales,,Local,,15/02/2026,"46 068,00",,,
https://www.taxi-eymet-stnexans.fr/mentions-legales,,Local,,15/02/2026,"46 068,00",,,
https://www.blindexfenetre.fr/mentions-legales,,Local,,15/02/2026,"46 068,00",,,
https://www.yachtcharterinturkey.eu/mentions-legales,,Local,,15/02/2026,"46 068,00",,,
https://www.tacoshouse.fr/mentions-legales,,Local,,15/02/2026,"46 068,00",,,
https://www.esperancedance.fr/mentions-legales,,Local,,15/02/2026,"46 068,00",,,
https://www.natura-paysage.fr/mentions-legales,,Local,,15/02/2026,"46 068,00",,,
https://www.euroborne.com/mentions-legales,,Local,,15/02/2026,"46 068,00",,,
https://www.nettoyage-auto31.fr/mentions-legales,,Local,,15/02/2026,"46 068,00",,,
https://www.ballot-elec.fr/mentions-legales,,Local,,15/02/2026,"46 068,00",,,
https://www.garage-beal.fr/mentions-legales,,Local,,15/02/2026,"46 068,00",,,
https://www.boisdenfer.fr/mentions-legales,,Local,,15/02/2026,"46 068,00",,,
https://www.epicerie-fine-banon.fr/mentions-legales,,Local,,15/02/2026,"46 068,00",,,
http://advertise-pages.org/the_worlds_most_visited_web_pages_67/,,Local,,15/02/2026,"46 068,00",,,
https://www.ha-construction.fr/mentions-legales,,Local,,15/02/2026,"46 068,00",,,
https://www.gaec-lerocher-dublot.fr/mentions-legales,,Local,,15/02/2026,"46 068,00",,,
https://www.lechapti.fr/mentions-legales,,Local,,15/02/2026,"46 068,00",,,
https://www.le-chalet-gourmand-vaujany.fr/mentions-legales,,Local,,15/02/2026,"46 068,00",,,
https://www.legotham.fr/mentions-legales,,Local,,15/02/2026,"46 068,00",,,
https://www.camping-parc-loisir-70.fr/mentions-legales,,Local,,15/02/2026,"46 068,00",,,
https://www.campingbarrestaurantdelecluse.fr/mentions-legales,,Local,,15/02/2026,"46 068,00",,,
https://www.david-raymond.fr/mentions-legales,,Local,,15/02/2026,"46 068,00",,,
http://www.annegael-herve.fr/mentions-legales.html,,Local,,15/02/2026,"46 068,00",,,
https://www.in-casa.fr/mentions-legales,,Local,,15/02/2026,"46 068,00",,,
https://www.gitealescale.fr/mentions-legales,,Local,,15/02/2026,"46 068,00",,,
https://www.aubergedesmesanges.fr/mentions-legales,,Local,,15/02/2026,"46 068,00",,,
https://www.musicandshoworganisation.fr/mentions-legales,,Local,,15/02/2026,"46 068,00",,,
https://www.fab-electricite.fr/mentions-legales,,Local,,15/02/2026,"46 068,00",,,
https://www.piquetcouverture.fr/mentions-legales,,Local,,15/02/2026,"46 068,00",,,
https://www.aurdva.fr/mentions-legales,,Local,,15/02/2026,"46 068,00",,,
https://www.brasserie-greenwitch.fr/mentions-legales,,Local,,15/02/2026,"46 068,00",,,
https://www.etspiron.fr/mentions-legales,,Local,,15/02/2026,"46 068,00",,,
https://www.alatteriadoru.fr/mentions-legales,,Local,,15/02/2026,"46 068,00",,,
https://www.construction-navarro.fr/mentions-legales,,Local,,15/02/2026,"46 068,00",,,
https://www.pyreneescycles-64.com/mentions-legales,,Local,,15/02/2026,"46 068,00",,,
https://www.pizza-sauveur.com/mentions-legales/,,Local,,15/02/2026,"46 068,00",,,
https://www.lafromageriedemanon-carpentras84.fr/mentions-legales,,Local,,15/02/2026,"46 068,00",,,
https://www.unehistoiredame.com/mentions-legales,,Local,,15/02/2026,"46 068,00",,,
https://www.bellet-distillerie.fr/mentions-legales,,Local,,15/02/2026,"46 068,00",,,
https://www.soglass40.fr/mentions-legales,,Local,,15/02/2026,"46 068,00",,,
https://www.lataniereanimalerie.com/mentions-legales,,Local,,15/02/2026,"46 068,00",,,
https://www.harvard-dieppe.fr/mentions-legales,,Local,,15/02/2026,"46 068,00",,,
https://www.dfu-17x38.fr/mentions-legales,,Local,,15/02/2026,"46 068,00",,,
https://www.elevagelemoulec.fr/mentions-legales,,Local,,15/02/2026,"46 068,00",,,
https://www.lecomptoirdudevoluy.fr/mentions-legales,,Local,,15/02/2026,"46 068,00",,,
https://www.greencap.fr/mentions-legales/,,Local,,15/02/2026,"46 068,00",,,
https://www.kamani-spas.fr/mentions-legales,,Local,,15/02/2026,"46 068,00",,,
https://www.placeauxjeux.com/mentions-legales,,Local,,15/02/2026,"46 068,00",,,
https://www.mbfluid.com/mentions-legales,,Local,,15/02/2026,"46 068,00",,,
https://www.edenparadise.fr/mentions-legales,,Local,,15/02/2026,"46 068,00",,,
https://www.farazamenuiserie.com/mentions-legales,,Local,,15/02/2026,"46 068,00",,,
https://www.parcbabyreve.fr/mentions-legales,,Local,,15/02/2026,"46 068,00",,,
https://www.ecuries-de-ginkgo.fr/mentions-legales,,Local,,15/02/2026,"46 068,00",,,
https://www.restaurant-chez-nous.fr/mentions-legales,,Local,,15/02/2026,"46 068,00",,,
https://www.lamorosocorte.fr/mentions-legales,,Local,,15/02/2026,"46 068,00",,,
https://www.yannelectricien.fr/mentions-legales,,Local,,15/02/2026,"46 068,00",,,
https://www.restaurant-chez-zaz.fr/mentions-legales,,Local,,15/02/2026,"46 068,00",,,
https://www.lafermedulison.com/mentions-legales,,Local,,15/02/2026,"46 068,00",,,
https://www.lafermedusoleil19.fr/mentions-legales,,Local,,15/02/2026,"46 068,00",,,
https://www.libertyfleursbonnefoy.fr/mentions-legales,,Local,,15/02/2026,"46 068,00",,,
https://www.orion-bat.fr/mentions-legales,,Local,,15/02/2026,"46 068,00",,,
https://www.aubonheurdelasie.fr/mentions-legales,,Local,,15/02/2026,"46 068,00",,,
https://www.cycl-evasion.fr/mentions-legales,,Local,,15/02/2026,"46 068,00",,,
https://www.lafermechateaurobert.fr/mentions-legales,,Local,,15/02/2026,"46 068,00",,,
https://www.chaletboisnormandie.fr/mentions-legales,,Local,,15/02/2026,"46 068,00",,,
https://www.l-block.fr/mentions-legales,,Local,,15/02/2026,"46 068,00",,,
https://www.galerie-louis-napoleon.fr/mentions-legales,,Local,,15/02/2026,"46 068,00",,,
https://www.latabledugone.fr/mentions-legales,,Local,,15/02/2026,"46 068,00",,,
https://www.transports-express-piano.fr/mentions-legales,,Local,,15/02/2026,"46 068,00",,,
https://www.vuesurvignes.fr/mentions-legales,,Local,,15/02/2026,"46 068,00",,,
https://www.nicolaslombard-83.eu/mentions-legales,,Local,,15/02/2026,"46 068,00",,,
https://www.ladouceproducteurs.fr/mentions-legales,,Local,,15/02/2026,"46 068,00",,,
https://www.mgmeca-concept.fr/mentions-legales,,Local,,15/02/2026,"46 068,00",,,
https://www.restaurantlentrepot.fr/mentions-legales,,Local,,15/02/2026,"46 068,00",,,
https://www.boucheriedesvolcans.fr/mentions-legales,,Local,,15/02/2026,"46 068,00",,,
https://www.patisserie-comte.com/mentions-legales,,Local,,15/02/2026,"46 068,00",,,
https://www.multi-services-39.fr/mentions-legales,,Local,,15/02/2026,"46 068,00",,,
https://www.fermepieryraphael.fr/mentions-legales,,Local,,15/02/2026,"46 068,00",,,
https://www.mgn-fermeturelec.fr/mentions-legales,,Local,,15/02/2026,"46 068,00",,,
https://www.boats-cars-assistance.fr/mentions-legales,,Local,,15/02/2026,"46 068,00",,,
https://www.clg-savoie.fr/mentions-legales,,Local,,15/02/2026,"46 068,00",,,
https://www.sebatconstruction.fr/mentions-legales,,Local,,15/02/2026,"46 068,00",,,
https://www.cash-collected.fr/mentions-legales,,Local,,15/02/2026,"46 068,00",,,
https://www.tatoo-l-ame.fr/mentions-legales,,Local,,15/02/2026,"46 068,00",,,
https://www.au-centre-des-volcans.fr/mentions-legales,,Local,,15/02/2026,"46 068,00",,,
https://www.eco-solair.fr/mentions-legales,,Local,,15/02/2026,"46 068,00",,,
https://www.spf-electricite.fr/mentions-legales,,Local,,15/02/2026,"46 068,00",,,
https://www.propriano-promenadeenmer.com/mentions-legales,,Local,,15/02/2026,"46 068,00",,,
http://www.mail.advertise.earth/the_worlds_most_visited_web_pages_67/,,Local,,15/02/2026,"46 068,00",,,
https://www.ferme-de-la-basse.fr/mentions-legales,,Local,,15/02/2026,"46 068,00",,,
https://www.mir-config.fr/mentions-legales,,Local,,15/02/2026,"46 068,00",,,
https://www.marcelraymond.fr/mentions-legales,,Local,,15/02/2026,"46 068,00",,,
https://www.lamaryllis33.fr/mentions-legales,,Local,,15/02/2026,"46 068,00",,,
https://www.las-tours-loisirs.fr/mentions-legales,,Local,,15/02/2026,"46 068,00",,,
https://www.aeh47.fr/mentions-legales,,Local,,15/02/2026,"46 068,00",,,
https://www.athomeinktattooshop.fr/mentions-legales,,Local,,15/02/2026,"46 068,00",,,
https://www.cafe-le-parisien.fr/mentions-legales,,Local,,15/02/2026,"46 068,00",,,
https://www.sunsetrivieraholidays.eu/mentions-legales,,Local,,15/02/2026,"46 068,00",,,
https://www.atelierpailhes.fr/mentions-legales,,Local,,15/02/2026,"46 068,00",,,
https://www.lartensetdeberanetjenn.fr/mentions-legales,,Local,,15/02/2026,"46 068,00",,,
https://www.sunsetrivieraholidays.com/mentions-legales,,Local,,15/02/2026,"46 068,00",,,
https://www.bussulus-informatique.fr/mentions-legales,,Local,,15/02/2026,"46 068,00",,,
https://www.sarahmonnierbuchaille.fr/mentions-legales,,Local,,15/02/2026,"46 068,00",,,
https://www.cp-millas.fr/mentions-legales,,Local,,15/02/2026,"46 068,00",,,
https://www.chouette-epicerie.fr/mentions-legales,,Local,,15/02/2026,"46 068,00",,,
https://www.lesdestriersdudomainedamou.fr/mentions-legales,,Local,,15/02/2026,"46 068,00",,,
https://www.sea-sarl.fr/mentions-legales,,Local,,15/02/2026,"46 068,00",,,
https://www.ol-energie.fr/mentions-legales,,Local,,15/02/2026,"46 068,00",,,
https://www.electricien-90-68.fr/mentions-legales,,Local,,15/02/2026,"46 068,00",,,
https://www.grech-bernabo-formation.com/mentions-legales,,Local,,15/02/2026,"46 068,00",,,
https://www.ensembleavecles4pattes.fr/mentions-legales,,Local,,15/02/2026,"46 068,00",,,
https://www.anirelax-coach-animalier.fr/mentions-legales,,Local,,15/02/2026,"46 068,00",,,
https://www.cabinet-avocat-vallat.fr/mentions-legales,,Local,,15/02/2026,"46 068,00",,,
https://www.lemayerling.fr/mentions-legales,,Local,,15/02/2026,"46 068,00",,,
https://www.larandonnerie.fr/mentions-legales,,Local,,15/02/2026,"46 068,00",,,
https://www.le-vieux-porche.fr/mentions-legales,,Local,,15/02/2026,"46 068,00",,,
https://www.lbbatiment.com/mentions-legales,,Local,,15/02/2026,"46 068,00",,,
https://www.les-ecuries-de-pommeil.fr/mentions-legales,,Local,,15/02/2026,"46 068,00",,,
https://www.boucheriedesarcades.fr/mentions-legales,,Local,,15/02/2026,"46 068,00",,,
https://www.gsmservices31.fr/mentions-legales,,Local,,15/02/2026,"46 068,00",,,
https://www.aurore-et-fabien.fr/mentions-legales,,Local,,15/02/2026,"46 068,00",,,
https://www.jolly-pizza.fr/mentions-legales,,Local,,15/02/2026,"46 068,00",,,
https://www.atelier-de-kerguidan.fr/mentions-legales,,Local,,15/02/2026,"46 068,00",,,
https://www.mglocations.fr/mentions-legales,,Local,,15/02/2026,"46 068,00",,,
https://www.lardoise-greoux.fr/mentions-legales,,Local,,15/02/2026,"46 068,00",,,
https://www.ecolesaintaubin.fr/mentions-legales,,Local,,15/02/2026,"46 068,00",,,
https://www.adictiv.fr/mentions-legales,,Local,,15/02/2026,"46 068,00",,,
https://www.othegourmand.fr/mentions-legales,,Local,,15/02/2026,"46 068,00",,,
https://www.claux-amic.fr/mentions-legales,,Local,,15/02/2026,"46 068,00",,,
https://www.langyo-restaurant.fr/mentions-legales,,Local,,15/02/2026,"46 068,00",,,
https://www.carrosserietoulousenord.fr/mentions-legales,,Local,,15/02/2026,"46 068,00",,,
https://www.renova-total.fr/mentions-legales,,Local,,15/02/2026,"46 068,00",,,
https://www.action3dnuisibles.fr/mentions-legales,,Local,,15/02/2026,"46 068,00",,,
https://www.lateliercantalien.fr/mentions-legales,,Local,,15/02/2026,"46 068,00",,,
https://www.geynelec.fr/mentions-legales,,Local,,15/02/2026,"46 068,00",,,
https://www.le-cafe-du-centre.fr/mentions-legales,,Local,,15/02/2026,"46 068,00",,,
https://www.2cfe-climatisation.fr/mentions-legales,,Local,,15/02/2026,"46 068,00",,,
https://www.penselec-electricitegenerale.fr/mentions-legales,,Local,,15/02/2026,"46 068,00",,,
https://www.rascol-riols.fr/mentions-legales,,Local,,15/02/2026,"46 068,00",,,
https://www.internationalstore.fr/mentions-legales,,Local,,15/02/2026,"46 068,00",,,
https://www.les7voyages-de-lumiere.com/mentions-legales,,Local,,15/02/2026,"46 068,00",,,
https://www.elec-concept29.fr/mentions-legales,,Local,,15/02/2026,"46 068,00",,,
https://www.electricien-portovecchio.fr/mentions-legales,,Local,,15/02/2026,"46 068,00",,,
https://www.camping-de-la-motte.com/mentions-legales,,Local,,15/02/2026,"46 068,00",,,
https://www.art-borescence-elagage.fr/mentions-legales,,Local,,15/02/2026,"46 068,00",,,
https://www.lr-electricite-44.fr/mentions-legales,,Local,,15/02/2026,"46 068,00",,,
https://www.lavandes-champelle.fr/mentions-legales,,Local,,15/02/2026,"46 068,00",,,
https://www.fermedopal.fr/mentions-legales,,Local,,15/02/2026,"46 068,00",,,
https://www.vinicurieux.fr/mentions-legales/,,Local,,15/02/2026,"46 068,00",,,
https://www.bio-thibfull-graines.fr/mentions-legales,,Local,,15/02/2026,"46 068,00",,,
https://www.louis-peinture-narbonne.fr/mentions-legales,,Local,,15/02/2026,"46 068,00",,,
https://www.evop.fr/mentions-legales,,Local,,15/02/2026,"46 068,00",,,
https://www.jotheo-photo.fr/mentions-legales,,Local,,15/02/2026,"46 068,00",,,
https://www.scierie-meleze04.fr/mentions-legales,,Local,,15/02/2026,"46 068,00",,,
https://www.john-peinture-viltard.fr/mentions-legales,,Local,,15/02/2026,"46 068,00",,,
https://www.m-tech.fr/mentions-legales,,Local,,15/02/2026,"46 068,00",,,
https://www.les-herbes-du-perussier.fr/mentions-legales,,Local,,15/02/2026,"46 068,00",,,
https://www.epicerie-timatt.fr/mentions-legales,,Local,,15/02/2026,"46 068,00",,,
https://www.aquaparkaventure.com/mentions-legales,,Local,,15/02/2026,"46 068,00",,,
https://www.prestige-services-formation.fr/mentions-legales,,Local,,15/02/2026,"46 068,00",,,
https://www.eight-industry-tattoo.fr/mentions-legales,,Local,,15/02/2026,"46 068,00",,,
https://www.la-ferme-de-razay.com/mentions-legales,,Local,,15/02/2026,"46 068,00",,,
https://www.as-renov17.fr/mentions-legales,,Local,,15/02/2026,"46 068,00",,,
https://www.restaurant-routier-les-oliviers.fr/mentions-legales,,Local,,15/02/2026,"46 068,00",,,
https://www.delhika.fr/mentions-legales,,Local,,15/02/2026,"46 068,00",,,
https://www.mairiemiremont.fr/mentions-legales,,Local,,15/02/2026,"46 068,00",,,
https://www.crocodilebleu.fr/mentions-legales,,Local,,15/02/2026,"46 068,00",,,
https://www.wolfdog-production.fr/mentions-legales,,Local,,15/02/2026,"46 068,00",,,
https://www.best-of-cafe.fr/mentions-legales,,Local,,15/02/2026,"46 068,00",,,
https://www.nadia-suillot-bien-etre.fr/mentions-legales,,Local,,15/02/2026,"46 068,00",,,
https://www.greenworld-gwd-83.com/mentions-legales,,Local,,15/02/2026,"46 068,00",,,
https://www.chezmacousine1850.com/mentions-legales,,Local,,15/02/2026,"46 068,00",,,
https://lafeemynine.com/mentions-legales/,,Local,,15/02/2026,"46 068,00",,,
https://www.guinguettedelaroche.fr/mentions-legales,,Local,,15/02/2026,"46 068,00",,,
https://www.amcp-france.com/mentions-legales,,Local,,15/02/2026,"46 068,00",,,
https://www.matk-porticcio.fr/mentions-legales,,Local,,15/02/2026,"46 068,00",,,
https://www.d-arts-dare-go.com/mentions-legales,,Local,,15/02/2026,"46 068,00",,,
https://www.domainedescaillots.fr/mentions-legales,,Local,,15/02/2026,"46 068,00",,,
https://www.fisep.fr/mentions-legales,,Local,,15/02/2026,"46 068,00",,,
https://www.lepiceriedugrandsud.fr/mentions-legales,,Local,,15/02/2026,"46 068,00",,,
https://www.justesmesures-bergerac.fr/mentions-legales,,Local,,15/02/2026,"46 068,00",,,
https://www.le140.fr/mentions-legales,,Local,,15/02/2026,"46 068,00",,,
https://www.mtelec21.fr/mentions-legales,,Local,,15/02/2026,"46 068,00",,,
https://www.justesmesures.com/mentions-legales,,Local,,15/02/2026,"46 068,00",,,
https://www.res7.fr/mentions-legales,,Local,,15/02/2026,"46 068,00",,,
https://www.gounel-design.com/mentions-legales,,Local,,15/02/2026,"46 068,00",,,
https://www.gr2mcph-habitat.com/mentions-legales,,Local,,15/02/2026,"46 068,00",,,
https://www.lerucherdalex.fr/mentions-legales,,Local,,15/02/2026,"46 068,00",,,
https://www.thierry-tp-31.fr/mentions-legales,,Local,,15/02/2026,"46 068,00",,,
https://www.la-boutique-de-sophie.fr/mentions-legales,,Local,,15/02/2026,"46 068,00",,,
https://www.atelierartemuse.fr/mentions-legales,,Local,,15/02/2026,"46 068,00",,,
http://submit-links.net/the_worlds_most_visited_web_pages_67/,,Local,,15/02/2026,"46 068,00",,,
https://www.le-bieau-local.fr/mentions-legales,,Local,,15/02/2026,"46 068,00",,,
https://www.clospierrepont.fr/mentions-legales,,Local,,15/02/2026,"46 068,00",,,
https://www.ojardinsdeladouceheure.com/mentions-legales,,Local,,15/02/2026,"46 068,00",,,
https://www.miroenquercy.fr/mentions-legales,,Local,,15/02/2026,"46 068,00",,,
https://www.restaurant-ardoise-trepot.fr/mentions-legales,,Local,,15/02/2026,"46 068,00",,,
https://www.2gm-69.fr/mentions-legales,,Local,,15/02/2026,"46 068,00",,,
https://www.ferme-marcelou-12.fr/mentions-legales,,Local,,15/02/2026,"46 068,00",,,
https://www.gite-soum-de-l-ases.fr/mentions-legales,,Local,,15/02/2026,"46 068,00",,,
https://www.beabien-etre.fr/mentions-legales,,Local,,15/02/2026,"46 068,00",,,
https://www.lb-peinture.fr/mentions-legales,,Local,,15/02/2026,"46 068,00",,,
https://www.patricia-koulmann.fr/mentions-legales,,Local,,15/02/2026,"46 068,00",,,
https://www.as2coeurs.com/mentions-legales,,Local,,15/02/2026,"46 068,00",,,
https://www.equitation-ranch-lesgaillardels.fr/mentions-legales,,Local,,15/02/2026,"46 068,00",,,
https://www.ap-espacesverts.fr/mentions-legales,,Local,,15/02/2026,"46 068,00",,,
https://www.gaeclesdeuxfreres.com/mentions-legales,,Local,,15/02/2026,"46 068,00",,,
https://www.gcoenergie.fr/mentions-legales,,Local,,15/02/2026,"46 068,00",,,
https://www.camping-brantome-farouest.com/mentions-legales,,Local,,15/02/2026,"46 068,00",,,
https://www.livres-o-tresors.fr/mentions-legales,,Local,,15/02/2026,"46 068,00",,,
https://www.dultec-20.fr/mentions-legales,,Local,,15/02/2026,"46 068,00",,,
https://www.reineetbiclou.fr/mentions-legales,,Local,,15/02/2026,"46 068,00",,,
https://www.instant-fraicheur.fr/mentions-legales,,Local,,15/02/2026,"46 068,00",,,
https://www.french-spiruline.fr/mentions-legales,,Local,,15/02/2026,"46 068,00",,,
https://www.mkpeintures.fr/mentions-legales,,Local,,15/02/2026,"46 068,00",,,
https://www.lesvinsdeflo.fr/mentions-legales,,Local,,15/02/2026,"46 068,00",,,
https://www.skad.fr/mentions-legales,,Local,,15/02/2026,"46 068,00",,,
https://www.la-dime-yvoire.fr/mentions-legales,,Local,,15/02/2026,"46 068,00",,,
https://www.desinfecte-xpert.fr/mentions-legales,,Local,,15/02/2026,"46 068,00",,,
https://www.conceptnpose.com/mentions-legales,,Local,,15/02/2026,"46 068,00",,,
https://www.cours-patisserie-domicile.fr/mentions-legales,,Local,,15/02/2026,"46 068,00",,,
https://www.latelierduspectacle.fr/mentions-legales,,Local,,15/02/2026,"46 068,00",,,
https://www.lmarchitectura.fr/mentions-legales,,Local,,15/02/2026,"46 068,00",,,
https://www.bl-electricite.fr/mentions-legales,,Local,,15/02/2026,"46 068,00",,,
https://www.batizinc31.fr/mentions-legales,,Local,,15/02/2026,"46 068,00",,,
https://www.chatterie-des-celan-dor.fr/mentions-legales,,Local,,15/02/2026,"46 068,00",,,
https://www.mgtaxi13.fr/mentions-legales,,Local,,15/02/2026,"46 068,00",,,
http://advertisehomepages.net/the_worlds_most_visited_web_pages_67/,,Local,,15/02/2026,"46 068,00",,,
https://www.yapluka-05.fr/mentions-legales,,Local,,15/02/2026,"46 068,00",,,
https://www.techni-park.com/mentions-legales,,Local,,15/02/2026,"46 068,00",,,
https://www.adventure4x4equipment.com/mentions-legales,,Local,,15/02/2026,"46 068,00",,,
https://www.grandsgitesauvergne.fr/mentions-legales,,Local,,15/02/2026,"46 068,00",,,
https://www.ajtelier.com/mentions-legales,,Local,,15/02/2026,"46 068,00",,,
https://www.les-delices-des-bornes.fr/mentions-legales,,Local,,15/02/2026,"46 068,00",,,
https://www.latabledelacitadelle.fr/mentions-legales,,Local,,15/02/2026,"46 068,00",,,
https://www.brasserie-lekluse.fr/mentions-legales,,Local,,15/02/2026,"46 068,00",,,
https://www.wizzcoaching.com/mentions-legales,,Local,,15/02/2026,"46 068,00",,,
https://www.jb-electricite.fr/mentions-legales,,Local,,15/02/2026,"46 068,00",,,
https://www.mbikesuspension.fr/mentions-legales,,Local,,15/02/2026,"46 068,00",,,
https://www.enfaimtraiteur.fr/mentions-legales,,Local,,15/02/2026,"46 068,00",,,
https://capata.online/article/mentions-legales-amc-constructions,,Local,,15/02/2026,"46 068,00",,,
https://www.phanny.fr/mentions-legales,,Local,,15/02/2026,"46 068,00",,,
https://www.fermedesgoguets.com/mentions-legales,,Local,,15/02/2026,"46 068,00",,,
https://www.brickfun-1974.fr/mentions-legales,,Local,,15/02/2026,"46 068,00",,,
https://www.lelocal87.fr/mentions-legales,,Local,,15/02/2026,"46 068,00",,,
https://www.ericpolivigneron.fr/mentions-legales,,Local,,15/02/2026,"46 068,00",,,
https://www.opreducanal.fr/mentions-legales,,Local,,15/02/2026,"46 068,00",,,
https://www.labonneaubergebreil.com/mentions-legales,,Local,,15/02/2026,"46 068,00",,,
https://www.la-suite-55.fr/mentions-legales,,Local,,15/02/2026,"46 068,00",,,
https://www.plomberiebonheure.fr/mentions-legales,,Local,,15/02/2026,"46 068,00",,,
https://www.laboutiquedesartisansreunis.fr/mentions-legales,,Local,,15/02/2026,"46 068,00",,,
https://www.bp-carrelage.fr/mentions-legales,,Local,,15/02/2026,"46 068,00",,,
https://www.domaine-de-tresbaudon.com/mentions-legales,,Local,,15/02/2026,"46 068,00",,,
https://www.restaurant-rolland01.fr/mentions-legales,,Local,,15/02/2026,"46 068,00",,,
https://www.fm-renov-habitat.fr/mentions-legales,,Local,,15/02/2026,"46 068,00",,,
https://www.efrenov-31.com/mentions-legales,,Local,,15/02/2026,"46 068,00",,,
https://www.grimelec-83.fr/mentions-legales,,Local,,15/02/2026,"46 068,00",,,
https://www.restaurant-le-st-hilaire.fr/mentions-legales,,Local,,15/02/2026,"46 068,00",,,
https://www.donuts-land-grenoble.fr/mentions-legales,,Local,,15/02/2026,"46 068,00",,,
https://www.sarl-lesdelices.com/mentions-legales,,Local,,15/02/2026,"46 068,00",,,
https://www.boutique-lesepilobes.fr/mentions-legales,,Local,,15/02/2026,"46 068,00",,,
https://www.nuagu.fr/mentions-legales,,Local,,15/02/2026,"46 068,00",,,
https://www.educ-coeur.fr/mentions-legales,,Local,,15/02/2026,"46 068,00",,,
https://www.le-7eme-peche.fr/mentions-legales,,Local,,15/02/2026,"46 068,00",,,
https://www.gaecbouas.com/mentions-legales,,Local,,15/02/2026,"46 068,00",,,
https://www.vr-crisis.com/mentions-legales,,Local,,15/02/2026,"46 068,00",,,
https://www.hafida-mouron.fr/mentions-legales,,Local,,15/02/2026,"46 068,00",,,
https://www.fdlhf.com/mentions-legales,,Local,,15/02/2026,"46 068,00",,,
https://www.inayaevents.com/mentions-legales,,Local,,15/02/2026,"46 068,00",,,
https://www.boulangerie-la-station.fr/mentions-legales,,Local,,15/02/2026,"46 068,00",,,
https://www.divaahair.fr/mentions-legales,,Local,,15/02/2026,"46 068,00",,,
https://www.adidier-psychologue-49.com/mentions-legales,,Local,,15/02/2026,"46 068,00",,,
https://www.carrosserie-martins.fr/mentions-legales,,Local,,15/02/2026,"46 068,00",,,
https://www.mounire-lyame.com/mentions-legales,,Local,,15/02/2026,"46 068,00",,,
https://www.taxibecotjeremy.com/mentions-legales,,Local,,15/02/2026,"46 068,00",,,
https://www.laboutiqueduferronnier.com/mentions-legales,,Local,,15/02/2026,"46 068,00",,,
https://www.secoiamenuiserie.fr/mentions-legales,,Local,,15/02/2026,"46 068,00",,,
https://www.pierrot-la-lune.com/mentions-legales,,Local,,15/02/2026,"46 068,00",,,
https://www.easycuisson.fr/mentions-legales,,Local,,15/02/2026,"46 068,00",,,
https://www.rdcollecte.com/mentions-legales,,Local,,15/02/2026,"46 068,00",,,
https://www.boisriou.bzh/mentions-legales,,Local,,15/02/2026,"46 068,00",,,
https://www.oxatech.fr/mentions-legales,,Local,,15/02/2026,"46 068,00",,,
https://www.italianscootservices.fr/mentions-legales,,Local,,15/02/2026,"46 068,00",,,
https://www.earthworks.fr/mentions-legales,,Local,,15/02/2026,"46 068,00",,,
https://www.974saveurs.fr/mentions-legales,,Local,,15/02/2026,"46 068,00",,,
https://www.latelierducycle12.fr/mentions-legales,,Local,,15/02/2026,"46 068,00",,,
https://www.pg-services-49.fr/mentions-legales,,Local,,15/02/2026,"46 068,00",,,
https://www.studio-67-tattoo.fr/mentions-legales,,Local,,15/02/2026,"46 068,00",,,
https://www.ecollecte-mediterranee.fr/mentions-legales,,Local,,15/02/2026,"46 068,00",,,
https://www.sonormandie-renov.com/mentions-legales,,Local,,15/02/2026,"46 068,00",,,
https://www.lemoulindeugenie.fr/mentions-legales,,Local,,15/02/2026,"46 068,00",,,
https://www.ehpad-lepredelaroque.fr/mentions-legales,,Local,,15/02/2026,"46 068,00",,,
https://www.castel-plomberie.fr/mentions-legales,,Local,,15/02/2026,"46 068,00",,,
https://www.lolivade.fr/mentions-legales,,Local,,15/02/2026,"46 068,00",,,
https://www.gitecotedopale-la-cle-des-champs.fr/mentions-legales,,Local,,15/02/2026,"46 068,00",,,
https://www.fermedesrochesfleuries.fr/mentions-legales,,Local,,15/02/2026,"46 068,00",,,
https://www.lapouleauxoeufsdargence.fr/mentions-legales,,Local,,15/02/2026,"46 068,00",,,
https://www.vr-crisis.fr/mentions-legales,,Local,,15/02/2026,"46 068,00",,,
https://www.caglar.fr/mentions-legales,,Local,,15/02/2026,"46 068,00",,,
https://www.cpm-motoculture-dordogne-24.fr/mentions-legales,,Local,,15/02/2026,"46 068,00",,,
https://www.mjm-passion-beaute.fr/mentions-legales,,Local,,15/02/2026,"46 068,00",,,
https://www.timepizza.fr/mentions-legales,,Local,,15/02/2026,"46 068,00",,,
https://www.ls-peinture-deco.fr/mentions-legales,,Local,,15/02/2026,"46 068,00",,,
https://www.secretsdecampagne.fr/mentions-legales,,Local,,15/02/2026,"46 068,00",,,
https://www.js-concept-67.fr/mentions-legales,,Local,,15/02/2026,"46 068,00",,,
https://www.la-fromagerie-de-magalie.fr/mentions-legales,,Local,,15/02/2026,"46 068,00",,,
https://www.amc-constructions.fr/mentions-legales,,Local,,15/02/2026,"46 068,00",,,
https://www.smilecleanpro.fr/mentions-legales,,Local,,15/02/2026,"46 068,00",,,
https://www.verveineduvivarais.com/mentions-legales,,Local,,15/02/2026,"46 068,00",,,
https://www.123caleche.fr/mentions-legales,,Local,,15/02/2026,"46 068,00",,,
https://www.phasellusb.com/mentions-legales,,Local,,15/02/2026,"46 068,00",,,
https://www.restaurant-altarocca.fr/mentions-legales,,Local,,15/02/2026,"46 068,00",,,
https://www.lincontournable.fr/mentions-legales,,Local,,15/02/2026,"46 068,00",,,
https://www.laurentvillevielle-photographe.fr/mentions-legales,,Local,,15/02/2026,"46 068,00",,,
https://www.lebeaufroidclim.fr/mentions-legales,,Local,,15/02/2026,"46 068,00",,,
https://www.chevalcathare-11.com/mentions-legales,,Local,,15/02/2026,"46 068,00",,,
https://www.souffleurdelaryse.com/mentions-legales,,Local,,15/02/2026,"46 068,00",,,
https://www.lebounty-aleria.fr/mentions-legales,,Local,,15/02/2026,"46 068,00",,,
https://www.vigelec.fr/mentions-legales,,Local,,15/02/2026,"46 068,00",,,
https://www.ck-coaching.fr/mentions-legales,,Local,,15/02/2026,"46 068,00",,,
https://www.nicolas-toiture.fr/mentions-legales,,Local,,15/02/2026,"46 068,00",,,
https://www.peintre-isolation-21.fr/mentions-legales,,Local,,15/02/2026,"46 068,00",,,
https://www.fleuriste-fleurs-et-sens.fr/mentions-legales,,Local,,15/02/2026,"46 068,00",,,
https://www.openspaziu.fr/mentions-legales,,Local,,15/02/2026,"46 068,00",,,
https://www.valconie.fr/mentions-legales,,Local,,15/02/2026,"46 068,00",,,
https://www.cn-corniguel.fr/mentions-legales,,Local,,15/02/2026,"46 068,00",,,
https://www.dsmprorenov-47.fr/mentions-legales,,Local,,15/02/2026,"46 068,00",,,
https://www.srfacade.fr/mentions-legales,,Local,,15/02/2026,"46 068,00",,,
https://www.escargotsvalentin.com/mentions-legales,,Local,,15/02/2026,"46 068,00",,,
https://www.myhooxy.com/mentions-legales,,Local,,15/02/2026,"46 068,00",,,
https://www.holiz-tendance.fr/mentions-legales,,Local,,15/02/2026,"46 068,00",,,
https://www.bs-conciergerie-bagagerie-avignon.fr/mentions-legales,,Local,,15/02/2026,"46 068,00",,,
https://www.lafermeduboucetdesfromages.fr/mentions-legales,,Local,,15/02/2026,"46 068,00",,,
https://www.m2lautomatisme.fr/mentions-legales,,Local,,15/02/2026,"46 068,00",,,
https://www.restaurant-la-cueva-argenta.fr/mentions-legales,,Local,,15/02/2026,"46 068,00",,,
https://www.brasserie-epicerie.fr/mentions-legales,,Local,,15/02/2026,"46 068,00",,,
https://www.taximatteo-13.com/mentions-legales,,Local,,15/02/2026,"46 068,00",,,
https://www.efdb.fr/mentions-legales,,Local,,15/02/2026,"46 068,00",,,
https://www.breizmer.fr/mentions-legales,,Local,,15/02/2026,"46 068,00",,,
https://www.proxibravone.fr/mentions-legales,,Local,,15/02/2026,"46 068,00",,,
https://www.geek-mag.fr/153/annuaires-telephoniques-inverses-en-ligne-ou-par-telephone/,,Local,,15/02/2026,"46 068,00",,,
https://www.stpois-50.fr/mentions-legales,,Local,,15/02/2026,"46 068,00",,,
https://www.la-cabane-du-daladel.fr/mentions-legales,,Local,,15/02/2026,"46 068,00",,,
https://www.bichonn-auto.com/mentions-legales,,Local,,15/02/2026,"46 068,00",,,
https://www.2matiqse.fr/mentions-legales,,Local,,15/02/2026,"46 068,00",,,
https://www.arts-alu.com/mentions-legales,,Local,,15/02/2026,"46 068,00",,,
https://www.furthertogether.fr/mentions-legales,,Local,,15/02/2026,"46 068,00",,,
https://www.mereetfilsburger.fr/mentions-legales,,Local,,15/02/2026,"46 068,00",,,
https://www.aux-bouquets-de-coralie.fr/mentions-legales,,Local,,15/02/2026,"46 068,00",,,
https://www.mondialpizza.fr/mentions-legales,,Local,,15/02/2026,"46 068,00",,,
https://www.les2terrassesnice.fr/mentions-legales,,Local,,15/02/2026,"46 068,00",,,
https://www.atelier-dba.fr/mentions-legales,,Local,,15/02/2026,"46 068,00",,,
https://www.hortus-et-olitor.fr/mentions-legales,,Local,,15/02/2026,"46 068,00",,,
https://www.affutageindustriel.fr/mentions-legales,,Local,,15/02/2026,"46 068,00",,,
https://www.restaurant-burger-shop.fr/mentions-legales,,Local,,15/02/2026,"46 068,00",,,
https://www.a3-nettoyage.fr/mentions-legales,,Local,,15/02/2026,"46 068,00",,,
https://www.aaspei-france.fr/mentions-legales,,Local,,15/02/2026,"46 068,00",,,
https://www.miel-ruchers-presquile.fr/mentions-legales,,Local,,15/02/2026,"46 068,00",,,
https://www.mozaresto.fr/mentions-legales,,Local,,15/02/2026,"46 068,00",,,
https://www.steec.fr//mentions-legales,,Local,,15/02/2026,"46 068,00",,,
https://www.harguindeguy.fr/mentions-legales,,Local,,15/02/2026,"46 068,00",,,
https://www.francoiseb.fr/mentions-legales,,Local,,15/02/2026,"46 068,00",,,
https://www.plumeyogaaerien.com/mentions-legales,,Local,,15/02/2026,"46 068,00",,,
https://www.bistrotduconquerant.fr/mentions-legales,,Local,,15/02/2026,"46 068,00",,,
https://www.lemomentgourmandbylecochongourmand.fr/mentions-legales,,Local,,15/02/2026,"46 068,00",,,
https://www.loriginaltacos69.com/mentions-legales,,Local,,15/02/2026,"46 068,00",,,
https://www.equipetonvan.com/mentions-legales,,Local,,15/02/2026,"46 068,00",,,
https://www.chevrerie-lepetitsaintpoisien.fr/mentions-legales,,Local,,15/02/2026,"46 068,00",,,
https://www.bowlingdesauvian.fr/mentions-legales,,Local,,15/02/2026,"46 068,00",,,
https://www.couteaux-biancarelli.fr/mentions-legales,,Local,,15/02/2026,"46 068,00",,,
https://www.restaurant-lendroit-manosque.fr/mentions-legales,,Local,,15/02/2026,"46 068,00",,,
https://www.mjprevention-santesecurite.fr/mentions-legales,,Local,,15/02/2026,"46 068,00",,,
https://www.soelec.fr/mentions-legales,,Local,,15/02/2026,"46 068,00",,,
https://www.levingt3dix.fr/mentions-legales,,Local,,15/02/2026,"46 068,00",,,
https://www.bm-peinture.fr/mentions-legales,,Local,,15/02/2026,"46 068,00",,,
https://www.restaurant-palmyre.fr/mentions-legales,,Local,,15/02/2026,"46 068,00",,,
https://www.espaces-verts-yannick.fr/mentions-legales,,Local,,15/02/2026,"46 068,00",,,
https://www.berenimobilier.com/mentions-legales,,Local,,15/02/2026,"46 068,00",,,
https://www.chahrazed.fr/mentions-legales,,Local,,15/02/2026,"46 068,00",,,
https://www.les-compagnons-du-terroir.fr/mentions-legales,,Local,,15/02/2026,"46 068,00",,,
https://www.laffontmenuiserie-43.fr/mentions-legales,,Local,,15/02/2026,"46 068,00",,,
https://www.campingcaliforniacorse.com/mentions-legales,,Local,,15/02/2026,"46 068,00",,,
https://www.yakafermetures-34.fr/mentions-legales,,Local,,15/02/2026,"46 068,00",,,
https://www.la-pizzeria-57.fr/mentions-legales,,Local,,15/02/2026,"46 068,00",,,
https://www.letatevin.fr/mentions-legales,,Local,,15/02/2026,"46 068,00",,,
https://www.leffetmere.com/mentions-legales,,Local,,15/02/2026,"46 068,00",,,
https://www.lenk-frouzins.fr/mentions-legales,,Local,,15/02/2026,"46 068,00",,,
https://www.tikia-jardins.fr/mentions-legales,,Local,,15/02/2026,"46 068,00",,,
https://www.lemoulindesaintmartin.com/mentions-legales,,Local,,15/02/2026,"46 068,00",,,
https://www.restaurant-bellevue-bergerac.fr/mentions-legales,,Local,,15/02/2026,"46 068,00",,,
https://www.lesbories-ferme-pedagogique.fr/mentions-legales,,Local,,15/02/2026,"46 068,00",,,
https://www.aubongaulois.fr/mentions-legales,,Local,,15/02/2026,"46 068,00",,,
https://www.apm04.fr/mentions-legales,,Local,,15/02/2026,"46 068,00",,,
https://www.elektra.fr/mentions-legales,,Local,,15/02/2026,"46 068,00",,,
https://www.fiori-disantagiulia.com/mentions-legales,,Local,,15/02/2026,"46 068,00",,,
https://www.letatevin-13.fr/mentions-legales,,Local,,15/02/2026,"46 068,00",,,
https://www.chevalcathare.com/mentions-legales,,Local,,15/02/2026,"46 068,00",,,
https://www.boucherie-adoneth.fr/mentions-legales,,Local,,15/02/2026,"46 068,00",,,
https://www.repair-smartphone.fr/mentions-legales,,Local,,15/02/2026,"46 068,00",,,
https://www.mas-saint-clement.fr/mentions-legales,,Local,,15/02/2026,"46 068,00",,,
https://www.equipetonvan-58.com/mentions-legales,,Local,,15/02/2026,"46 068,00",,,
https://www.ectp43.fr/mentions-legales,,Local,,15/02/2026,"46 068,00",,,
https://www.ajasserie-orcival.fr/mentions-legales,,Local,,15/02/2026,"46 068,00",,,
https://www.verlyn.fr/mentions-legales,,Local,,15/02/2026,"46 068,00",,,
https://www.baziegeoptique.fr/mentions-legales,,Local,,15/02/2026,"46 068,00",,,
https://www.marzoenature-43.com/mentions-legales,,Local,,15/02/2026,"46 068,00",,,
https://www.az-67-carrelage.fr/mentions-legales,,Local,,15/02/2026,"46 068,00",,,
https://www.lerelaisdasnieres-89.com/mentions-legales,,Local,,15/02/2026,"46 068,00",,,
https://www.centre-energitherapies-reliances.com/mentions-legales,,Local,,15/02/2026,"46 068,00",,,
https://www.restaurants-horizon-riviere-05.fr/mentions-legales,,Local,,15/02/2026,"46 068,00",,,
https://www.jerem-elec85.fr/mentions-legales,,Local,,15/02/2026,"46 068,00",,,
https://www.esprit-nature74.fr/mentions-legales,,Local,,15/02/2026,"46 068,00",,,
https://www.tout-simplement-alllauch.fr/mentions-legales,,Local,,15/02/2026,"46 068,00",,,
https://www.metal-m.fr/mentions-legales,,Local,,15/02/2026,"46 068,00",,,
https://www.charcuterieros.fr/mentions-legales,,Local,,15/02/2026,"46 068,00",,,
https://www.happydogs-co.fr/mentions-legales,,Local,,15/02/2026,"46 068,00",,,
https://www.pages-24.fr/toulouse/13727562-local-fr-creation-site-internet-toulouse,,Local,,15/02/2026,"46 068,00",,,
https://www.sj-trans-jura.fr/mentions-legales,,Local,,15/02/2026,"46 068,00",,,
https://www.bewimloc.fr/mentions-legales,,Local,,15/02/2026,"46 068,00",,,
https://www.lesfleursdolys.fr/mentions-legales,,Local,,15/02/2026,"46 068,00",,,
https://www.lacaborne43.fr/mentions-legales,,Local,,15/02/2026,"46 068,00",,,
https://www.calabriamia.fr/mentions-legales,,Local,,15/02/2026,"46 068,00",,,
https://www.gitelapetitegiraudiere.fr/mentions-legales,,Local,,15/02/2026,"46 068,00",,,
https://www.pigmentscover.fr/mentions-legales,,Local,,15/02/2026,"46 068,00",,,
https://www.arduinnapyrenees.com/mentions-legales,,Local,,15/02/2026,"46 068,00",,,
https://www.ecurie-horses-show.fr/mentions-legales,,Local,,15/02/2026,"46 068,00",,,
https://www.oro-nero.fr/mentions-legales,,Local,,15/02/2026,"46 068,00",,,
https://www.mayx.fr/mentions-legales,,Local,,15/02/2026,"46 068,00",,,
https://travelaur-agency.com/mentions-legales/,,Local,,15/02/2026,"46 068,00",,,
https://www.reparationcenter-29.fr/mentions-legales,,Local,,15/02/2026,"46 068,00",,,
https://www.d2p-deco-49.fr/mentions-legales,,Local,,15/02/2026,"46 068,00",,,
https://www.domaine-las-farreres.com/mentions-legales,,Local,,15/02/2026,"46 068,00",,,
https://www.boutique-esoterique.fr/mentions-legales,,Local,,15/02/2026,"46 068,00",,,
https://www.chezodrey.fr/mentions-legales,,Local,,15/02/2026,"46 068,00",,,
https://www.endermosculpte-biganos.fr/mentions-legales,,Local,,15/02/2026,"46 068,00",,,
https://www.mathieu-64.fr/mentions-legales,,Local,,15/02/2026,"46 068,00",,,
https://www.cycle-fred74.fr/mentions-legales,,Local,,15/02/2026,"46 068,00",,,
https://www.natursula.fr/mentions-legales,,Local,,15/02/2026,"46 068,00",,,
https://www.lejardindelaurent.fr/mentions-legales,,Local,,15/02/2026,"46 068,00",,,
https://www.pms10.fr/mentions-legales,,Local,,15/02/2026,"46 068,00",,,
https://www.kashia-restaurant.fr/mentions-legales,,Local,,15/02/2026,"46 068,00",,,
https://www.betiprest64.fr/mentions-legales,,Local,,15/02/2026,"46 068,00",,,
https://www.mpac31.fr/mentions-legales,,Local,,15/02/2026,"46 068,00",,,
https://www.le-grand-jouan.fr/mentions-legales,,Local,,15/02/2026,"46 068,00",,,
https://www.bijouterie-sv-carat.fr/mentions-legales,,Local,,15/02/2026,"46 068,00",,,
https://www.au-millamour.com/mentions-legales,,Local,,15/02/2026,"46 068,00",,,
https://www.easy-vidange-87.fr/mentions-legales,,Local,,15/02/2026,"46 068,00",,,
https://www.steec-69.com/mentions-legales,,Local,,15/02/2026,"46 068,00",,,
https://www.loeildufelin.fr/mentions-legales,,Local,,15/02/2026,"46 068,00",,,
https://www.lalibee.fr/mentions-legales,,Local,,15/02/2026,"46 068,00",,,
https://www.ct-p2c-plomberiechauffage71.fr/mentions-legales,,Local,,15/02/2026,"46 068,00",,,
https://www.atelierartistique.fr/mentions-legales,,Local,,15/02/2026,"46 068,00",,,
https://www.raisedetailingcar.com/mentions-legales,,Local,,15/02/2026,"46 068,00",,,
https://www.laverteduberry.fr/mentions-legales,,Local,,15/02/2026,"46 068,00",,,
https://www.aj-electricite-84.fr/mentions-legales,,Local,,15/02/2026,"46 068,00",,,
https://www.loumattp33.fr/mentions-legales,,Local,,15/02/2026,"46 068,00",,,
https://www.mglenergie.fr/mentions-legales,,Local,,15/02/2026,"46 068,00",,,
https://www.vinaixa-automobiles-34.com/mentions-legales,,Local,,15/02/2026,"46 068,00",,,
https://www.lesecuriesdurucher.fr/mentions-legales,,Local,,15/02/2026,"46 068,00",,,
https://www.footandfood-corse.fr/mentions-legales,,Local,,15/02/2026,"46 068,00",,,
https://www.aux2delices-restaurant.fr/mentions-legales,,Local,,15/02/2026,"46 068,00",,,
https://www.sei-batrap.fr/mentions-legales,,Local,,15/02/2026,"46 068,00",,,
https://www.astaracpoeles.com/mentions-legales,,Local,,15/02/2026,"46 068,00",,,
https://www.flagrantdelice2b.fr/mentions-legales,,Local,,15/02/2026,"46 068,00",,,
https://www.creperie-le-vorlen.fr/mentions-legales,,Local,,15/02/2026,"46 068,00",,,
https://www.davoigneaugarnier.fr/mentions-legales,,Local,,15/02/2026,"46 068,00",,,
https://www.capdrone.bzh/mentions-legales,,Local,,15/02/2026,"46 068,00",,,
https://www.compostelle-moissac.com/mentions-legales,,Local,,15/02/2026,"46 068,00",,,
https://www.le-relais-de-saint-constant.fr/mentions-legales,,Local,,15/02/2026,"46 068,00",,,
https://www.maudcaillet.com/mentions-legales,,Local,,15/02/2026,"46 068,00",,,
https://www.gardenartprovence-06.com/mentions-legales,,Local,,15/02/2026,"46 068,00",,,
https://www.epicerie-coeur-de-terroir.com/mentions-legales,,Local,,15/02/2026,"46 068,00",,,
https://www.toukai.fr/mentions-legales,,Local,,15/02/2026,"46 068,00",,,
https://www.afg77.fr/mentions-legales/,,Local,,15/02/2026,"46 068,00",,,
https://www.authentique-pret-a-porter.fr/mentions-legales,,Local,,15/02/2026,"46 068,00",,,
https://www.figuredanchois.fr/mentions-legales,,Local,,15/02/2026,"46 068,00",,,
https://www.elevage-du-lac.fr/mentions-legales,,Local,,15/02/2026,"46 068,00",,,
https://www.seurat3.fr/mentions-legales,,Local,,15/02/2026,"46 068,00",,,
https://www.lelopinderobin.fr/mentions-legales,,Local,,15/02/2026,"46 068,00",,,
https://www.arles-transports.fr/mentions-legales,,Local,,15/02/2026,"46 068,00",,,
https://www.propriano-promenadeenmer.fr/mentions-legales,,Local,,15/02/2026,"46 068,00",,,
https://www.troika-royale.fr/mentions-legales,,Local,,15/02/2026,"46 068,00",,,
https://www.gpfactorybikes.fr/mentions-legales,,Local,,15/02/2026,"46 068,00",,,
https://www.baroart.fr/mentions-legales,,Local,,15/02/2026,"46 068,00",,,
https://www.stf-menuiserie.fr/mentions-legales,,Local,,15/02/2026,"46 068,00",,,
https://www.altaspiga.fr/mentions-legales,,Local,,15/02/2026,"46 068,00",,,
https://www.ferme-de-la-cote.fr/mentions-legales,,Local,,15/02/2026,"46 068,00",,,
https://www.boa-constructor-bois.fr/mentions-legales,,Local,,15/02/2026,"46 068,00",,,
https://www.lavoieduberger-coachanimalier.fr/mentions-legales/,,Local,,15/02/2026,"46 068,00",,,
https://www.lamelodie-desbulles.fr/mentions-legales,,Local,,15/02/2026,"46 068,00",,,
https://www.bertrannesportsbysgf.com/mentions-legales,,Local,,15/02/2026,"46 068,00",,,
https://www.baillet-terre-des-arts18.fr/mentions-legales,,Local,,15/02/2026,"46 068,00",,,
https://www.lesgonescorses.fr/mentions-legales,,Local,,15/02/2026,"46 068,00",,,
https://meilleurduweb.com/?rep_rubrique=rubriques&page_centre=sitesrubrique&categorie=annuaires&page=105,,Local,,15/02/2026,"46 068,00",,,
https://www.la-pietra.com/mentions-legales,,Local,,15/02/2026,"46 068,00",,,
https://www.dams-traiteur-herault.fr/mentions-legales,,Local,,15/02/2026,"46 068,00",,,
https://www.nautile-music.com/mentions-legales,,Local,,15/02/2026,"46 068,00",,,
https://www.bakbat.fr/mentions-legales,,Local,,15/02/2026,"46 068,00",,,
https://www.lepanierdannie.fr/mentions-legales,,Local,,15/02/2026,"46 068,00",,,
https://www.domaine-saintroch-84.com/mentions-legales,,Local,,15/02/2026,"46 068,00",,,
https://www.larchedejean-louis.com/mentions-legales/,,Local,,15/02/2026,"46 068,00",,,
https://www.lesptitsplatsdejulie.fr/mentions-legales,,Local,,15/02/2026,"46 068,00",,,
https://www.transports-perpignan.com/mentions-legales,,Local,,15/02/2026,"46 068,00",,,
https://www.charlymartin.eu/mentions-legales,,Local,,15/02/2026,"46 068,00",,,
https://www.giteslacolo.com/mentions-legales,,Local,,15/02/2026,"46 068,00",,,
https://www.lecomptoirdesbouchers.fr/mentions-legales,,Local,,15/02/2026,"46 068,00",,,
https://www.ice-monkeyfrance.fr/mentions-legales,,Local,,15/02/2026,"46 068,00",,,
https://www.egreenscoot.fr/mentions-legales,,Local,,15/02/2026,"46 068,00",,,
https://www.hbe-hydrox-systems-france.fr/mentions-legales,,Local,,15/02/2026,"46 068,00",,,
https://www.imbertcharpentemenuiserie.fr/mentions-legales,,Local,,15/02/2026,"46 068,00",,,
https://www.lestroisportes.fr/mentions-legales,,Local,,15/02/2026,"46 068,00",,,
https://www.kerduenrobes.fr/mentions-legales,,Local,,15/02/2026,"46 068,00",,,
https://www.aubergelarpelin.fr/mentions-legales,,Local,,15/02/2026,"46 068,00",,,
https://www.lalibrairiesauvage.com/mentions-legales,,Local,,15/02/2026,"46 068,00",,,
https://www.leptitresto05.fr/mentions-legales,,Local,,15/02/2026,"46 068,00",,,
https://www.lombria-belgodere.com/mentions-legales,,Local,,15/02/2026,"46 068,00",,,
https://www.odetefleurs.fr/mentions-legales,,Local,,15/02/2026,"46 068,00",,,
https://www.b-h-entreprise.fr/mentions-legales,,Local,,15/02/2026,"46 068,00",,,
https://www.climelecds.com/mentions-legales,,Local,,15/02/2026,"46 068,00",,,
https://www.21chaidoeuvre.fr/mentions-legales,,Local,,15/02/2026,"46 068,00",,,
https://www.entreprise-electricienne.fr/mentions-legales,,Local,,15/02/2026,"46 068,00",,,
https://www.animaletcompagnie.com/mentions-legales,,Local,,15/02/2026,"46 068,00",,,
https://www.les-chalets-de-labeaume.fr/mentions-legales,,Local,,15/02/2026,"46 068,00",,,
https://www.hypnose-emdr-poitiers.fr/mentions-legales,,Local,,15/02/2026,"46 068,00",,,
https://www.a-r-elec.fr/mentions-legales,,Local,,15/02/2026,"46 068,00",,,
https://www.lesponeysdeladurme.fr/mentions-legales,,Local,,15/02/2026,"46 068,00",,,
https://www.brasserie-du-valhalla.fr/mentions-legales,,Local,,15/02/2026,"46 068,00",,,
https://www.maison-meili.fr/mentions-legales,,Local,,15/02/2026,"46 068,00",,,
https://www.laffut.fr/mentions-legales,,Local,,15/02/2026,"46 068,00",,,
https://www.milifit.fr/mentions-legales,,Local,,15/02/2026,"46 068,00",,,
https://www.lescaledespecheurs.fr/mentions-legales,,Local,,15/02/2026,"46 068,00",,,
https://www.lavoixdesanges83.fr/mentions-legales,,Local,,15/02/2026,"46 068,00",,,
https://www.atelier-de-kali.fr/mentions-legales,,Local,,15/02/2026,"46 068,00",,,
https://www.robesdemarieecorse.fr/mentions-legales,,Local,,15/02/2026,"46 068,00",,,
https://www.dslocation.fr/mentions-legales,,Local,,15/02/2026,"46 068,00",,,
https://www.la-belle-adresse.fr/mentions-legales,,Local,,15/02/2026,"46 068,00",,,
https://www.association-canine-jura-sud.fr/mentions-legales,,Local,,15/02/2026,"46 068,00",,,
https://www.geode-expertises.fr/mentions-legales/,,Local,,15/02/2026,"46 068,00",,,
https://www.lesdelicesdelamer11.fr/mentions-legales,,Local,,15/02/2026,"46 068,00",,,
https://www.balaneacorbara.fr/mentions-legales,,Local,,15/02/2026,"46 068,00",,,
https://www.ariege-volailles.fr/mentions-legales,,Local,,15/02/2026,"46 068,00",,,
https://www.lechaletlemans.fr/mentions-legales,,Local,,15/02/2026,"46 068,00",,,
https://www.jbwedding.fr/mentions-legales,,Local,,15/02/2026,"46 068,00",,,
https://www.njor.fr/mentions-legales,,Local,,15/02/2026,"46 068,00",,,
https://www.elevage-chiens-mayenne.fr/mentions-legales,,Local,,15/02/2026,"46 068,00",,,
https://www.les-plumes-de-l-arnes.fr/mentions-legales,,Local,,15/02/2026,"46 068,00",,,
https://www.restaurant-labourse-st-junien.fr/mentions-legales,,Local,,15/02/2026,"46 068,00",,,
https://www.filets-securite.fr/mentions-legales,,Local,,15/02/2026,"46 068,00",,,
https://www.elevage-canin-bulgarians.fr/mentions-legales,,Local,,15/02/2026,"46 068,00",,,
https://www.le111lepradet.fr/mentions-legales,,Local,,15/02/2026,"46 068,00",,,
https://www.pikamotors.fr/mentions-legales,,Local,,15/02/2026,"46 068,00",,,
https://www.itakueil.fr/mentions-legales,,Local,,15/02/2026,"46 068,00",,,
https://www.fds-placo.fr/mentions-legales,,Local,,15/02/2026,"46 068,00",,,
https://www.auparfumdelilas.fr/mentions-legales,,Local,,15/02/2026,"46 068,00",,,
https://www.gaec-du-plantier.fr/mentions-legales,,Local,,15/02/2026,"46 068,00",,,
https://www.golfdeclecy.com/mentions-legales,,Local,,15/02/2026,"46 068,00",,,
https://www.bgs-climatisation.fr/mentions-legales,,Local,,15/02/2026,"46 068,00",,,
http://submiturls.org/the_worlds_most_visited_web_pages_67/,,Local,,15/02/2026,"46 068,00",,,
https://www.lemoulindumodon.fr/mentions-legales,,Local,,15/02/2026,"46 068,00",,,
https://www.la-defonce.fr/mentions-legales,,Local,,15/02/2026,"46 068,00",,,
https://www.es-artdent.com/mentions-legales,,Local,,15/02/2026,"46 068,00",,,
https://www.ouvrage-electrique-varois.fr/mentions-legales,,Local,,15/02/2026,"46 068,00",,,
https://www.lepetitbew.fr/mentions-legales,,Local,,15/02/2026,"46 068,00",,,
https://www.usinaxe-59.fr/mentions-legales,,Local,,15/02/2026,"46 068,00",,,
https://www.plaquiste-du-marais.fr/mentions-legales,,Local,,15/02/2026,"46 068,00",,,
https://www.travelcooking.fr/mentions-legales,,Local,,15/02/2026,"46 068,00",,,
https://www.clot-meste-duran.fr/mentions-legales,,Local,,15/02/2026,"46 068,00",,,
https://www.chris-creation-traiteur.fr/mentions-legales,,Local,,15/02/2026,"46 068,00",,,
https://www.alkea.fr/mentions-legales,,Local,,15/02/2026,"46 068,00",,,
https://www.bd-plomberie.fr/mentions-legales,,Local,,15/02/2026,"46 068,00",,,
https://www.terra-nova-mineraux.fr/mentions-legales,,Local,,15/02/2026,"46 068,00",,,
https://www.lesincontournables.net/mentions-legales,,Local,,15/02/2026,"46 068,00",,,
https://www.demenagement-cub.com/mentions-legales,,Local,,15/02/2026,"46 068,00",,,
https://www.rika-pontivy.fr/mentions-legales,,Local,,15/02/2026,"46 068,00",,,
https://www.jourdan-francois-16.fr/mentions-legales,,Local,,15/02/2026,"46 068,00",,,
https://www.omerleblanc.fr/mentions-legales,,Local,,15/02/2026,"46 068,00",,,
https://www.poissonnerie-du-bourg-plerin.fr/mentions-legales,,Local,,15/02/2026,"46 068,00",,,
https://www.a-batir.fr/mentions-legales,,Local,,15/02/2026,"46 068,00",,,
https://www.sophie-therapeute-animalier.fr/mentions-legales,,Local,,15/02/2026,"46 068,00",,,
https://www.les-morillons.fr/mentions-legales,,Local,,15/02/2026,"46 068,00",,,
https://www.brasseriedubassigny.fr/mentions-legales,,Local,,15/02/2026,"46 068,00",,,
https://www.camping-le-sableau.com/mentions-legales,,Local,,15/02/2026,"46 068,00",,,
https://www.le-ptea-cafe.fr/mentions-legales,,Local,,15/02/2026,"46 068,00",,,
https://www.esquisse-decoration.com/mentions-legales,,Local,,15/02/2026,"46 068,00",,,
https://www.auroyaumedelfea.com/mentions-legales,,Local,,15/02/2026,"46 068,00",,,
https://www.chateauboutinet.fr/mentions-legales,,Local,,15/02/2026,"46 068,00",,,
https://www.camping-la-borie.fr/mentions-legales,,Local,,15/02/2026,"46 068,00",,,
https://www.didiercalmettes.fr/mentions-legales,,Local,,15/02/2026,"46 068,00",,,
https://www.boulangeriecornu.fr/mentions-legales,,Local,,15/02/2026,"46 068,00",,,
https://www.jacques-chazel-artiste.fr/mentions-legales,,Local,,15/02/2026,"46 068,00",,,
https://www.nitabertaudiere.com/mentions-legales,,Local,,15/02/2026,"46 068,00",,,
https://www.shiru-bien-etre-energetique.fr/mentions-legales,,Local,,15/02/2026,"46 068,00",,,
https://www.eurl-joachim-calorifuge.fr/mentions-legales,,Local,,15/02/2026,"46 068,00",,,
https://www.sandyandyoulevidence.fr/mentions-legales,,Local,,15/02/2026,"46 068,00",,,
https://www.creazik.fr/mentions-legales,,Local,,15/02/2026,"46 068,00",,,
https://www.wizzcoaching-49.com/mentions-legales,,Local,,15/02/2026,"46 068,00",,,
https://www.camping-restau-loisirs-thiers.fr/mentions-legales,,Local,,15/02/2026,"46 068,00",,,
https://www.terreconnexionsante.com/mentions-legales,,Local,,15/02/2026,"46 068,00",,,
https://www.aucochonpailleux.fr/mentions-legales,,Local,,15/02/2026,"46 068,00",,,
https://www.g-kub.fr/mentions-legales,,Local,,15/02/2026,"46 068,00",,,
https://www.transcargo.fr/mentions-legales,,Local,,15/02/2026,"46 068,00",,,
https://www.campingbelevent.com/mentions-legales,,Local,,15/02/2026,"46 068,00",,,
https://www.lubayennedeproprete.fr/mentions-legales,,Local,,15/02/2026,"46 068,00",,,
https://www.frank-photographie.fr/mentions-legales,,Local,,15/02/2026,"46 068,00",,,
https://www.laromeantiquebrest.fr/mentions-legales,,Local,,15/02/2026,"46 068,00",,,
https://www.exelec71.fr/mentions-legales,,Local,,15/02/2026,"46 068,00",,,
https://www.toutoumatouandco.com/mentions-legales,,Local,,15/02/2026,"46 068,00",,,
https://www.ckpeinturedecors.fr/mentions-legales,,Local,,15/02/2026,"46 068,00",,,
https://www.lacledubonheur.net/mentions-legales,,Local,,15/02/2026,"46 068,00",,,
https://www.legaragegym.fr/mentions-legales,,Local,,15/02/2026,"46 068,00",,,
https://www.lerocdelrey.com/mentions-legales,,Local,,15/02/2026,"46 068,00",,,
https://www.ludocouverture17.fr/mentions-legales,,Local,,15/02/2026,"46 068,00",,,
https://www.alisglow.fr/mentions-legales,,Local,,15/02/2026,"46 068,00",,,
https://www.msinstallation.fr/mentions-legales,,Local,,15/02/2026,"46 068,00",,,
https://www.letapegourmande.com/mentions-legales,,Local,,15/02/2026,"46 068,00",,,
https://www.lb-bois.com/mentions-legales,,Local,,15/02/2026,"46 068,00",,,
https://www.boyer-lavage-auto.fr/mentions-legales,,Local,,15/02/2026,"46 068,00",,,
https://www.calvadoscarrelage.fr/mentions-legales,,Local,,15/02/2026,"46 068,00",,,
https://www.sarlcaraes.fr/mentions-legales,,Local,,15/02/2026,"46 068,00",,,
https://www.aumassaintpierre.eu/mentions-legales,,Local,,15/02/2026,"46 068,00",,,
https://www.agenceglv.com/mentions-legales,,Local,,15/02/2026,"46 068,00",,,
https://www.sylboutique.fr/mentions-legales,,Local,,15/02/2026,"46 068,00",,,
https://www.lacolo-de-mirabel.fr/mentions-legales,,Local,,15/02/2026,"46 068,00",,,
https://xrzzwgzwt.thefrwwwaface.com/post-detail/mentions-legales---cuisine-authentique/F64B975A4819DE04E9B7767817DAC991,,Local,,15/02/2026,"46 068,00",,,
https://www.berisha-deco.fr/mentions-legales,,Local,,15/02/2026,"46 068,00",,,
https://www.lesferronniers.fr/mentions-legales,,Local,,15/02/2026,"46 068,00",,,
https://www.achat-pieces-motoculture-24.fr/mentions-legales,,Local,,15/02/2026,"46 068,00",,,
https://www.erface.net/mentions-legales,,Local,,15/02/2026,"46 068,00",,,
https://www.utc-cycles.fr/mentions-legales,,Local,,15/02/2026,"46 068,00",,,
https://www.varcbdshopfp-cuers.com/mentions-legales,,Local,,15/02/2026,"46 068,00",,,
https://www.nounouflo.fr/mentions-legales,,Local,,15/02/2026,"46 068,00",,,
https://www.muryel-rava.fr/mentions-legales,,Local,,15/02/2026,"46 068,00",,,
https://www.rando-yourte.fr/mentions-legales,,Local,,15/02/2026,"46 068,00",,,
https://www.s2n-demenagement.com/mentions-legales,,Local,,15/02/2026,"46 068,00",,,
https://www.autolocservices.fr/mentions-legales,,Local,,15/02/2026,"46 068,00",,,
https://www.gites-en-quercy.fr/mentions-legales,,Local,,15/02/2026,"46 068,00",,,
https://hqtvvpsnj.usetheeefaces.com/post-detail/jardinerie-et-animalerie-a-beziers/8C08805F49337D63A8C4974213F78E81,,Local,,15/02/2026,"46 068,00",,,
https://www.lavoieducoeur-energie.fr/mentions-legales,,Local,,15/02/2026,"46 068,00",,,
https://www.el-clandestino.fr/mentions-legales,,Local,,15/02/2026,"46 068,00",,,
https://www.mdexpresstransports.fr/mentions-legales,,Local,,15/02/2026,"46 068,00",,,
https://www.ferme-la-harnoterie.com/mentions-legales,,Local,,15/02/2026,"46 068,00",,,
https://www.restaurant-legrandvallier.fr/mentions-legales,,Local,,15/02/2026,"46 068,00",,,
https://www.grainedinstants.fr/mentions-legales/,,Local,,15/02/2026,"46 068,00",,,
https://www.loutoupi-restaurant.fr/mentions-legales,,Local,,15/02/2026,"46 068,00",,,
https://www.la-cabane-des-biquettes.fr/mentions-legales,,Local,,15/02/2026,"46 068,00",,,
https://www.provence-nuances.fr/mentions-legales,,Local,,15/02/2026,"46 068,00",,,
https://www.jmbcoaching.fr/mentions-legales,,Local,,15/02/2026,"46 068,00",,,
https://www.hotel-restaurant-auwingenerhof.eu/mentions-legales,,Local,,15/02/2026,"46 068,00",,,
https://www.chokoaa.fr/mentions-legales,,Local,,15/02/2026,"46 068,00",,,
https://www.travelandcovtc.fr/mentions-legales,,Local,,15/02/2026,"46 068,00",,,
https://www.ams3d.fr/mentions-legales,,Local,,15/02/2026,"46 068,00",,,
https://www.ab-valeurs-nutritionnelles.fr/mentions-legales,,Local,,15/02/2026,"46 068,00",,,
https://www.le-beale-street.fr/mentions-legales,,Local,,15/02/2026,"46 068,00",,,
https://www.lebelgodere.fr/mentions-legales,,Local,,15/02/2026,"46 068,00",,,
https://www.calacorsa.com/mentions-legales,,Local,,15/02/2026,"46 068,00",,,
https://www.sh-lithium.fr/mentions-legales,,Local,,15/02/2026,"46 068,00",,,
https://www.metaldecindus.fr/mentions-legales,,Local,,15/02/2026,"46 068,00",,,
https://thewwwwebsite.com/post-detail/mentions-legales---centre-de-lutilitaire/2895671221,,Local,,15/02/2026,"46 068,00",,,
https://www.etoile-du-ceresthym.fr/mentions-legales,,Local,,15/02/2026,"46 068,00",,,
https://www.cft31.fr/mentions-legales,,Local,,15/02/2026,"46 068,00",,,
http://webseek.us/the_worlds_most_visited_web_pages_67/,,Local,,15/02/2026,"46 068,00",,,
https://www.bijouterie-orpile.fr/mentions-legales,,Local,,15/02/2026,"46 068,00",,,
https://www.k-baies.fr/mentions-legales,,Local,,15/02/2026,"46 068,00",,,
https://www.armelle-fanguinoveny.fr/mentions-legales,,Local,,15/02/2026,"46 068,00",,,
https://www.caprices-du-petit-chere.fr/mentions-legales,,Local,,15/02/2026,"46 068,00",,,
https://www.restaurantletandem-83.fr/mentions-legales,,Local,,15/02/2026,"46 068,00",,,
https://www.aliah-k.fr/mentions-legales,,Local,,15/02/2026,"46 068,00",,,
https://www.sportifit-16.fr/mentions-legales,,Local,,15/02/2026,"46 068,00",,,
https://www.inpose-40.fr/mentions-legales,,Local,,15/02/2026,"46 068,00",,,
https://www.labelleetoile16.fr/mentions-legales,,Local,,15/02/2026,"46 068,00",,,
https://www.terrassement-ajaccio.fr/mentions-legales,,Local,,15/02/2026,"46 068,00",,,
https://www.ctravauxpro.fr/mentions-legales,,Local,,15/02/2026,"46 068,00",,,
https://www.lepresale.fr/mentions-legales,,Local,,15/02/2026,"46 068,00",,,
https://www.sables-d-argent.eu/mentions-legales,,Local,,15/02/2026,"46 068,00",,,
https://www.encantade.com/mentions-legales,,Local,,15/02/2026,"46 068,00",,,
https://www.jmaudition-audioprothesiste21.fr/mentions-legales,,Local,,15/02/2026,"46 068,00",,,
https://www.loubocalayre.fr/mentions-legales,,Local,,15/02/2026,"46 068,00",,,
https://www.kargotecture.fr/mentions-legales,,Local,,15/02/2026,"46 068,00",,,
https://www.lesessentielsdici.fr/mentions-legales,,Local,,15/02/2026,"46 068,00",,,
https://www.kalypso-conciergerie.fr/mentions-legales,,Local,,15/02/2026,"46 068,00",,,
https://www.nettoyage-bhainservices.fr/mentions-legales,,Local,,15/02/2026,"46 068,00",,,
https://www.le-pressoir-des-coteaux.fr/mentions-legales,,Local,,15/02/2026,"46 068,00",,,
https://www.lesflechesdartemis.com/mentions-legales,,Local,,15/02/2026,"46 068,00",,,
https://www.j-o-services-31.fr/mentions-legales,,Local,,15/02/2026,"46 068,00",,,
https://www.brasseriedurosier.fr/mentions-legales,,Local,,15/02/2026,"46 068,00",,,
https://www.cosnefitness.fr/mentions-legales,,Local,,15/02/2026,"46 068,00",,,
https://www.starmultiservices.fr/mentions-legales,,Local,,15/02/2026,"46 068,00",,,
https://www.cyclarium.fr/mentions-legales,,Local,,15/02/2026,"46 068,00",,,
https://www.shivanagar.com/mentions-legales,,Local,,15/02/2026,"46 068,00",,,
https://www.chambres-le-prieure.fr/mentions-legales,,Local,,15/02/2026,"46 068,00",,,
https://www.pressing-dauvergne.fr/mentions-legales,,Local,,15/02/2026,"46 068,00",,,
https://www.jr-maconnerie.fr/mentions-legales,,Local,,15/02/2026,"46 068,00",,,
https://www.auffretmorgane.fr/mentions-legales,,Local,,15/02/2026,"46 068,00",,,
https://www.domainesantumatteu.fr/mentions-legales,,Local,,15/02/2026,"46 068,00",,,
https://www.auberge-du-coq.fr/mentions-legales,,Local,,15/02/2026,"46 068,00",,,
https://www.entre2-restaurant.fr/mentions-legales,,Local,,15/02/2026,"46 068,00",,,
https://www.trocadilly.fr/mentions-legales,,Local,,15/02/2026,"46 068,00",,,
https://www.bullesetspa.fr/mentions-legales,,Local,,15/02/2026,"46 068,00",,,
https://www.nd-plomberie.fr/mentions-legales,,Local,,15/02/2026,"46 068,00",,,
https://www.ar-immobilier.fr/mentions-legales,,Local,,15/02/2026,"46 068,00",,,
https://www.beezzz.fr/mentions-legales,,Local,,15/02/2026,"46 068,00",,,
https://www.alacroiseedesvignes.fr/mentions-legales,,Local,,15/02/2026,"46 068,00",,,
https://www.montelec82.fr/mentions-legales,,Local,,15/02/2026,"46 068,00",,,
https://www.akdeniz-jura.fr/mentions-legales,,Local,,15/02/2026,"46 068,00",,,
https://www.chabrand-producteurs26.fr/mentions-legales,,Local,,15/02/2026,"46 068,00",,,
https://www.restaurant-tinto.com/mentions-legales,,Local,,15/02/2026,"46 068,00",,,
https://www.mbs-distribution.fr/mentions-legales,,Local,,15/02/2026,"46 068,00",,,
https://www.lemarchanddesaveurs.fr/mentions-legales,,Local,,15/02/2026,"46 068,00",,,
https://www.chezdioune.fr/mentions-legales,,Local,,15/02/2026,"46 068,00",,,
https://www.grouptfe-es.com/mentions-legales,,Local,,15/02/2026,"46 068,00",,,
https://www.vente-loconze.fr/mentions-legales,,Local,,15/02/2026,"46 068,00",,,
https://www.groupe-paquet.fr/mentions-legales,,Local,,15/02/2026,"46 068,00",,,
https://www.epicerieandco-maubec.fr/mentions-legales,,Local,,15/02/2026,"46 068,00",,,
https://www.grandisaporidicasa.fr/mentions-legales,,Local,,15/02/2026,"46 068,00",,,
https://www.restaurant-tinto.eu/mentions-legales,,Local,,15/02/2026,"46 068,00",,,
https://www.cdwtpeinturenettoyage-64-40.fr/mentions-legales,,Local,,15/02/2026,"46 068,00",,,
https://www.boulangerie-murgia.fr/mentions-legales,,Local,,15/02/2026,"46 068,00",,,
https://www.salle-villaflavia.fr/mentions-legales,,Local,,15/02/2026,"46 068,00",,,
https://www.lafermedescambettes.fr/mentions-legales,,Local,,15/02/2026,"46 068,00",,,
https://www.epicerie-salade-de-fruits.fr/mentions-legales,,Local,,15/02/2026,"46 068,00",,,
https://www.ucintuajaccio.fr/mentions-legales,,Local,,15/02/2026,"46 068,00",,,
https://www.luigi-pizza.fr/mentions-legales,,Local,,15/02/2026,"46 068,00",,,
https://www.chateau-emeringes.fr/mentions-legales,,Local,,15/02/2026,"46 068,00",,,
https://www.echallon-proxi-01.fr/mentions-legales,,Local,,15/02/2026,"46 068,00",,,
https://www.transport-express-europe86.fr/mentions-legales,,Local,,15/02/2026,"46 068,00",,,
https://www.le-saint-benoit.fr/mentions-legales,,Local,,15/02/2026,"46 068,00",,,
https://www.maison-des-produits-locaux.fr/mentions-legales,,Local,,15/02/2026,"46 068,00",,,
https://www.restaurant-lannexe-71.fr/mentions-legales,,Local,,15/02/2026,"46 068,00",,,
https://www.slm66.fr/mentions-legales,,Local,,15/02/2026,"46 068,00",,,
https://www.lesagrumesditaliedenino.fr/mentions-legales,,Local,,15/02/2026,"46 068,00",,,
https://www.gomags.fr/mentions-legales,,Local,,15/02/2026,"46 068,00",,,
https://www.morez-electricite.fr/mentions-legales,,Local,,15/02/2026,"46 068,00",,,
https://www.bien-etre-et-conscience.com/mentions-legales,,Local,,15/02/2026,"46 068,00",,,
https://www.poselepicerie.fr/mentions-legales,,Local,,15/02/2026,"46 068,00",,,
https://www.brasseriedeleurope65.fr/mentions-legales,,Local,,15/02/2026,"46 068,00",,,
https://www.lardoiseajaccio.fr/mentions-legales,,Local,,15/02/2026,"46 068,00",,,
https://www.le-nid-table-restaurant.fr/mentions-legales,,Local,,15/02/2026,"46 068,00",,,
https://www.ruffel.com/mentions-legales,,Local,,15/02/2026,"46 068,00",,,
https://www.bystroetcie.fr/mentions-legales,,Local,,15/02/2026,"46 068,00",,,
https://www.lehangarparmorgane.fr/mentions-legales,,Local,,15/02/2026,"46 068,00",,,
https://www.lafeedesdames.fr/mentions-legales,,Local,,15/02/2026,"46 068,00",,,
https://www.commeuneevidence-85.com/mentions-legales,,Local,,15/02/2026,"46 068,00",,,
https://www.sables-d-argent.com/mentions-legales,,Local,,15/02/2026,"46 068,00",,,
https://www.cornykebab.fr/mentions-legales,,Local,,15/02/2026,"46 068,00",,,
https://www.les-diamants-de-la-gartempe.fr/mentions-legales,,Local,,15/02/2026,"46 068,00",,,
https://www.chezfranck11.fr/mentions-legales,,Local,,15/02/2026,"46 068,00",,,
https://www.lamacq-climatisation.fr/mentions-legales,,Local,,15/02/2026,"46 068,00",,,
https://www.menuiserie-steiner-67.com/mentions-legales,,Local,,15/02/2026,"46 068,00",,,
https://www.eg2d-corse.fr/mentions-legales,,Local,,15/02/2026,"46 068,00",,,
https://www.auberge-de-praloup.fr/mentions-legales,,Local,,15/02/2026,"46 068,00",,,
https://www.diaggtplus.fr/mentions-legales,,Local,,15/02/2026,"46 068,00",,,
https://www.domaineparadisdesoiseaux.fr/mentions-legales,,Local,,15/02/2026,"46 068,00",,,
https://www.earl-lestachoires.fr/mentions-legales,,Local,,15/02/2026,"46 068,00",,,
https://www.dim-peinture.fr/mentions-legales,,Local,,15/02/2026,"46 068,00",,,
https://www.lacrieebressane.fr/mentions-legales/,,Local,,15/02/2026,"46 068,00",,,
https://www.lesaiguieres.fr/mentions-legales,,Local,,15/02/2026,"46 068,00",,,
https://www.fullwashdetailing.com/mentions-legales,,Local,,15/02/2026,"46 068,00",,,
https://www.gite-domaine-de-la-salamandre.fr/mentions-legales,,Local,,15/02/2026,"46 068,00",,,
https://www.ets-picard-plombier-chauffage.fr/mentions-legales,,Local,,15/02/2026,"46 068,00",,,
https://www.im-nutrition.fr/mentions-legales,,Local,,15/02/2026,"46 068,00",,,
https://www.frenchestateagents.com/moving-to-france,,Local,,15/02/2026,"46 068,00",,,
https://www.plomberie-forestier-17.fr/mentions-legales,,Local,,15/02/2026,"46 068,00",,,
https://www.ecoservices-06.fr/mentions-legales,,Local,,15/02/2026,"46 068,00",,,
https://www.rainbowloc-vintage.fr/mentions-legales,,Local,,15/02/2026,"46 068,00",,,
https://www.gaecbordes.fr/mentions-legales,,Local,,15/02/2026,"46 068,00",,,
https://www.lartisanatdelafontaine.fr/mentions-legales,,Local,,15/02/2026,"46 068,00",,,
https://www.haras-du-cercle.fr/mentions-legales,,Local,,15/02/2026,"46 068,00",,,
https://www.casa-ferracci-chocolatier.fr/mentions-legales,,Local,,15/02/2026,"46 068,00",,,
https://www.epicerie-bio-lannion.fr/mentions-legales,,Local,,15/02/2026,"46 068,00",,,
https://www.restaurant-pizzeria-chezmanu.fr/mentions-legales,,Local,,15/02/2026,"46 068,00",,,
https://www.osmose-animal.com/mentions-legales/,,Local,,15/02/2026,"46 068,00",,,
https://www.la-bergerie-maubec.fr/mentions-legales,,Local,,15/02/2026,"46 068,00",,,
https://www.hellvis-ferronnerie-brasero.fr/mentions-legales,,Local,,15/02/2026,"46 068,00",,,
https://www.etadelles-57.fr/mentions-legales,,Local,,15/02/2026,"46 068,00",,,
https://www.pilateshautstolosans.com/mentions-legales,,Local,,15/02/2026,"46 068,00",,,
https://www.betterathome.fr/mentions-legales,,Local,,15/02/2026,"46 068,00",,,
https://www.nadia-therapeute-holistique-33.com/mentions-legales,,Local,,15/02/2026,"46 068,00",,,
https://www.camping-lacsdecourtes.eu/mentions-legales,,Local,,15/02/2026,"46 068,00",,,
https://www.le-bistrot-de-mathieu.fr/mentions-legales,,Local,,15/02/2026,"46 068,00",,,
https://www.ds-project.fr/mentions-legales,,Local,,15/02/2026,"46 068,00",,,
https://www.boucherie-grosjean-jura.fr/mentions-legales,,Local,,15/02/2026,"46 068,00",,,
https://www.franchecomtepeinture-25.com/mentions-legales,,Local,,15/02/2026,"46 068,00",,,
https://www.camping-lhorizonbleu.fr/mentions-legales,,Local,,15/02/2026,"46 068,00",,,
https://www.lecrindebois-spa.fr/mentions-legales,,Local,,15/02/2026,"46 068,00",,,
https://www.laptitemalicieuse.fr/mentions-legales,,Local,,15/02/2026,"46 068,00",,,
https://www.billyboatlocation.com/mentions-legales,,Local,,15/02/2026,"46 068,00",,,
https://www.oboucherducoin.fr/mentions-legales,,Local,,15/02/2026,"46 068,00",,,
https://www.commeunzestdegourmandise.fr/mentions-legales,,Local,,15/02/2026,"46 068,00",,,
https://www.atelierdaudrey.fr/mentions-legales,,Local,,15/02/2026,"46 068,00",,,
https://www.renovation-papinaud-saint-porchaire.fr/mentions-legales,,Local,,15/02/2026,"46 068,00",,,
https://www.giampi.fr/mentions-legales,,Local,,15/02/2026,"46 068,00",,,
https://www.mrgreentone.fr/mentions-legales,,Local,,15/02/2026,"46 068,00",,,
https://www.angladeconseil.fr/mentions-legales,,Local,,15/02/2026,"46 068,00",,,
https://www.lvus.fr/mentions-legales,,Local,,15/02/2026,"46 068,00",,,
https://www.amo-bois.com/mentions-legales,,Local,,15/02/2026,"46 068,00",,,
https://www.generiquelespitchouns.fr/mentions-legales,,Local,,15/02/2026,"46 068,00",,,
https://www.chez-valou-les-souris-dansent.fr/mentions-legales,,Local,,15/02/2026,"46 068,00",,,
https://www.tresordurucher.fr/mentions-legales,,Local,,15/02/2026,"46 068,00",,,
https://www.escapade-coeur-provence.fr/mentions-legales,,Local,,15/02/2026,"46 068,00",,,
https://www.abisalpeschauffeur.eu/mentions-legales,,Local,,15/02/2026,"46 068,00",,,
https://www.smartrenov31.fr/mentions-legales,,Local,,15/02/2026,"46 068,00",,,
https://www.sovanna-shiatsu.fr/mentions-legales,,Local,,15/02/2026,"46 068,00",,,
https://www.sas-coste.fr/mentions-legales,,Local,,15/02/2026,"46 068,00",,,
https://www.restaurantle20130.fr/mentions-legales,,Local,,15/02/2026,"46 068,00",,,
https://www.langoumans.fr/mentions-legales,,Local,,15/02/2026,"46 068,00",,,
https://www.hector-perron-osteopathe.fr/mentions-legales,,Local,,15/02/2026,"46 068,00",,,
https://www.la-mouillere.fr/mentions-legales,,Local,,15/02/2026,"46 068,00",,,
https://www.restaurant-lechamperus.fr/mentions-legales,,Local,,15/02/2026,"46 068,00",,,
https://www.centre-soa.fr/mentions-legales,,Local,,15/02/2026,"46 068,00",,,
https://www.adl-hypnocoach.fr/mentions-legales,,Local,,15/02/2026,"46 068,00",,,
https://www.isa-k.com/mentions-legales,,Local,,15/02/2026,"46 068,00",,,
https://www.grsenergies.fr/mentions-legales,,Local,,15/02/2026,"46 068,00",,,
https://www.lafermedesaventuriers03.fr/mentions-legales,,Local,,15/02/2026,"46 068,00",,,
https://www.mellidor.fr/mentions-legales,,Local,,15/02/2026,"46 068,00",,,
https://www.elevagedesbrumesdebroceliande.fr/mentions-legales,,Local,,15/02/2026,"46 068,00",,,
https://www.fleurquin-proprete.fr/mentions-legales,,Local,,15/02/2026,"46 068,00",,,
https://www.ahmp.fr/mentions-legales/,,Local,,15/02/2026,"46 068,00",,,
https://www.alxdriver.fr/mentions-legales,,Local,,15/02/2026,"46 068,00",,,
https://www.fccp-lamothe.fr/mentions-legales,,Local,,15/02/2026,"46 068,00",,,
https://www.quatirisfrance.com/mentions-legales,,Local,,15/02/2026,"46 068,00",,,
https://www.labodega81.fr/mentions-legales,,Local,,15/02/2026,"46 068,00",,,
https://www.mindelos.com/mentions-legales,,Local,,15/02/2026,"46 068,00",,,
https://www.paca-expert-batiment.fr/mentions-legales,,Local,,15/02/2026,"46 068,00",,,
https://www.restaurant-au-romarin.fr/mentions-legales,,Local,,15/02/2026,"46 068,00",,,
https://www.lkreolpei-cuers.fr/mentions-legales,,Local,,15/02/2026,"46 068,00",,,
https://www.levenement-par-salome.fr/mentions-legales,,Local,,15/02/2026,"46 068,00",,,
https://www.nb-coaching.fr/mentions-legales,,Local,,15/02/2026,"46 068,00",,,
https://www.leqg18.fr/mentions-legales,,Local,,15/02/2026,"46 068,00",,,
https://www.le-temps-du-chocolat.fr/mentions-legales,,Local,,15/02/2026,"46 068,00",,,
https://www.e-xpertcycles.fr/mentions-legales,,Local,,15/02/2026,"46 068,00",,,
https://www.demeuredelilerollet.com/mentions-legales,,Local,,15/02/2026,"46 068,00",,,
https://www.frankilou-velo.com/mentions-legales,,Local,,15/02/2026,"46 068,00",,,
https://www.chatterie-de-la-ferme-barbier.fr/mentions-legales,,Local,,15/02/2026,"46 068,00",,,
https://www.amelec85.com/mentions-legales,,Local,,15/02/2026,"46 068,00",,,
https://www.ravalhome.fr/mentions-legales,,Local,,15/02/2026,"46 068,00",,,
https://www.micheletti-delices.fr/mentions-legales,,Local,,15/02/2026,"46 068,00",,,
https://www.le-lavalette-16.fr/mentions-legales,,Local,,15/02/2026,"46 068,00",,,
https://www.le-fournil-de-morcenx.fr/mentions-legales,,Local,,15/02/2026,"46 068,00",,,
https://www.dortegregory-therapeute.fr/mentions-legales,,Local,,15/02/2026,"46 068,00",,,
https://www.restaurant-zoreole.fr/mentions-legales,,Local,,15/02/2026,"46 068,00",,,
https://forum.pcastuces.com/annuaire_inverse-f9s45064.htm,,Local,,15/02/2026,"46 068,00",,,
https://www.ip-forma.com/mentions-legales,,Local,,15/02/2026,"46 068,00",,,
https://www.jardinsdoccitanie11.fr/mentions-legales,,Local,,15/02/2026,"46 068,00",,,
https://www.domaine-grand-duc.com/mentions-legales,,Local,,15/02/2026,"46 068,00",,,
https://www.campingmasdereboul-30.fr/mentions-legales,,Local,,15/02/2026,"46 068,00",,,
https://www.tante-germaine-67.fr/mentions-legales,,Local,,15/02/2026,"46 068,00",,,
https://www.multiservice-petit-et-gros-menage.fr/mentions-legales,,Local,,15/02/2026,"46 068,00",,,
https://www.pegdusud.fr/mentions-legales,,Local,,15/02/2026,"46 068,00",,,
https://www.lafermedecampodimonte.fr/mentions-legales,,Local,,15/02/2026,"46 068,00",,,
https://www.letoile-acrobat.fr/mentions-legales,,Local,,15/02/2026,"46 068,00",,,
https://www.bouinierecotejardin.fr/mentions-legales,,Local,,15/02/2026,"46 068,00",,,
https://www.sportsantebienetre82.fr/mentions-legales,,Local,,15/02/2026,"46 068,00",,,
https://www.leschambresderocbaron.fr/mentions-legales,,Local,,15/02/2026,"46 068,00",,,
https://www.bge-la-connexion-electrique.fr/mentions-legales,,Local,,15/02/2026,"46 068,00",,,
https://www.fonseca33construction.fr/mentions-legales,,Local,,15/02/2026,"46 068,00",,,
https://www.dannymoto.fr/mentions-legales,,Local,,15/02/2026,"46 068,00",,,
https://www.lessoinshumainessence.fr/mentions-legales,,Local,,15/02/2026,"46 068,00",,,
https://www.claire-schmid.com/mentions-legales,,Local,,15/02/2026,"46 068,00",,,
https://www.lapoissonneriedarzacq.fr/mentions-legales,,Local,,15/02/2026,"46 068,00",,,
https://www.cuilleiries-peinture.fr/mentions-legales,,Local,,15/02/2026,"46 068,00",,,
https://www.campingdenogarede-ceret.fr/mentions-legales,,Local,,15/02/2026,"46 068,00",,,
https://www.legrillhouse.fr/mentions-legales,,Local,,15/02/2026,"46 068,00",,,
https://www.cabinetdesoinlorion.fr/mentions-legales,,Local,,15/02/2026,"46 068,00",,,
https://www.reflexologie-miel.fr/mentions-legales,,Local,,15/02/2026,"46 068,00",,,
https://www.ase-energie.fr/mentions-legales,,Local,,15/02/2026,"46 068,00",,,
http://add-site.net/the_worlds_most_visited_web_pages_67/,,Local,,15/02/2026,"46 068,00",,,
https://www.fti-thermique-17.com/mentions-legales,,Local,,15/02/2026,"46 068,00",,,
https://www.chachalaplage.com/mentions-legales,,Local,,15/02/2026,"46 068,00",,,
https://www.demenagemoi.fr/mentions-legales,,Local,,15/02/2026,"46 068,00",,,
https://www.brasseriedorleans.fr/mentions-legales,,Local,,15/02/2026,"46 068,00",,,
https://www.le9equin71.fr/mentions-legales,,Local,,15/02/2026,"46 068,00",,,
https://www.wam-photo.com/mentions-legales,,Local,,15/02/2026,"46 068,00",,,
https://www.labadie-energies.fr/mentions-legales,,Local,,15/02/2026,"46 068,00",,,
https://www.muriel-taxi.com/mentions-legales,,Local,,15/02/2026,"46 068,00",,,
https://www.restaurant-lestables-pizzeria.fr/mentions-legales,,Local,,15/02/2026,"46 068,00",,,
https://www.viavino.fr/mentions-legales,,Local,,15/02/2026,"46 068,00",,,
https://www.cgborsellitp.fr/mentions-legales,,Local,,15/02/2026,"46 068,00",,,
https://www.sudelec-corse.fr/mentions-legales,,Local,,15/02/2026,"46 068,00",,,
https://www.la-belle-epoque-cournon.fr/mentions-legales,,Local,,15/02/2026,"46 068,00",,,
https://www.la-grange-a-velo.fr/mentions-legales,,Local,,15/02/2026,"46 068,00",,,
https://www.aucoeurdescoulmes.fr/mentions-legales,,Local,,15/02/2026,"46 068,00",,,
https://www.lasolexerie.fr/mentions-legales,,Local,,15/02/2026,"46 068,00",,,
https://www.artpege.fr/mentions-legales,,Local,,15/02/2026,"46 068,00",,,
https://www.pharmaciedesoiseaux.fr/mentions-legales,,Local,,15/02/2026,"46 068,00",,,
https://www.nails-complicity.fr/mentions-legales,,Local,,15/02/2026,"46 068,00",,,
https://www.roanneluminaire.fr/mentions-legales,,Local,,15/02/2026,"46 068,00",,,
https://www.linstant-sushi.fr/mentions-legales,,Local,,15/02/2026,"46 068,00",,,
https://www.changement-de-decor-57.fr/mentions-legales,,Local,,15/02/2026,"46 068,00",,,
https://www.lash-and-co-chaumont.fr/mentions-legales,,Local,,15/02/2026,"46 068,00",,,
https://www.lamcpe.com/mentions-legales,,Local,,15/02/2026,"46 068,00",,,
https://www.parolesdanimaux.fr/mentions-legales,,Local,,15/02/2026,"46 068,00",,,
https://www.fermedescampanules.fr/mentions-legales,,Local,,15/02/2026,"46 068,00",,,
https://www.la-chatterie-des-champacoon.fr/mentions-legales,,Local,,15/02/2026,"46 068,00",,,
https://www.roadtoclean34.fr/mentions-legales,,Local,,15/02/2026,"46 068,00",,,
https://www.lespot-bar.fr/mentions-legales,,Local,,15/02/2026,"46 068,00",,,
https://www.aupieddumur73.fr/mentions-legales,,Local,,15/02/2026,"46 068,00",,,
https://www.vinarium.fr/mentions-legales,,Local,,15/02/2026,"46 068,00",,,
https://www.jdtoiture-85.fr/mentions-legales,,Local,,15/02/2026,"46 068,00",,,
https://www.bsptransportexpress.fr/mentions-legales,,Local,,15/02/2026,"46 068,00",,,
https://www.pf-bougaud-franck.fr/mentions-legales,,Local,,15/02/2026,"46 068,00",,,
https://www.lepaindandernos.fr/mentions-legales,,Local,,15/02/2026,"46 068,00",,,
https://www.humani-maux.fr/mentions-legales,,Local,,15/02/2026,"46 068,00",,,
https://www.pauline-sport-training.fr/mentions-legales,,Local,,15/02/2026,"46 068,00",,,
https://www.naturopathie-leborne.fr/mentions-legales,,Local,,15/02/2026,"46 068,00",,,
https://www.auxsaveursdebrequigny.fr/mentions-legales,,Local,,15/02/2026,"46 068,00",,,
https://www.boulangerielacampagnarde.fr/mentions-legales,,Local,,15/02/2026,"46 068,00",,,
https://www.cathycakes.fr/mentions-legales,,Local,,15/02/2026,"46 068,00",,,
https://www.naitressence.fr/mentions-legales,,Local,,15/02/2026,"46 068,00",,,
https://www.projetsstoresmenuiseries.fr/mentions-legales,,Local,,15/02/2026,"46 068,00",,,
https://www.murieltaxi.fr/mentions-legales,,Local,,15/02/2026,"46 068,00",,,
https://www.regencecafe.fr/mentions-legales,,Local,,15/02/2026,"46 068,00",,,
https://www.elevagedescroisadesariegeoises.com/mentions-legales,,Local,,15/02/2026,"46 068,00",,,
https://www.maison-dessainjean.fr/mentions-legales,,Local,,15/02/2026,"46 068,00",,,
https://www.le-savoy-villagevacances.fr/mentions-legales,,Local,,15/02/2026,"46 068,00",,,
https://www.douce-chaleur-du-bois.fr/mentions-legales,,Local,,15/02/2026,"46 068,00",,,
https://www.mamie-jeanne-patisserie-gordes.fr/mentions-legales,,Local,,15/02/2026,"46 068,00",,,
https://www.colorbati.com/mentions-legales,,Local,,15/02/2026,"46 068,00",,,
https://www.lefournilduchateau-maintenon.fr/mentions-legales,,Local,,15/02/2026,"46 068,00",,,
https://www.c-mautos.fr/mentions-legales,,Local,,15/02/2026,"46 068,00",,,
https://www.lesateliersdesnoyer.fr/mentions-legales,,Local,,15/02/2026,"46 068,00",,,
https://www.devousamoi-doula.fr/mentions-legales,,Local,,15/02/2026,"46 068,00",,,
https://www.boucherie-bensenouci.fr/mentions-legales,,Local,,15/02/2026,"46 068,00",,,
https://www.boulangeriemikael.fr/mentions-legales,,Local,,15/02/2026,"46 068,00",,,
https://www.laboulangeriemadame.fr/mentions-legales,,Local,,15/02/2026,"46 068,00",,,
https://www.peinture-fontes-amenagement.fr/mentions-legales,,Local,,15/02/2026,"46 068,00",,,
https://www.lesecuriesdarmani.fr/mentions-legales,,Local,,15/02/2026,"46 068,00",,,
https://www.l-occitane-d-or.fr/mentions-legales,,Local,,15/02/2026,"46 068,00",,,
https://www.delices-et-vous.fr/mentions-legales,,Local,,15/02/2026,"46 068,00",,,
https://www.zm-snack-egletons.fr/mentions-legales,,Local,,15/02/2026,"46 068,00",,,
https://www.competences-sourcing.fr/mentions-legales/,,Local,,15/02/2026,"46 068,00",,,
https://www.espritcolaure34.fr/mentions-legales,,Local,,15/02/2026,"46 068,00",,,
https://www.nextek.fr/mentions-legales,,Local,,15/02/2026,"46 068,00",,,
https://www.pefm.fr/mentions-legales,,Local,,15/02/2026,"46 068,00",,,
https://www.earl-argoat-equitation.fr/mentions-legales,,Local,,15/02/2026,"46 068,00",,,
https://www.cbdrome.fr/mentions-legales,,Local,,15/02/2026,"46 068,00",,,
https://www.apollon-et-venus-club.fr/mentions-legales,,Local,,15/02/2026,"46 068,00",,,
https://www.bien-dans-tes-pattes.fr/mentions-legales,,Local,,15/02/2026,"46 068,00",,,
https://www.odelicesduparadis.fr/mentions-legales,,Local,,15/02/2026,"46 068,00",,,
https://www.aucocagne.fr/mentions-legales,,Local,,15/02/2026,"46 068,00",,,
https://www.boulangerie-gendre.fr/mentions-legales,,Local,,15/02/2026,"46 068,00",,,
https://www.boulangerie-desmarieux.fr/mentions-legales,,Local,,15/02/2026,"46 068,00",,,
https://www.cabinet-icf.fr/mentions-legales,,Local,,15/02/2026,"46 068,00",,,
https://www.oxvins.fr/mentions-legales,,Local,,15/02/2026,"46 068,00",,,
https://www.atelier-transition-numerique.fr/mentions-legales,,Local,,15/02/2026,"46 068,00",,,
https://www.aufouretaumoulin-perigord.fr/mentions-legales,,Local,,15/02/2026,"46 068,00",,,
https://www.planete-plako.fr/mentions-legales,,Local,,15/02/2026,"46 068,00",,,
https://www.nikelservices.com/mentions-legales,,Local,,15/02/2026,"46 068,00",,,
https://www.cheval-nature-gite.fr/mentions-legales,,Local,,15/02/2026,"46 068,00",,,
https://www.shaped.fr/mentions-legales,,Local,,15/02/2026,"46 068,00",,,
http://robots.http-header.com/txt/www.referencement-local.fr.html,,Local,,15/02/2026,"46 068,00",,,
https://www.bulle-de-bien-etre-alesienne.fr/mentions-legales,,Local,,15/02/2026,"46 068,00",,,
https://www.restaurant-lounge-la-scene.fr/mentions-legales,,Local,,15/02/2026,"46 068,00",,,
https://www.taxi-boris-hanvec.fr/mentions-legales,,Local,,15/02/2026,"46 068,00",,,
https://www.mpotier-peinture.fr/mentions-legales,,Local,,15/02/2026,"46 068,00",,,
https://www.carrosserie-roux13.fr/mentions-legales,,Local,,15/02/2026,"46 068,00",,,
https://www.fpalabost.fr/mentions-legales,,Local,,15/02/2026,"46 068,00",,,
https://www.lescale-dompierroise.fr/mentions-legales,,Local,,15/02/2026,"46 068,00",,,
https://www.earl-favreau-julien.fr/mentions-legales,,Local,,15/02/2026,"46 068,00",,,
https://www.rebounddouze.fr/mentions-legales,,Local,,15/02/2026,"46 068,00",,,
https://www.ysloungebar.com/mentions-legales,,Local,,15/02/2026,"46 068,00",,,
https://www.campingdusablon.com/mentions-legales,,Local,,15/02/2026,"46 068,00",,,
https://www.alves-georges.fr/mentions-legales,,Local,,15/02/2026,"46 068,00",,,
https://www.morefix.fr/mentions-legales,,Local,,15/02/2026,"46 068,00",,,
https://www.restaurant-lestacade.fr/mentions-legales,,Local,,15/02/2026,"46 068,00",,,
https://www.waffletruck.fr/mentions-legales,,Local,,15/02/2026,"46 068,00",,,
https://www.aurora-borealis.fr/mentions-legales,,Local,,15/02/2026,"46 068,00",,,
https://www.les-bouchers-de-la-gare.fr/mentions-legales,,Local,,15/02/2026,"46 068,00",,,
https://www.bastide-tourmaline-provence.com/mentions-legales,,Local,,15/02/2026,"46 068,00",,,
https://www.les-fins-gourmets-rheusois.fr/mentions-legales,,Local,,15/02/2026,"46 068,00",,,
https://www.boucherie-stella-di-mare.fr/mentions-legales,,Local,,15/02/2026,"46 068,00",,,
https://www.extenrenobatiment.fr/mentions-legales,,Local,,15/02/2026,"46 068,00",,,
https://www.boucherie-brunet-et-fils-04.fr/mentions-legales,,Local,,15/02/2026,"46 068,00",,,
https://www.lavandin-du-serre-de-valeze.fr/mentions-legales,,Local,,15/02/2026,"46 068,00",,,
https://www.les-platanes.fr/mentions-legales,,Local,,15/02/2026,"46 068,00",,,
https://www.refuge-delacayolle.fr/mentions-legales,,Local,,15/02/2026,"46 068,00",,,
https://www.epione-leslibaux.fr/mentions-legales,,Local,,15/02/2026,"46 068,00",,,
https://www.flap-store.fr/mentions-legales/,,Local,,15/02/2026,"46 068,00",,,
https://www.lepetitbois46.fr/mentions-legales,,Local,,15/02/2026,"46 068,00",,,
https://www.mika-electricite.fr/mentions-legales,,Local,,15/02/2026,"46 068,00",,,
https://www.boucherie-patrick-frangy.fr/mentions-legales,,Local,,15/02/2026,"46 068,00",,,
https://www.expertise-comptable-julien-sicre.fr/mentions-legales,,Local,,15/02/2026,"46 068,00",,,
https://www.la-tour-de-pizze.fr/mentions-legales,,Local,,15/02/2026,"46 068,00",,,
https://www.lafermedelalevee.fr/mentions-legales,,Local,,15/02/2026,"46 068,00",,,
https://www.pizzeria-valentina.fr/mentions-legales,,Local,,15/02/2026,"46 068,00",,,
https://www.pipapizza.fr/mentions-legales,,Local,,15/02/2026,"46 068,00",,,
https://www.cozynails-47.fr/mentions-legales,,Local,,15/02/2026,"46 068,00",,,
https://www.la-petite-grenobloise.fr/mentions-legales,,Local,,15/02/2026,"46 068,00",,,
https://www.richardduteletfils.fr/mentions-legales,,Local,,15/02/2026,"46 068,00",,,
https://www.mamainoo.com/mentions-legales,,Local,,15/02/2026,"46 068,00",,,
https://www.lepetitpeche.fr/mentions-legales,,Local,,15/02/2026,"46 068,00",,,
https://www.printocom.fr/mentions-legales,,Local,,15/02/2026,"46 068,00",,,
https://www.metallerie-bas-25.fr/mentions-legales,,Local,,15/02/2026,"46 068,00",,,
https://www.cliniqueveterinaire-saintjean.fr/mentions-legales,,Local,,15/02/2026,"46 068,00",,,
https://www.cleaner-home-16.fr/mentions-legales,,Local,,15/02/2026,"46 068,00",,,
https://www.maisoncalambo.fr/mentions-legales,,Local,,15/02/2026,"46 068,00",,,
https://www.auxgourmandisesdelaurette.fr/mentions-legales,,Local,,15/02/2026,"46 068,00",,,
https://www.lagourmanderiedelaulau.fr/mentions-legales,,Local,,15/02/2026,"46 068,00",,,
https://www.hena-echo.fr/mentions-legales,,Local,,15/02/2026,"46 068,00",,,
https://www.annelisa-chevillon.fr/mentions-legales,,Local,,15/02/2026,"46 068,00",,,
https://www.lacomtesse-agri.fr/mentions-legales,,Local,,15/02/2026,"46 068,00",,,
https://www.lessaveursadelices.fr/mentions-legales,,Local,,15/02/2026,"46 068,00",,,
https://www.ferme-du-chenet.fr/mentions-legales,,Local,,15/02/2026,"46 068,00",,,
https://www.agnes-g.fr/mentions-legales,,Local,,15/02/2026,"46 068,00",,,
https://www.boucheriedegiat.fr/mentions-legales,,Local,,15/02/2026,"46 068,00",,,
https://www.ferme-equestre-90.fr/mentions-legales,,Local,,15/02/2026,"46 068,00",,,
https://www.la-fee-des-poux.fr/mentions-legales,,Local,,15/02/2026,"46 068,00",,,
https://www.cestpasmesoignons-primeur-epicerie-bio.fr/mentions-legales,,Local,,15/02/2026,"46 068,00",,,
https://www.elagconseil33.fr/mentions-legales,,Local,,15/02/2026,"46 068,00",,,
https://www.kb-elec-65.com/mentions-legales,,Local,,15/02/2026,"46 068,00",,,
https://www.embrace-the-moon.eu/mentions-legales,,Local,,15/02/2026,"46 068,00",,,
https://www.mg-construction-hautes-alpes.fr/mentions-legales,,Local,,15/02/2026,"46 068,00",,,
https://www.beaudhuin-elec.fr/mentions-legales,,Local,,15/02/2026,"46 068,00",,,
https://www.scierie-leichtnam.fr/mentions-legales,,Local,,15/02/2026,"46 068,00",,,
https://www.lescalepln-restaurant-11.fr/mentions-legales,,Local,,15/02/2026,"46 068,00",,,
https://www.dmc-maintenance.fr/mentions-legales,,Local,,15/02/2026,"46 068,00",,,
https://www.hpimprimerie.fr/mentions-legales,,Local,,15/02/2026,"46 068,00",,,
https://www.maison-dauve.fr/mentions-legales,,Local,,15/02/2026,"46 068,00",,,
https://www.byprettycake.fr/mentions-legales,,Local,,15/02/2026,"46 068,00",,,
https://www.bl-clim.com/mentions-legales,,Local,,15/02/2026,"46 068,00",,,
https://www.baradiy-ales.fr/mentions-legales,,Local,,15/02/2026,"46 068,00",,,
https://www.le-ptit-plaisir.fr/mentions-legales,,Local,,15/02/2026,"46 068,00",,,
https://www.lac-aep.fr/mentions-legales,,Local,,15/02/2026,"46 068,00",,,
https://www.boutargue-paracchini.com/mentions-legales,,Local,,15/02/2026,"46 068,00",,,
https://www.boucherieboumediene.com/mentions-legales,,Local,,15/02/2026,"46 068,00",,,
https://www.bahyanspa.com/mentions-legales,,Local,,15/02/2026,"46 068,00",,,
https://www.boulangerie-enneartz.fr/mentions-legales,,Local,,15/02/2026,"46 068,00",,,
https://www.traiteur-cuisinedumonde.fr/mentions-legales,,Local,,15/02/2026,"46 068,00",,,
https://www.auboncoindevenesmes.fr/mentions-legales,,Local,,15/02/2026,"46 068,00",,,
https://www.manuelec-17.fr/mentions-legales,,Local,,15/02/2026,"46 068,00",,,
https://www.clean-clim-paca.fr/mentions-legales,,Local,,15/02/2026,"46 068,00",,,
https://www.boutargue-paracchini.fr/mentions-legales,,Local,,15/02/2026,"46 068,00",,,
https://www.avicenne-materiel-medical.fr/mentions-legales,,Local,,15/02/2026,"46 068,00",,,
https://www.la-bonne-franquette-traiteur.fr/mentions-legales,,Local,,15/02/2026,"46 068,00",,,
https://www.apmdeveloppement.fr/mentions-legales,,Local,,15/02/2026,"46 068,00",,,
https://www.librairie-lecoindelapage.fr/mentions-legales,,Local,,15/02/2026,"46 068,00",,,
https://www.fabelec-renovation.fr/mentions-legales,,Local,,15/02/2026,"46 068,00",,,
https://www.myfitnessteam.fr/mentions-legales,,Local,,15/02/2026,"46 068,00",,,
https://www.carrosserie-yonne.fr/mentions-legales,,Local,,15/02/2026,"46 068,00",,,
https://www.climenergieservice.fr/mentions-legales,,Local,,15/02/2026,"46 068,00",,,
https://www.cma-expert-habitat.fr/mentions-legales,,Local,,15/02/2026,"46 068,00",,,
https://www.aura-esthetique.fr/mentions-legales,,Local,,15/02/2026,"46 068,00",,,
https://www.hb-maintenance-67.fr/mentions-legales,,Local,,15/02/2026,"46 068,00",,,
https://www.dalnonno.fr/mentions-legales,,Local,,15/02/2026,"46 068,00",,,
https://www.gravlaz3d.fr/mentions-legales,,Local,,15/02/2026,"46 068,00",,,
https://www.cyrilfarina-traiteur.fr/mentions-legales,,Local,,15/02/2026,"46 068,00",,,
https://www.au-mobilier-creatif.fr/mentions-legales,,Local,,15/02/2026,"46 068,00",,,
https://www.la-boulangerie-de-la-gare.fr/mentions-legales,,Local,,15/02/2026,"46 068,00",,,
https://www.carrosserielittoral.com/mentions-legales,,Local,,15/02/2026,"46 068,00",,,
https://www.arsonic-engine.fr/mentions-legales,,Local,,15/02/2026,"46 068,00",,,
https://www.abisalpeschauffeur.com/mentions-legales,,Local,,15/02/2026,"46 068,00",,,
https://www.lap-info.fr/mentions-legales,,Local,,15/02/2026,"46 068,00",,,
https://www.sistemm.fr/mentions-legales,,Local,,15/02/2026,"46 068,00",,,
https://www.atelierdesgrands-meres.fr/mentions-legales,,Local,,15/02/2026,"46 068,00",,,
https://www.lacourdesfees.fr/mentions-legales,,Local,,15/02/2026,"46 068,00",,,
https://www.atelier-84-mobylette-solex.fr/mentions-legales,,Local,,15/02/2026,"46 068,00",,,
https://www.garage-parc.fr/mentions-legales,,Local,,15/02/2026,"46 068,00",,,
https://www.aupetitvracdukochersberg.fr/mentions-legales,,Local,,15/02/2026,"46 068,00",,,
https://www.hotel-restaurant-auwingenerhof.de/mentions-legales,,Local,,15/02/2026,"46 068,00",,,
https://www.lescalegourmande-traiteur.fr/mentions-legales,,Local,,15/02/2026,"46 068,00",,,
https://www.fandegestion.fr/mentions-legales,,Local,,15/02/2026,"46 068,00",,,
https://www.cocophone-01.fr/mentions-legales,,Local,,15/02/2026,"46 068,00",,,
https://www.restaurant-de-la-tour-12.fr/mentions-legales,,Local,,15/02/2026,"46 068,00",,,
https://www.patisserie-tallard.fr/mentions-legales,,Local,,15/02/2026,"46 068,00",,,
https://www.atelier1812-64.com/mentions-legales,,Local,,15/02/2026,"46 068,00",,,
https://www.lateliercouturefleurslumiere.fr/mentions-legales,,Local,,15/02/2026,"46 068,00",,,
https://www.laurie-g-photographie.fr/mentions-legales,,Local,,15/02/2026,"46 068,00",,,
https://www.fermedelapoulenoire.fr/mentions-legales,,Local,,15/02/2026,"46 068,00",,,
https://www.cbd-orb-herault.fr/mentions-legales,,Local,,15/02/2026,"46 068,00",,,
https://www.le-txirimiri.fr/mentions-legales,,Local,,15/02/2026,"46 068,00",,,
https://www.restaurant-vieuxport.fr/mentions-legales,,Local,,15/02/2026,"46 068,00",,,
https://magasin.tel/01-ain/crozet/magasin-de-bois-de-chauffage/884-lantenois-thomas.html,,Local,,15/02/2026,"46 068,00",,,
https://www.laboratoire-dentaire-sbs.fr/mentions-legales,,Local,,15/02/2026,"46 068,00",,,
https://www.restaurant-tinto.fr/mentions-legales,,Local,,15/02/2026,"46 068,00",,,
https://www.bellum-bestia.fr/mentions-legales,,Local,,15/02/2026,"46 068,00",,,
https://www.lemodernenay.fr/mentions-legales,,Local,,15/02/2026,"46 068,00",,,
https://www.lgbat-menuiserie.fr/mentions-legales,,Local,,15/02/2026,"46 068,00",,,
https://www.gliss1flo.com/mentions-legales,,Local,,15/02/2026,"46 068,00",,,
https://www.patesetraviolis.com/mentions-legales,,Local,,15/02/2026,"46 068,00",,,
https://www.domaineboigey.fr/mentions-legales,,Local,,15/02/2026,"46 068,00",,,
https://www.chauffagiste-70-25.fr/mentions-legales,,Local,,15/02/2026,"46 068,00",,,
https://www.schneiter-agencement.fr/mentions-legales,,Local,,15/02/2026,"46 068,00",,,
https://www.komafuste.fr/mentions-legales,,Local,,15/02/2026,"46 068,00",,,
https://www.calicuir.fr/mentions-legales,,Local,,15/02/2026,"46 068,00",,,
https://www.irinacreation.com/mentions-legales,,Local,,15/02/2026,"46 068,00",,,
https://www.vtc-alpes-leman.com/mentions-legales,,Local,,15/02/2026,"46 068,00",,,
https://www.cbd-saoneetloire.fr/mentions-legales,,Local,,15/02/2026,"46 068,00",,,
https://www.les-promenades-dalex.fr/mentions-legales,,Local,,15/02/2026,"46 068,00",,,
https://www.les-essenciels-d-aurelia.com/mentions-legales,,Local,,15/02/2026,"46 068,00",,,
https://www.actionelec.fr/mentions-legales,,Local,,15/02/2026,"46 068,00",,,
https://www.alpdomotec.fr/mentions-legales,,Local,,15/02/2026,"46 068,00",,,
https://www.sebastien-clim-elec04.fr/mentions-legales,,Local,,15/02/2026,"46 068,00",,,
https://www.aimepanadas.fr/mentions-legales,,Local,,15/02/2026,"46 068,00",,,
https://www.salon-coiffure-saugeais.fr/mentions-legales,,Local,,15/02/2026,"46 068,00",,,
https://www.coachsportif37.fr/mentions-legales,,Local,,15/02/2026,"46 068,00",,,
https://www.foodtruck-go-for-eat.fr/mentions-legales,,Local,,15/02/2026,"46 068,00",,,
https://www.maisondebeaumont-83.fr/mentions-legales,,Local,,15/02/2026,"46 068,00",,,
https://www.restaurant-menna.fr/mentions-legales,,Local,,15/02/2026,"46 068,00",,,
https://www.elchupito-restaurant.fr/mentions-legales,,Local,,15/02/2026,"46 068,00",,,
https://www.personnalisez-moi.com/mentions-legales,,Local,,15/02/2026,"46 068,00",,,
https://www.lateliervelo-bourganeuf.fr/mentions-legales,,Local,,15/02/2026,"46 068,00",,,
https://www.lasdemeraude.fr/mentions-legales,,Local,,15/02/2026,"46 068,00",,,
https://www.avenirboisconstructions.fr/mentions-legales,,Local,,15/02/2026,"46 068,00",,,
https://www.mazar-restaurant-afghan.fr/mentions-legales,,Local,,15/02/2026,"46 068,00",,,
https://www.alpeschauffagesanitaire.fr/mentions-legales,,Local,,15/02/2026,"46 068,00",,,
https://www.laclimatisationvaroise.fr/mentions-legales,,Local,,15/02/2026,"46 068,00",,,
https://www.chauffagiste-70.fr/mentions-legales,,Local,,15/02/2026,"46 068,00",,,
https://www.lebistrotdulac.fr/mentions-legales,,Local,,15/02/2026,"46 068,00",,,
https://www.cornercraftbeer.fr/mentions-legales,,Local,,15/02/2026,"46 068,00",,,
https://www.6adrepair.fr/mentions-legales,,Local,,15/02/2026,"46 068,00",,,
https://www.lescoteauxdeboutau.fr/mentions-legales,,Local,,15/02/2026,"46 068,00",,,
https://www.usinage-labbe.fr/mentions-legales,,Local,,15/02/2026,"46 068,00",,,
https://www.sas-spinozzi.fr/mentions-legales,,Local,,15/02/2026,"46 068,00",,,
https://www.la-symphonie-des-bles.fr/mentions-legales,,Local,,15/02/2026,"46 068,00",,,
https://www.poissonnerie-lachenal.fr/mentions-legales,,Local,,15/02/2026,"46 068,00",,,
https://www.mkespace.fr/mentions-legales,,Local,,15/02/2026,"46 068,00",,,
https://www.etiam-conseil.com/mentions-legales,,Local,,15/02/2026,"46 068,00",,,
https://www.assurlab.com/mentions-legales,,Local,,15/02/2026,"46 068,00",,,
https://www.orange-chopper.fr/mentions-legales,,Local,,15/02/2026,"46 068,00",,,
https://www.slimfitmc.com/mentions-legales,,Local,,15/02/2026,"46 068,00",,,
https://www.ecuries-du-mont.fr/mentions-legales,,Local,,15/02/2026,"46 068,00",,,
https://www.studio224.fr/mentions-legales,,Local,,15/02/2026,"46 068,00",,,
https://www.prest-immo.fr/mentions-legales,,Local,,15/02/2026,"46 068,00",,,
https://www.boulangeriebenjamin.fr/mentions-legales,,Local,,15/02/2026,"46 068,00",,,
https://www.alupergola.fr/mentions-legales,,Local,,15/02/2026,"46 068,00",,,
https://www.centre-equestre-70.fr/mentions-legales,,Local,,15/02/2026,"46 068,00",,,
https://www.yancadi-epicerie-exotique.fr/mentions-legales,,Local,,15/02/2026,"46 068,00",,,
https://www.leaurelie.fr/mentions-legales,,Local,,15/02/2026,"46 068,00",,,
https://www.reperegourmand.fr/mentions-legales,,Local,,15/02/2026,"46 068,00",,,
https://www.sitetr.net/traffic/118218.fr,,Local,,15/02/2026,"46 068,00",,,
https://www.fournier-maconnerie-17.fr/mentions-legales,,Local,,15/02/2026,"46 068,00",,,
https://www.marioricaine.fr/mentions-legales,,Local,,15/02/2026,"46 068,00",,,
https://www.activproclim.fr/mentions-legales,,Local,,15/02/2026,"46 068,00",,,
https://www.charcuteriecorsedusud.fr/mentions-legales,,Local,,15/02/2026,"46 068,00",,,
https://www.magentaexpertises.fr/mentions-legales,,Local,,15/02/2026,"46 068,00",,,
https://www.legrenier-dautrefois.fr/mentions-legales,,Local,,15/02/2026,"46 068,00",,,
https://www.oceane-coiffure.fr/mentions-legales,,Local,,15/02/2026,"46 068,00",,,
https://www.csembtp.com/mentions-legales,,Local,,15/02/2026,"46 068,00",,,
https://www.lindenhof.fr/mentions-legales,,Local,,15/02/2026,"46 068,00",,,
https://www.domainedemerlet.fr/mentions-legales,,Local,,15/02/2026,"46 068,00",,,
https://www.vlautos.fr/mentions-legales,,Local,,15/02/2026,"46 068,00",,,
https://www.latorref.fr/mentions-legales,,Local,,15/02/2026,"46 068,00",,,
https://www.lemoulindessaveurs.com/mentions-legales,,Local,,15/02/2026,"46 068,00",,,
https://www.rive-droite-apt.fr/mentions-legales,,Local,,15/02/2026,"46 068,00",,,
https://www.jumendelice.fr/mentions-legales,,Local,,15/02/2026,"46 068,00",,,
https://www.edfermetures.fr/mentions-legales,,Local,,15/02/2026,"46 068,00",,,
https://www.colosandre.fr/mentions-legales,,Local,,15/02/2026,"46 068,00",,,
https://www.acse-etudes.fr/mentions-legales,,Local,,15/02/2026,"46 068,00",,,
https://www.levelorougeatelier.fr/mentions-legales,,Local,,15/02/2026,"46 068,00",,,
https://www.restaurantcalvi.fr/mentions-legales,,Local,,15/02/2026,"46 068,00",,,
https://www.lapetiteepicerieetsatable.fr/mentions-legales,,Local,,15/02/2026,"46 068,00",,,
https://www.savoie-actes-genealogie.com/mentions-legales,,Local,,15/02/2026,"46 068,00",,,
https://www.gite-yonne.fr/mentions-legales,,Local,,15/02/2026,"46 068,00",,,
https://www.centerfete.com/mentions-legales,,Local,,15/02/2026,"46 068,00",,,
https://www.loree-du-spa.fr/mentions-legales,,Local,,15/02/2026,"46 068,00",,,
https://www.lesvinsdebastien.fr/mentions-legales,,Local,,15/02/2026,"46 068,00",,,
https://www.phone-relax.fr/mentions-legales,,Local,,15/02/2026,"46 068,00",,,
https://www.buggy-bateau.fr/mentions-legales,,Local,,15/02/2026,"46 068,00",,,
https://www.boucherie-picut.fr/mentions-legales,,Local,,15/02/2026,"46 068,00",,,
https://www.lacorbeilleberrichonne.com/mentions-legales,,Local,,15/02/2026,"46 068,00",,,
https://www.ga-construction.fr/mentions-legales,,Local,,15/02/2026,"46 068,00",,,
https://www.le-cbdologue.fr/mentions-legales,,Local,,15/02/2026,"46 068,00",,,
https://www.lamaisontechnique.fr/mentions-legales,,Local,,15/02/2026,"46 068,00",,,
https://www.pharmatechwords.com/mentions-legales,,Local,,15/02/2026,"46 068,00",,,
https://www.menuiserie-mbh.fr/mentions-legales,,Local,,15/02/2026,"46 068,00",,,
https://www.goodburger.fr/mentions-legales,,Local,,15/02/2026,"46 068,00",,,
https://www.jc13auto.fr/mentions-legales,,Local,,15/02/2026,"46 068,00",,,
https://www.piscinecomposite.fr/mentions-legales,,Local,,15/02/2026,"46 068,00",,,
https://www.oustal-laguepie.fr/mentions-legales,,Local,,15/02/2026,"46 068,00",,,
https://www.lacuisinedalex-69.com/mentions-legales,,Local,,15/02/2026,"46 068,00",,,
https://www.aidemonchien.fr/mentions-legales,,Local,,15/02/2026,"46 068,00",,,
https://www.electricien-70.fr/mentions-legales,,Local,,15/02/2026,"46 068,00",,,
https://www.djloudrix.fr/mentions-legales,,Local,,15/02/2026,"46 068,00",,,
https://www.electricite-marie.fr/mentions-legales,,Local,,15/02/2026,"46 068,00",,,
https://www.restaurationautomobilemga.fr/mentions-legales,,Local,,15/02/2026,"46 068,00",,,
https://kidsongmusicals.com/article/mentions-legales-clima-chauff,,Local,,15/02/2026,"46 068,00",,,
https://www.embrace-the-moon.com/mentions-legales,,Local,,15/02/2026,"46 068,00",,,
https://www.le-plombier.com/mentions-legales,,Local,,15/02/2026,"46 068,00",,,
https://www.quali-chauffe-services44.fr/mentions-legales,,Local,,15/02/2026,"46 068,00",,,
https://www.nijelec.fr/mentions-legales,,Local,,15/02/2026,"46 068,00",,,
https://www.oh-my-dance.fr/mentions-legales,,Local,,15/02/2026,"46 068,00",,,
https://www.corpometal.fr/mentions-legales,,Local,,15/02/2026,"46 068,00",,,
https://www.yogacontakids-83.com/mentions-legales,,Local,,15/02/2026,"46 068,00",,,
https://www.pizzeria-azzurro.fr/mentions-legales,,Local,,15/02/2026,"46 068,00",,,
https://www.aubistrotdautrefois.fr/mentions-legales,,Local,,15/02/2026,"46 068,00",,,
https://www.lachtiteelec85.fr/mentions-legales,,Local,,15/02/2026,"46 068,00",,,
https://www.bois2h.fr/mentions-legales,,Local,,15/02/2026,"46 068,00",,,
https://www.calaak-pool.fr/mentions-legales,,Local,,15/02/2026,"46 068,00",,,
https://www.atelierdujus-romans.fr/mentions-legales,,Local,,15/02/2026,"46 068,00",,,
https://www.ken-elect-electricite16.fr/mentions-legales,,Local,,15/02/2026,"46 068,00",,,
https://www.bastide-tourmaline-provence.fr/mentions-legales,,Local,,15/02/2026,"46 068,00",,,
http://advertisegold.net/the_worlds_most_visited_web_pages_67/,,Local,,15/02/2026,"46 068,00",,,
https://www.veroniquebrard.fr/mentions-legales,,Local,,15/02/2026,"46 068,00",,,
http://internet.industries/the_worlds_most_visited_web_pages_67/,,Local,,15/02/2026,"46 068,00",,,
https://www.jr-couverture.fr/mentions-legales,,Local,,15/02/2026,"46 068,00",,,
https://www.mika-traiteur.fr/mentions-legales,,Local,,15/02/2026,"46 068,00",,,
https://www.maisondulacdecastet.fr/mentions-legales,,Local,,15/02/2026,"46 068,00",,,
https://www.gha-iso.fr/mentions-legales,,Local,,15/02/2026,"46 068,00",,,
https://www.lngfelicita.com/mentions-legales,,Local,,15/02/2026,"46 068,00",,,
https://www.moulinduchamp.fr/mentions-legales,,Local,,15/02/2026,"46 068,00",,,
https://www.cafishop.fr/mentions-legales,,Local,,15/02/2026,"46 068,00",,,
https://www.conciergerie-charente-maritime.fr/mentions-legales,,Local,,15/02/2026,"46 068,00",,,
https://www.lepaintoulousain.fr/mentions-legales,,Local,,15/02/2026,"46 068,00",,,
https://www.inairtie.fr/mentions-legales,,Local,,15/02/2026,"46 068,00",,,
https://www.lesjardinsdetalefre.com/mentions-legales,,Local,,15/02/2026,"46 068,00",,,
https://www.libraire-mdlp-ezy.fr/mentions-legales,,Local,,15/02/2026,"46 068,00",,,
https://www.mezclaloca.fr/mentions-legales,,Local,,15/02/2026,"46 068,00",,,
https://www.bacchus-caviste.fr/mentions-legales,,Local,,15/02/2026,"46 068,00",,,
https://www.dimierelectricite.fr/mentions-legales,,Local,,15/02/2026,"46 068,00",,,
https://www.label-des-champs.fr/mentions-legales,,Local,,15/02/2026,"46 068,00",,,
https://www.nem-bar.com/mentions-legales,,Local,,15/02/2026,"46 068,00",,,
https://www.jh2o.fr/mentions-legales,,Local,,15/02/2026,"46 068,00",,,
https://www.actuellemaconnerie.fr/mentions-legales,,Local,,15/02/2026,"46 068,00",,,
https://www.menuiseriehautanjou.com/mentions-legales,,Local,,15/02/2026,"46 068,00",,,
https://www.lessolsrochelais-17.fr/mentions-legales,,Local,,15/02/2026,"46 068,00",,,
https://www.la-musiquerie.fr/mentions-legales,,Local,,15/02/2026,"46 068,00",,,
https://www.sarahgimel-coutureetcreations.fr/mentions-legales,,Local,,15/02/2026,"46 068,00",,,
https://www.gaeclaviebio-81.fr/mentions-legales,,Local,,15/02/2026,"46 068,00",,,
https://www.vachonjeanloup-art-therapeute.fr/mentions-legales,,Local,,15/02/2026,"46 068,00",,,
https://www.devenir-soi-sophrologue.fr/mentions-legales,,Local,,15/02/2026,"46 068,00",,,
https://www.inkmetattoostudio.fr/mentions-legales,,Local,,15/02/2026,"46 068,00",,,
https://www.auberge-felletinoise.fr/mentions-legales,,Local,,15/02/2026,"46 068,00",,,
https://www.saveurlubia.fr/mentions-legales,,Local,,15/02/2026,"46 068,00",,,
https://www.bell-arbres.com/mentions-legales,,Local,,15/02/2026,"46 068,00",,,
https://www.pateatartiner-micki.fr/mentions-legales,,Local,,15/02/2026,"46 068,00",,,
https://www.ms-gourmet.fr/mentions-legales,,Local,,15/02/2026,"46 068,00",,,
https://www.thaizaab.fr/mentions-legales,,Local,,15/02/2026,"46 068,00",,,
https://www.aureliencortes-sarl.fr/mentions-legales,,Local,,15/02/2026,"46 068,00",,,
https://www.luckyloc2a.fr/mentions-legales,,Local,,15/02/2026,"46 068,00",,,
https://www.florestoevent.fr/mentions-legales,,Local,,15/02/2026,"46 068,00",,,
https://www.mhuarte-preparationmentale.com/mentions-legales,,Local,,15/02/2026,"46 068,00",,,
https://www.vitrea.fr/mentions-legales,,Local,,15/02/2026,"46 068,00",,,
https://www.houseofkebab.fr/mentions-legales,,Local,,15/02/2026,"46 068,00",,,
https://coiffure-beaute-manucure.com/avis/salon-de-coiffure/look-s-2000-coiffeur-peron-21100.html,,Local,,15/02/2026,"46 068,00",,,
https://www.veterinaire-grandchamp.fr/mentions-legales,,Local,,15/02/2026,"46 068,00",,,
https://www.brasserie-loctroi.fr/mentions-legales,,Local,,15/02/2026,"46 068,00",,,
https://www.metallerie-fize.fr/mentions-legales,,Local,,15/02/2026,"46 068,00",,,
https://www.ecoplomberiechauffage.fr/mentions-legales,,Local,,15/02/2026,"46 068,00",,,
https://www.ventouxprestige-vtc.com/mentions-legales,,Local,,15/02/2026,"46 068,00",,,
https://www.somateco.com/mentions-legales,,Local,,15/02/2026,"46 068,00",,,
https://www.hotel-le-clementv.com/mentions-legales,,Local,,15/02/2026,"46 068,00",,,
https://www.larriautphotos.fr/mentions-legales,,Local,,15/02/2026,"46 068,00",,,
https://www.wheelnwood.com/mentions-legales,,Local,,15/02/2026,"46 068,00",,,
https://www.sarl-oliviersalles.fr/mentions-legales,,Local,,15/02/2026,"46 068,00",,,
https://www.justliveevent.com/mentions-legales,,Local,,15/02/2026,"46 068,00",,,
https://www.maisondemina.fr/mentions-legales,,Local,,15/02/2026,"46 068,00",,,
https://www.lespaniersgaronnais.com/mentions-legales/,,Local,,15/02/2026,"46 068,00",,,
https://www.restaurant-la-tannerie.fr/mentions-legales,,Local,,15/02/2026,"46 068,00",,,
https://www.enecopro-energies.fr/mentions-legales,,Local,,15/02/2026,"46 068,00",,,
https://www.auvergnetravaux.fr/mentions-legales,,Local,,15/02/2026,"46 068,00",,,
https://www.amerendella-portovecchio.com/mentions-legales,,Local,,15/02/2026,"46 068,00",,,
https://www.restaurantdelagare73.fr/mentions-legales,,Local,,15/02/2026,"46 068,00",,,
https://www.casa-san-salvadore.fr/mentions-legales,,Local,,15/02/2026,"46 068,00",,,
https://www.ifuletti.fr/mentions-legales,,Local,,15/02/2026,"46 068,00",,,
https://www.le-co-z.fr/mentions-legales,,Local,,15/02/2026,"46 068,00",,,
https://www.brasserie-chez-fred.fr/mentions-legales,,Local,,15/02/2026,"46 068,00",,,
https://www.yokirestaurant-pessac.fr/mentions-legales,,Local,,15/02/2026,"46 068,00",,,
https://www.ethprocorse.fr/mentions-legales,,Local,,15/02/2026,"46 068,00",,,
https://www.jerecycleparc.com/mentions-legales,,Local,,15/02/2026,"46 068,00",,,
https://www.coquillat-borne-electricite.fr/mentions-legales,,Local,,15/02/2026,"46 068,00",,,
https://www.csmusique.com/mentions-legales,,Local,,15/02/2026,"46 068,00",,,
https://www.restaurantpoissonsbonifacio.fr/mentions-legales,,Local,,15/02/2026,"46 068,00",,,
https://www.emb-electricite-domotique.fr/mentions-legales,,Local,,15/02/2026,"46 068,00",,,
https://www.rabiller-electricite.fr/mentions-legales,,Local,,15/02/2026,"46 068,00",,,
https://www.residencesaintpierre.fr/mentions-legales,,Local,,15/02/2026,"46 068,00",,,
https://www.royal-massage.fr/mentions-legales,,Local,,15/02/2026,"46 068,00",,,
https://www.la-pensee-fleurie.fr/mentions-legales,,Local,,15/02/2026,"46 068,00",,,
https://www.pharmaciedubourg-tassin.fr/mentions-legales,,Local,,15/02/2026,"46 068,00",,,
https://www.valerieandrieux-87.fr/mentions-legales,,Local,,15/02/2026,"46 068,00",,,
https://www.restaurant-les-heures-claires.fr/mentions-legales,,Local,,15/02/2026,"46 068,00",,,
https://www.olibike2a.fr/mentions-legales,,Local,,15/02/2026,"46 068,00",,,
https://www.restaurant-kokoriko.fr/mentions-legales,,Local,,15/02/2026,"46 068,00",,,
https://www.johnscoiffure.fr/mentions-legales,,Local,,15/02/2026,"46 068,00",,,
https://www.reiki-harmonie.fr/mentions-legales,,Local,,15/02/2026,"46 068,00",,,
https://www.restaurant-legolfe.fr/mentions-legales,,Local,,15/02/2026,"46 068,00",,,
https://www.porcdebayeux-dupommiersur.fr/mentions-legales,,Local,,15/02/2026,"46 068,00",,,
https://www.omysushi-restaurant.fr/mentions-legales,,Local,,15/02/2026,"46 068,00",,,
https://www.groupe-r.fr/mentions-legales,,Local,,15/02/2026,"46 068,00",,,
https://www.aujardin-fleuri.fr/mentions-legales,,Local,,15/02/2026,"46 068,00",,,
https://www.galeriedesducs.fr/mentions-legales,,Local,,15/02/2026,"46 068,00",,,
https://www.restaurant-le-lieu-dit-angouleme.fr/mentions-legales,,Local,,15/02/2026,"46 068,00",,,
https://www.camping-le-bourdieu.fr/mentions-legales,,Local,,15/02/2026,"46 068,00",,,
https://www.boucherie-des-montagnes.fr/mentions-legales,,Local,,15/02/2026,"46 068,00",,,
https://www.elevagedukiba.fr/mentions-legales,,Local,,15/02/2026,"46 068,00",,,
https://www.le-food-bus.fr/mentions-legales,,Local,,15/02/2026,"46 068,00",,,
https://www.securite7.fr/mentions-legales,,Local,,15/02/2026,"46 068,00",,,
https://www.anebbiulinca.fr/mentions-legales,,Local,,15/02/2026,"46 068,00",,,
https://www.lafermeduponant.fr/mentions-legales,,Local,,15/02/2026,"46 068,00",,,
https://www.la-parenthese-montignac.fr/mentions-legales,,Local,,15/02/2026,"46 068,00",,,
https://www.designerrenovation.fr/mentions-legales,,Local,,15/02/2026,"46 068,00",,,
https://www.brimsbatiment.fr/mentions-legales,,Local,,15/02/2026,"46 068,00",,,
https://www.pyrenees-expo.fr/mentions-legales,,Local,,15/02/2026,"46 068,00",,,
https://www.vincentbuhler.com/mentions-legales,,Local,,15/02/2026,"46 068,00",,,
https://www.voitheia.fr/mentions-legales,,Local,,15/02/2026,"46 068,00",,,
https://www.paysans-gourmands.fr/mentions-legales,,Local,,15/02/2026,"46 068,00",,,
https://www.dmbelectricite.fr/mentions-legales,,Local,,15/02/2026,"46 068,00",,,
https://www.negoprim-84.fr/mentions-legales,,Local,,15/02/2026,"46 068,00",,,
https://www.aquilair.com/mentions-legales,,Local,,15/02/2026,"46 068,00",,,
https://www.sced-france.com/mentions-legales,,Local,,15/02/2026,"46 068,00",,,
https://www.chambredhote-stiers-35.com/mentions-legales,,Local,,15/02/2026,"46 068,00",,,
https://new.client-webtool3.lelocal.fr/1672a21a-b385-4ffc-a582-b347531053f5/mentions-legales,,Local,,15/02/2026,"46 068,00",,,
https://www.nuisiblesservices4d.com/mentions-legales,,Local,,15/02/2026,"46 068,00",,,
https://www.renais-sens87.fr/mentions-legales,,Local,,15/02/2026,"46 068,00",,,
https://www.jeanpaulschmitt.com/mentions-legales,,Local,,15/02/2026,"46 068,00",,,
https://www.souslesgaletslavigne.fr/mentions-legales,,Local,,15/02/2026,"46 068,00",,,
https://www.delta-temp.fr/mentions-legales,,Local,,15/02/2026,"46 068,00",,,
https://www.numericoeur-photographie.com/mentions-legales,,Local,,15/02/2026,"46 068,00",,,
https://www.controledunord.com/mentions-legales,,Local,,15/02/2026,"46 068,00",,,
https://www.lafermedescharmilles.fr/mentions-legales,,Local,,15/02/2026,"46 068,00",,,
https://www.larimini.fr/mentions-legales,,Local,,15/02/2026,"46 068,00",,,
https://www.elagage-terrassement-26.fr/mentions-legales,,Local,,15/02/2026,"46 068,00",,,
https://www.lesroulottesdedilou-location17.fr/mentions-legales,,Local,,15/02/2026,"46 068,00",,,
https://www.toulousepeintre.fr/mentions-legales,,Local,,15/02/2026,"46 068,00",,,
https://www.acmotors-gard.fr/mentions-legales,,Local,,15/02/2026,"46 068,00",,,
https://www.nicos-peinture.fr/mentions-legales,,Local,,15/02/2026,"46 068,00",,,
https://www.mon-pc-bug-informatik.fr/mentions-legales,,Local,,15/02/2026,"46 068,00",,,
https://www.karine-desroches-energeticienne.fr/mentions-legales,,Local,,15/02/2026,"46 068,00",,,
https://www.delaterrealassiette-25.fr/mentions-legales,,Local,,15/02/2026,"46 068,00",,,
https://www.ganesh-nimes.fr/mentions-legales,,Local,,15/02/2026,"46 068,00",,,
https://www.district-archery.fr/mentions-legales,,Local,,15/02/2026,"46 068,00",,,
http://es.whocallsyou.de/num/556-379-2003,,Local,,15/02/2026,"46 068,00",,,
https://www.mag-traiteur.fr/mentions-legales,,Local,,15/02/2026,"46 068,00",,,
https://www.constat-huissier-boisseau.fr/mentions-legales,,Local,,15/02/2026,"46 068,00",,,
https://www.mnlcoach.com/mentions-legales,,Local,,15/02/2026,"46 068,00",,,
https://www.albassurances.fr/mentions-legales,,Local,,15/02/2026,"46 068,00",,,
https://www.c3ic-promotion.fr/mentions-legales/,,Local,,15/02/2026,"46 068,00",,,
https://www.grouptfe.eu/mentions-legales,,Local,,15/02/2026,"46 068,00",,,
https://www.laparenthesedulas.fr/mentions-legales,,Local,,15/02/2026,"46 068,00",,,
https://www.design-cuisine.fr/mentions-legales,,Local,,15/02/2026,"46 068,00",,,
https://www.crossfit-des-bucherons.fr/mentions-legales,,Local,,15/02/2026,"46 068,00",,,
https://www.insidearchitecture.fr/mentions-legales,,Local,,15/02/2026,"46 068,00",,,
https://www.deltana.fr/mentions-legales,,Local,,15/02/2026,"46 068,00",,,
https://www.restaurant-la-gourmandise.fr/mentions-legales,,Local,,15/02/2026,"46 068,00",,,
https://www.nekohi-barachat.fr/mentions-legales,,Local,,15/02/2026,"46 068,00",,,
https://www.cedelec31.fr/mentions-legales,,Local,,15/02/2026,"46 068,00",,,
http://www.visual-pagerank.eu/rapport-analyse-rss-d3d3LmxvY2FsLmZy-www.local.fr,,Local,,15/02/2026,"46 068,00",,,
https://www.domaine-petraghje.fr/mentions-legales,,Local,,15/02/2026,"46 068,00",,,
https://www.mvr-ebenisterie.fr/mentions-legales,,Local,,15/02/2026,"46 068,00",,,
https://www.coreane.fr/mentions-legales,,Local,,15/02/2026,"46 068,00",,,
https://www.autocars-iledebeaute-ajaccio-20.fr/mentions-legales,,Local,,15/02/2026,"46 068,00",,,
https://www.eco-electricien-clim.fr/mentions-legales,,Local,,15/02/2026,"46 068,00",,,
https://fr.kompass.com/v/bourg-en-bresse/fr_82_01_01053/page-2/,,Local,,15/02/2026,"46 068,00",,,
https://www.bubble-waffle-dracenoise.fr/mentions-legales,,Local,,15/02/2026,"46 068,00",,,
https://www.gitesdebeauregard.fr/mentions-legales,,Local,,15/02/2026,"46 068,00",,,
https://www.chateauhautbarrail.com/mentions-legales,,Local,,15/02/2026,"46 068,00",,,
https://www.claudine-massage-nutrition.com/mentions-legales,,Local,,15/02/2026,"46 068,00",,,
https://www.aromeetsens.fr/mentions-legales,,Local,,15/02/2026,"46 068,00",,,
https://www.chabli-vie.com/mentions-legales,,Local,,15/02/2026,"46 068,00",,,
https://www.eompaturage.com/mentions-legales,,Local,,15/02/2026,"46 068,00",,,
https://www.candy-ice.fr/mentions-legales,,Local,,15/02/2026,"46 068,00",,,
https://www.ecer-electricite.fr/mentions-legales,,Local,,15/02/2026,"46 068,00",,,
https://www.chevreriedeniderviller.fr/mentions-legales,,Local,,15/02/2026,"46 068,00",,,
https://www.ollivier-vincent-electricite.fr/mentions-legales,,Local,,15/02/2026,"46 068,00",,,
https://www.chapatiandtea.fr/mentions-legales,,Local,,15/02/2026,"46 068,00",,,
https://www.lafermeauberge.com/mentions-legales,,Local,,15/02/2026,"46 068,00",,,
https://www.artisanbrion.fr/mentions-legales,,Local,,15/02/2026,"46 068,00",,,
https://www.hotel-sete-balaruc.fr/mentions-legales,,Local,,15/02/2026,"46 068,00",,,
https://www.3f-etancheite.fr/mentions-legales,,Local,,15/02/2026,"46 068,00",,,
https://www.fcbalagne.fr/mentions-legales,,Local,,15/02/2026,"46 068,00",,,
https://www.prowinetour.com/mentions-legales,,Local,,15/02/2026,"46 068,00",,,
https://www.iletaitunefois-sisteron.fr/mentions-legales,,Local,,15/02/2026,"46 068,00",,,
https://www.auvergermaconnais-71.fr/mentions-legales,,Local,,15/02/2026,"46 068,00",,,
https://www.martin-maconnerie.fr/mentions-legales,,Local,,15/02/2026,"46 068,00",,,
https://www.wallycolor.com/mentions-legales,,Local,,15/02/2026,"46 068,00",,,
https://www.catgap.fr/mentions-legales,,Local,,15/02/2026,"46 068,00",,,
https://www.domaine-l-efferves-sens.fr/mentions-legales,,Local,,15/02/2026,"46 068,00",,,
https://www.all-man.fr/mentions-legales,,Local,,15/02/2026,"46 068,00",,,
https://www.entremets-toulouse.fr/mentions-legales,,Local,,15/02/2026,"46 068,00",,,
https://www.le-relais-de-clairefontaine.fr/mentions-legales,,Local,,15/02/2026,"46 068,00",,,
https://www.domaine-des-diamants-bleus.com/mentions-legales,,Local,,15/02/2026,"46 068,00",,,
https://www.acmk-nettoyage.fr/mentions-legales,,Local,,15/02/2026,"46 068,00",,,
https://www.domainebardetetfils.fr/mentions-legales,,Local,,15/02/2026,"46 068,00",,,
https://www.fermedubruehl-pedagogique.fr/mentions-legales,,Local,,15/02/2026,"46 068,00",,,
https://www.cliniqueveterinaire-philip-gimenez.fr/mentions-legales,,Local,,15/02/2026,"46 068,00",,,
https://www.la-belle-epoque-jura.fr/mentions-legales,,Local,,15/02/2026,"46 068,00",,,
https://www.lesvolaillesdenathalie.fr/mentions-legales,,Local,,15/02/2026,"46 068,00",,,
https://www.hotelalthea.fr/mentions-legales,,Local,,15/02/2026,"46 068,00",,,
https://www.50nuancesdebresse.fr/mentions-legales,,Local,,15/02/2026,"46 068,00",,,
https://www.fb-renovation.fr/mentions-legales,,Local,,15/02/2026,"46 068,00",,,
https://www.mypetitchange.fr/mentions-legales,,Local,,15/02/2026,"46 068,00",,,
https://www.gse-peinture.fr/mentions-legales,,Local,,15/02/2026,"46 068,00",,,
https://www.paulemilephotographie.fr/mentions-legales,,Local,,15/02/2026,"46 068,00",,,
https://www.maitrise-oeuvre-70.fr/mentions-legales,,Local,,15/02/2026,"46 068,00",,,
https://www.pizzasfaitmaison-tacos.fr/mentions-legales,,Local,,15/02/2026,"46 068,00",,,
https://www.sbenergieplomberie.fr/mentions-legales,,Local,,15/02/2026,"46 068,00",,,
https://www.gilbert-peinture.fr/mentions-legales,,Local,,15/02/2026,"46 068,00",,,
https://www.luberon-lhotel.fr/mentions-legales,,Local,,15/02/2026,"46 068,00",,,
https://www.lesprairiesdelencreme.fr/mentions-legales,,Local,,15/02/2026,"46 068,00",,,
https://www.les-aiguilles-de-bavella.fr/mentions-legales,,Local,,15/02/2026,"46 068,00",,,
https://www.adsprovence.fr/mentions-legales,,Local,,15/02/2026,"46 068,00",,,
https://www.garage-classic-car.fr/mentions-legales,,Local,,15/02/2026,"46 068,00",,,
https://www.laselliere.fr/mentions-legales,,Local,,15/02/2026,"46 068,00",,,
https://www.terrehappy06.fr/mentions-legales,,Local,,15/02/2026,"46 068,00",,,
https://www.menuiserie-ille.fr/mentions-legales,,Local,,15/02/2026,"46 068,00",,,
https://www.pizzanapoli-carpentras.fr/mentions-legales,,Local,,15/02/2026,"46 068,00",,,
https://www.la-plume-dor.fr/mentions-legales,,Local,,15/02/2026,"46 068,00",,,
https://www.15aoutofficiel11.fr/mentions-legales,,Local,,15/02/2026,"46 068,00",,,
https://www.lacuisinedemartine.fr/mentions-legales,,Local,,15/02/2026,"46 068,00",,,
https://www.servicesautocolomiers.fr/mentions-legales,,Local,,15/02/2026,"46 068,00",,,
https://www.fouga-c.fr/mentions-legales,,Local,,15/02/2026,"46 068,00",,,
https://www.centre-ohana.fr/mentions-legales,,Local,,15/02/2026,"46 068,00",,,
https://abclocal.net/de/v/la-couronne/localfr-creation-site-internet-angouleme/12269986,,Local,,15/02/2026,"46 068,00",,,
https://www.miamiburger69.fr/mentions-legales,,Local,,15/02/2026,"46 068,00",,,
https://www.briterrois.fr/mentions-legales,,Local,,15/02/2026,"46 068,00",,,
https://www.ricmon.fr/mentions-legales,,Local,,15/02/2026,"46 068,00",,,
https://www.bussod.fr/mentions-legales,,Local,,15/02/2026,"46 068,00",,,
https://www.amoresca.com/mentions-legales,,Local,,15/02/2026,"46 068,00",,,
https://www.irtev-jardin-amenagement-espace-exterieur.fr/mentions-legales,,Local,,15/02/2026,"46 068,00",,,
https://www.lolailothuir.com/mentions-legales,,Local,,15/02/2026,"46 068,00",,,
https://www.lebouftard.fr/mentions-legales,,Local,,15/02/2026,"46 068,00",,,
https://www.acip42.com/mentions-legales,,Local,,15/02/2026,"46 068,00",,,
https://www.bybobun.fr/mentions-legales,,Local,,15/02/2026,"46 068,00",,,
https://www.alliance-metal-services.fr/mentions-legales,,Local,,15/02/2026,"46 068,00",,,
https://www.agenceglv.fr/mentions-legales,,Local,,15/02/2026,"46 068,00",,,
https://www.bureau-etudes-thermiques-charentais-16.fr/mentions-legales,,Local,,15/02/2026,"46 068,00",,,
https://www.c-fer.fr/mentions-legales,,Local,,15/02/2026,"46 068,00",,,
http://addlinks.us/the_worlds_most_visited_web_pages_67/,,Local,,15/02/2026,"46 068,00",,,
https://www.cafedoc.fr/mentions-legales,,Local,,15/02/2026,"46 068,00",,,
https://www.shankabar.fr/mentions-legales,,Local,,15/02/2026,"46 068,00",,,
https://www.boulangerie-patisserie-stgenisdesaintonge.fr/mentions-legales,,Local,,15/02/2026,"46 068,00",,,
https://www.restaurantlesdunes-lyon.fr/mentions-legales,,Local,,15/02/2026,"46 068,00",,,
https://www.restaurant-reine-des-pres-mane.fr/mentions-legales,,Local,,15/02/2026,"46 068,00",,,
https://www.ludeauclean.fr/mentions-legales,,Local,,15/02/2026,"46 068,00",,,
https://www.mission-prevention.fr/mentions-legales,,Local,,15/02/2026,"46 068,00",,,
https://www.horizonclim.fr/mentions-legales,,Local,,15/02/2026,"46 068,00",,,
https://www.om-zen-massage.fr/mentions-legales,,Local,,15/02/2026,"46 068,00",,,
https://www.da-adriano.fr/mentions-legales,,Local,,15/02/2026,"46 068,00",,,
https://www.san-vincenzo.fr/mentions-legales,,Local,,15/02/2026,"46 068,00",,,
https://www.scierie-valdurance.fr/mentions-legales,,Local,,15/02/2026,"46 068,00",,,
https://www.marieagneswolff.com/mentions-legales,,Local,,15/02/2026,"46 068,00",,,
https://www.roullier-plomberie.fr/mentions-legales,,Local,,15/02/2026,"46 068,00",,,
https://www.aupoulaillercomtois.com/mentions-legales,,Local,,15/02/2026,"46 068,00",,,
https://www.patisserie-traiteur-thiebaud.fr/mentions-legales,,Local,,15/02/2026,"46 068,00",,,
https://www.auxiclean.com/mentions-legales,,Local,,15/02/2026,"46 068,00",,,
https://www.boucherie-justou.fr/mentions-legales,,Local,,15/02/2026,"46 068,00",,,
https://www.le-dorlan-restaurant-plouarzel.fr/mentions-legales,,Local,,15/02/2026,"46 068,00",,,
https://www.aletabli-ebenisterie.fr/mentions-legales,,Local,,15/02/2026,"46 068,00",,,
https://www.osteopatheperpignan.fr/mentions-legales,,Local,,15/02/2026,"46 068,00",,,
https://www.laclefoccitane.fr/mentions-legales,,Local,,15/02/2026,"46 068,00",,,
https://www.chanaz-croisieres.fr/mentions-legales,,Local,,15/02/2026,"46 068,00",,,
https://www.2amsystem.fr/mentions-legales,,Local,,15/02/2026,"46 068,00",,,
https://www.2felec.fr/mentions-legales,,Local,,15/02/2026,"46 068,00",,,
https://www.architecture-corse.fr/mentions-legales,,Local,,15/02/2026,"46 068,00",,,
https://www.aucoeurdessaveurs.fr/mentions-legales,,Local,,15/02/2026,"46 068,00",,,
https://www.domaine-poiron.fr/mentions-legales,,Local,,15/02/2026,"46 068,00",,,
https://www.as07.fr/mentions-legales,,Local,,15/02/2026,"46 068,00",,,
https://www.restaurant-le-loustic.fr/mentions-legales,,Local,,15/02/2026,"46 068,00",,,
https://www.atoutsols.fr/mentions-legales,,Local,,15/02/2026,"46 068,00",,,
https://www.aux-ciseaux-dargent.fr/mentions-legales,,Local,,15/02/2026,"46 068,00",,,
https://www.rccoiffurecreation-belfort-franchecomte.fr/mentions-legales,,Local,,15/02/2026,"46 068,00",,,
https://www.1primedoc.fr/mentions-legales,,Local,,15/02/2026,"46 068,00",,,
https://www.domaine-de-bos-63.fr/mentions-legales,,Local,,15/02/2026,"46 068,00",,,
https://www.lapiccolina.fr/mentions-legales,,Local,,15/02/2026,"46 068,00",,,
https://www.natsuki-mimizan.fr/mentions-legales,,Local,,15/02/2026,"46 068,00",,,
https://www.letempsdunmassage.com/mentions-legales,,Local,,15/02/2026,"46 068,00",,,
https://www.miravel.eu/mentions-legales,,Local,,15/02/2026,"46 068,00",,,
https://www.domaine-saintjoly.com/mentions-legales,,Local,,15/02/2026,"46 068,00",,,
https://www.ma-traiteur.fr/mentions-legales,,Local,,15/02/2026,"46 068,00",,,
https://www.domaine-des-fontnobles.com/mentions-legales,,Local,,15/02/2026,"46 068,00",,,
https://www.serantoni-06.com/mentions-legales,,Local,,15/02/2026,"46 068,00",,,
https://www.ambulances-taxi-marne.fr/mentions-legales/,,Local,,15/02/2026,"46 068,00",,,
https://www.toolbox-local.fr/sitecontroller/13294/fr?mode=preview&btag=5&color=1&withoutCfEdit=1,,Local,,15/02/2026,"46 068,00",,,
https://www.bois-du-villard.fr/mentions-legales,,Local,,15/02/2026,"46 068,00",,,
https://www.st-chauffage.fr/mentions-legales,,Local,,15/02/2026,"46 068,00",,,
https://www.sasvincensini.fr/mentions-legales,,Local,,15/02/2026,"46 068,00",,,
https://www.mms-metallerie-ferronnerie.fr/mentions-legales,,Local,,15/02/2026,"46 068,00",,,
https://www.franceparquet.fr/mentions-legales/,,Local,,15/02/2026,"46 068,00",,,
https://www.lafermedelamereboitier71.fr/mentions-legales,,Local,,15/02/2026,"46 068,00",,,
https://www.msevents.fr/mentions-legales,,Local,,15/02/2026,"46 068,00",,,
https://www.o-poulet-grille.fr/mentions-legales,,Local,,15/02/2026,"46 068,00",,,
https://www.restaurantlacoupure24.fr/mentions-legales,,Local,,15/02/2026,"46 068,00",,,
https://www.ciepointdujour.fr/mentions-legales,,Local,,15/02/2026,"46 068,00",,,
https://www.terresdupaysdothe.fr/mentions-legales,,Local,,15/02/2026,"46 068,00",,,
https://www.lerendez-vous.fr/mentions-legales,,Local,,15/02/2026,"46 068,00",,,
https://www.pes-sport.fr/mentions-legales,,Local,,15/02/2026,"46 068,00",,,
https://www.otarnsushi.fr/mentions-legales,,Local,,15/02/2026,"46 068,00",,,
https://www.ase-sport-equipement.fr/mentions-legales,,Local,,15/02/2026,"46 068,00",,,
https://www.alticordepro.fr/mentions-legales,,Local,,15/02/2026,"46 068,00",,,
https://www.lacave-zeropourcent.fr/mentions-legales,,Local,,15/02/2026,"46 068,00",,,
https://www.k-elec71.fr/mentions-legales,,Local,,15/02/2026,"46 068,00",,,
https://www.concept-home.fr/mentions-legales,,Local,,15/02/2026,"46 068,00",,,
https://www.pizzeria-latoscane.fr/mentions-legales,,Local,,15/02/2026,"46 068,00",,,
https://www.restaurant-leglefin.fr/mentions-legales,,Local,,15/02/2026,"46 068,00",,,
https://www.pepinieredesalses66.fr/mentions-legales,,Local,,15/02/2026,"46 068,00",,,
https://www.cocs-atelier.fr/mentions-legales,,Local,,15/02/2026,"46 068,00",,,
https://www.leclubdessimone-montpellier.fr/mentions-legales,,Local,,15/02/2026,"46 068,00",,,
https://www.caves-clamecy.com/mentions-legales,,Local,,15/02/2026,"46 068,00",,,
https://www.cd-habitat.fr/mentions-legales,,Local,,15/02/2026,"46 068,00",,,
https://www.restaurant-fritures.fr/mentions-legales,,Local,,15/02/2026,"46 068,00",,,
https://www.lescreationsdemarie.com/mentions-legales,,Local,,15/02/2026,"46 068,00",,,
https://www.carrosserieatelier66.fr/mentions-legales,,Local,,15/02/2026,"46 068,00",,,
https://www.tlv85.fr/mentions-legales,,Local,,15/02/2026,"46 068,00",,,
https://www.espacehome-immobilier.fr/mentions-legales,,Local,,15/02/2026,"46 068,00",,,
https://www.tissagedesoi.com/mentions-legales,,Local,,15/02/2026,"46 068,00",,,
https://www.amnesya.fr/mentions-legales,,Local,,15/02/2026,"46 068,00",,,
https://www.services-auto-manu.fr/mentions-legales,,Local,,15/02/2026,"46 068,00",,,
https://www.apteos-74.fr/mentions-legales,,Local,,15/02/2026,"46 068,00",,,
https://www.speedpneus64.fr/mentions-legales,,Local,,15/02/2026,"46 068,00",,,
https://www.sarbo-froid.fr/mentions-legales,,Local,,15/02/2026,"46 068,00",,,
https://www.marionllopis.com/mentions-legales,,Local,,15/02/2026,"46 068,00",,,
https://www.boulonnerie-laime.fr/mentions-legales,,Local,,15/02/2026,"46 068,00",,,
https://www.scoberlin.fr/mentions-legales,,Local,,15/02/2026,"46 068,00",,,
https://www.teamboxe73.fr/mentions-legales,,Local,,15/02/2026,"46 068,00",,,
https://www.luberon-lhotel.com/mentions-legales,,Local,,15/02/2026,"46 068,00",,,
https://www.ecuries-doz.fr/mentions-legales,,Local,,15/02/2026,"46 068,00",,,
https://www.auto-restaure.fr/mentions-legales,,Local,,15/02/2026,"46 068,00",,,
https://www.peugeot-la-grand-combe.fr/mentions-legales,,Local,,15/02/2026,"46 068,00",,,
https://www.art-et-creation-coiffurebyjess.fr/mentions-legales,,Local,,15/02/2026,"46 068,00",,,
https://www.lescaledasie.com/mentions-legales,,Local,,15/02/2026,"46 068,00",,,
https://www.azlocation.fr/mentions-legales,,Local,,15/02/2026,"46 068,00",,,
https://www.chatterie-mainecoon-17.fr/mentions-legales,,Local,,15/02/2026,"46 068,00",,,
https://www.epiceriedubuech.fr/mentions-legales,,Local,,15/02/2026,"46 068,00",,,
https://www.domaineduvaldegilly.com/mentions-legales/,,Local,,15/02/2026,"46 068,00",,,
https://www.ecoleive.fr/mentions-legales,,Local,,15/02/2026,"46 068,00",,,
https://www.podoelements.fr/mentions-legales,,Local,,15/02/2026,"46 068,00",,,
https://www.cloe-salon.fr/mentions-legales,,Local,,15/02/2026,"46 068,00",,,
https://www.villa-casinca.fr/mentions-legales,,Local,,15/02/2026,"46 068,00",,,
https://www.lantre-des-jeux-paca.fr/mentions-legales,,Local,,15/02/2026,"46 068,00",,,
https://www.boria-rai-ole.fr/mentions-legales,,Local,,15/02/2026,"46 068,00",,,
https://www.transport-location-vintage.fr/mentions-legales,,Local,,15/02/2026,"46 068,00",,,
https://www.boucherieclementvaussion.fr/mentions-legales,,Local,,15/02/2026,"46 068,00",,,
https://www.midiperf-sante-34.fr/mentions-legales,,Local,,15/02/2026,"46 068,00",,,
https://www.alexandra-votre-coiffeuse.fr/mentions-legales,,Local,,15/02/2026,"46 068,00",,,
https://www.overtus-34.fr/mentions-legales,,Local,,15/02/2026,"46 068,00",,,
https://www.team21-automobile.fr/mentions-legales,,Local,,15/02/2026,"46 068,00",,,
https://www.domaineducerberon.com/mentions-legales,,Local,,15/02/2026,"46 068,00",,,
https://www.mdx-performance84.fr/mentions-legales,,Local,,15/02/2026,"46 068,00",,,
https://www.vapstorencoffee.com/mentions-legales,,Local,,15/02/2026,"46 068,00",,,
https://www.lafermeduserein.fr/mentions-legales,,Local,,15/02/2026,"46 068,00",,,
https://www.brasserie-ocria.fr/mentions-legales,,Local,,15/02/2026,"46 068,00",,,
https://www.valadefroidetclim.fr/mentions-legales,,Local,,15/02/2026,"46 068,00",,,
https://www.gestihomeco.fr/mentions-legales,,Local,,15/02/2026,"46 068,00",,,
https://www.garage-auto-prestige-import.fr/mentions-legales,,Local,,15/02/2026,"46 068,00",,,
https://www.welding-ind-metallerie.fr/mentions-legales,,Local,,15/02/2026,"46 068,00",,,
https://www.transautos20.fr/mentions-legales,,Local,,15/02/2026,"46 068,00",,,
https://www.carrosseriedbconcept-69.fr/mentions-legales,,Local,,15/02/2026,"46 068,00",,,
https://www.garagedelajonquiere.fr/mentions-legales,,Local,,15/02/2026,"46 068,00",,,
https://www.restaurantlartetgourmand.fr/mentions-legales,,Local,,15/02/2026,"46 068,00",,,
https://www.garage-thomas-soranzo-auto-agricole-17.fr/mentions-legales,,Local,,15/02/2026,"46 068,00",,,
https://www.restauration-carrosserie-industrie.fr/mentions-legales,,Local,,15/02/2026,"46 068,00",,,
https://www.garage-didier-boutet.fr/mentions-legales,,Local,,15/02/2026,"46 068,00",,,
https://www.garage-arp.fr/mentions-legales,,Local,,15/02/2026,"46 068,00",,,
https://www.mecanique-sablage-location-manurenov.fr/mentions-legales,,Local,,15/02/2026,"46 068,00",,,
https://www.garage-auto-bourges.fr/mentions-legales,,Local,,15/02/2026,"46 068,00",,,
https://www.garage-automobiles-dcm.fr/mentions-legales,,Local,,15/02/2026,"46 068,00",,,
https://www.carrosserie-battista-michel.fr/mentions-legales,,Local,,15/02/2026,"46 068,00",,,
https://www.j2c-amenagement.fr/mentions-legales,,Local,,15/02/2026,"46 068,00",,,
https://www.garage-jlauto50.fr/mentions-legales,,Local,,15/02/2026,"46 068,00",,,
https://www.charlottefil.fr/mentions-legales,,Local,,15/02/2026,"46 068,00",,,
https://www.garage-audisio.fr/mentions-legales,,Local,,15/02/2026,"46 068,00",,,
https://www.carrosserie-romanaise.fr/mentions-legales,,Local,,15/02/2026,"46 068,00",,,
https://www.ar-energetique.fr/mentions-legales,,Local,,15/02/2026,"46 068,00",,,
https://www.univoque13.fr/mentions-legales,,Local,,15/02/2026,"46 068,00",,,
https://www.garage-galbin-auto-perrou.fr/mentions-legales,,Local,,15/02/2026,"46 068,00",,,
https://www.gioglimotorsperformance.com/mentions-legales,,Local,,15/02/2026,"46 068,00",,,
https://www.saam-gestion.fr/mentions-legales,,Local,,15/02/2026,"46 068,00",,,
https://www.pianotechnic.com/mentions-legales,,Local,,15/02/2026,"46 068,00",,,
https://www.arsisebastien.fr/mentions-legales,,Local,,15/02/2026,"46 068,00",,,
https://www.administrationmultiservices.fr/mentions-legales,,Local,,15/02/2026,"46 068,00",,,
https://www.mlscarrosserie.fr/mentions-legales,,Local,,15/02/2026,"46 068,00",,,
https://www.fjauto49.fr/mentions-legales,,Local,,15/02/2026,"46 068,00",,,
https://www.lessaveursportugal.fr/mentions-legales,,Local,,15/02/2026,"46 068,00",,,
https://www.carrosserie-capolungo.fr/mentions-legales,,Local,,15/02/2026,"46 068,00",,,
https://www.autoecole-benji.fr/mentions-legales,,Local,,15/02/2026,"46 068,00",,,
https://www.chalet-esprit.fr/mentions-legales,,Local,,15/02/2026,"46 068,00",,,
https://www.les-delices-de-nos-regions.com/mentions-legales,,Local,,15/02/2026,"46 068,00",,,
https://www.restaurant-italien-chez-barbara.fr/mentions-legales,,Local,,15/02/2026,"46 068,00",,,
https://www.aubergedelariviere-04.fr/mentions-legales,,Local,,15/02/2026,"46 068,00",,,
https://www.garage-autos-utilitaires.fr/mentions-legales,,Local,,15/02/2026,"46 068,00",,,
https://www.m-concept.fr/mentions-legales,,Local,,15/02/2026,"46 068,00",,,
https://www.latelier-self-garage.fr/mentions-legales,,Local,,15/02/2026,"46 068,00",,,
https://www.le-celtik.fr/mentions-legales,,Local,,15/02/2026,"46 068,00",,,
https://www.ecurie-equiparadis.fr/mentions-legales,,Local,,15/02/2026,"46 068,00",,,
https://www.carrosserie-gototte-gray-70.fr/mentions-legales,,Local,,15/02/2026,"46 068,00",,,
https://www.alternativeszen-57.com/mentions-legales,,Local,,15/02/2026,"46 068,00",,,
https://www.garage-mva.fr/mentions-legales,,Local,,15/02/2026,"46 068,00",,,
https://www.latabledemelou.fr/mentions-legales,,Local,,15/02/2026,"46 068,00",,,
https://www.lavauto10.fr/mentions-legales,,Local,,15/02/2026,"46 068,00",,,
https://www.canoe-kayak-pont-du-navoy.fr/mentions-legales,,Local,,15/02/2026,"46 068,00",,,
https://www.latelier-istres.fr/mentions-legales,,Local,,15/02/2026,"46 068,00",,,
https://www.autospeed13.fr/mentions-legales,,Local,,15/02/2026,"46 068,00",,,
https://www.thomas-ernou-osteopathe.fr/mentions-legales,,Local,,15/02/2026,"46 068,00",,,
https://www.domainedesfloralies.fr/mentions-legales,,Local,,15/02/2026,"46 068,00",,,
https://www.cancela-osteo.fr/mentions-legales,,Local,,15/02/2026,"46 068,00",,,
https://www.sicard-wine.fr/mentions-legales,,Local,,15/02/2026,"46 068,00",,,
https://www.unicoif34.fr/mentions-legales,,Local,,15/02/2026,"46 068,00",,,
https://www.aupalaisrestaurant.fr/mentions-legales,,Local,,15/02/2026,"46 068,00",,,
https://www.lateliercoiffurebyalexandra.fr/mentions-legales,,Local,,15/02/2026,"46 068,00",,,
https://www.salon-coiffure-cindy.fr/mentions-legales,,Local,,15/02/2026,"46 068,00",,,
https://www.mrc-cycles.fr/mentions-legales,,Local,,15/02/2026,"46 068,00",,,
https://www.maximeduchesne-tenniscoaching.fr/mentions-legales,,Local,,15/02/2026,"46 068,00",,,
https://www.atelierorace.fr/mentions-legales,,Local,,15/02/2026,"46 068,00",,,
https://www.soandsi-coiffure.fr/mentions-legales,,Local,,15/02/2026,"46 068,00",,,
https://www.fermetures-jot.com/mentions-legales,,Local,,15/02/2026,"46 068,00",,,
https://www.rivalkarting.fr/mentions-legales,,Local,,15/02/2026,"46 068,00",,,
https://www.closbaudoin.com/mentions-legales,,Local,,15/02/2026,"46 068,00",,,
https://www.maisondumercier.com/mentions-legales,,Local,,15/02/2026,"46 068,00",,,
https://www.sophonesmobiles.fr/mentions-legales,,Local,,15/02/2026,"46 068,00",,,
https://www.pac-eau-tac.fr/mentions-legales,,Local,,15/02/2026,"46 068,00",,,
https://www.chatalans.fr/mentions-legales,,Local,,15/02/2026,"46 068,00",,,
https://www.location-bateau-marseillan.fr/mentions-legales,,Local,,15/02/2026,"46 068,00",,,
https://www.lentract-coiffure.fr/mentions-legales,,Local,,15/02/2026,"46 068,00",,,
https://www.taxi-ruel.fr/mentions-legales,,Local,,15/02/2026,"46 068,00",,,
https://www.coutelleriefrancois1er.fr/mentions-legales,,Local,,15/02/2026,"46 068,00",,,
https://www.taxi-aede.fr/mentions-legales,,Local,,15/02/2026,"46 068,00",,,
https://www.coiffure-hommecourthezon.fr/mentions-legales,,Local,,15/02/2026,"46 068,00",,,
https://www.techniquesbois.fr/mentions-legales,,Local,,15/02/2026,"46 068,00",,,
https://www.climatchauffberry.fr/mentions-legales,,Local,,15/02/2026,"46 068,00",,,
https://www.boyercharpente.fr/mentions-legales,,Local,,15/02/2026,"46 068,00",,,
https://www.noemienugues.fr/mentions-legales,,Local,,15/02/2026,"46 068,00",,,
https://www.md-hair.fr/mentions-legales,,Local,,15/02/2026,"46 068,00",,,
https://www.jardins-du-sud.fr/mentions-legales,,Local,,15/02/2026,"46 068,00",,,
https://www.charpente-ferrand.fr/mentions-legales,,Local,,15/02/2026,"46 068,00",,,
https://www.coiffure-et-serenite.fr/mentions-legales,,Local,,15/02/2026,"46 068,00",,,
https://www.bb-belsavoie.fr/mentions-legales,,Local,,15/02/2026,"46 068,00",,,
https://www.el-basco.fr/mentions-legales,,Local,,15/02/2026,"46 068,00",,,
https://www.alliance-taxis-79.fr/mentions-legales,,Local,,15/02/2026,"46 068,00",,,
https://www.cidetrations.fr/mentions-legales,,Local,,15/02/2026,"46 068,00",,,
https://www.noirmoutierassistance-85.fr/mentions-legales,,Local,,15/02/2026,"46 068,00",,,
https://www.cocodysun.fr/mentions-legales,,Local,,15/02/2026,"46 068,00",,,
https://www.hotel-cecil.it/mentions-legales,,Local,,15/02/2026,"46 068,00",,,
https://www.bateauxsagonelocation.fr/mentions-legales,,Local,,15/02/2026,"46 068,00",,,
https://www.marjorie-sanchis-osteopathe-animalier.fr/mentions-legales,,Local,,15/02/2026,"46 068,00",,,
https://www.les3sapins.fr/mentions-legales,,Local,,15/02/2026,"46 068,00",,,
https://www.branche-finition.fr/mentions-legales,,Local,,15/02/2026,"46 068,00",,,
https://www.lacrisedefoi.fr/mentions-legales,,Local,,15/02/2026,"46 068,00",,,
https://www.art-therapie-formation.fr/mentions-legales,,Local,,15/02/2026,"46 068,00",,,
https://www.carrosserie-longchamp.fr/mentions-legales,,Local,,15/02/2026,"46 068,00",,,
https://www.loic-picamal.com/mentions-legales,,Local,,15/02/2026,"46 068,00",,,
https://www.lematefaim.com/mentions-legales,,Local,,15/02/2026,"46 068,00",,,
https://www.location-gites-sylvette.fr/mentions-legales,,Local,,15/02/2026,"46 068,00",,,
https://www.powerzonemoto.com/mentions-legales/,,Local,,15/02/2026,"46 068,00",,,
https://www.auvergnevitrerie-menuiserie.fr/mentions-legales,,Local,,15/02/2026,"46 068,00",,,
https://www.lanaturodi-luberon.fr/mentions-legales,,Local,,15/02/2026,"46 068,00",,,
https://www.camping-la-vallee.fr/mentions-legales,,Local,,15/02/2026,"46 068,00",,,
https://www.grouptfe.com/mentions-legales,,Local,,15/02/2026,"46 068,00",,,
https://www.instant-fleuri-moissac.fr/mentions-legales,,Local,,15/02/2026,"46 068,00",,,
https://www.totale-fermeture.fr/mentions-legales,,Local,,15/02/2026,"46 068,00",,,
https://www.duo-corinne-swing-occitanie.fr/mentions-legales,,Local,,15/02/2026,"46 068,00",,,
https://marabout-voyant-medium.mozello.fr/accueil/,,Local,,15/02/2026,"46 068,00",,,
https://www.maptiteboutik.fr/mentions-legales,,Local,,15/02/2026,"46 068,00",,,
https://www.poney-club-team-julie.fr/mentions-legales,,Local,,15/02/2026,"46 068,00",,,
https://www.ferme-des-hutten.fr/mentions-legales,,Local,,15/02/2026,"46 068,00",,,
https://www.ampugnani-voyages.com/mentions-legales,,Local,,15/02/2026,"46 068,00",,,
https://www.aqua-natura.fr/mentions-legales,,Local,,15/02/2026,"46 068,00",,,
https://www.escargots-bourgogne-coquedor.fr/mentions-legales,,Local,,15/02/2026,"46 068,00",,,
https://www.little-cafe.fr/mentions-legales,,Local,,15/02/2026,"46 068,00",,,
https://www.lamadonette.fr/mentions-legales,,Local,,15/02/2026,"46 068,00",,,
https://www.nadinefoucher.fr/mentions-legales,,Local,,15/02/2026,"46 068,00",,,
https://www.domainefortpile.com/mentions-legales,,Local,,15/02/2026,"46 068,00",,,
https://www.duprat-renov.fr/mentions-legales,,Local,,15/02/2026,"46 068,00",,,
https://www.cubauto-epaviste.com/mentions-legales,,Local,,15/02/2026,"46 068,00",,,
https://www.scm-86.fr/mentions-legales,,Local,,15/02/2026,"46 068,00",,,
http://websearch.nu/the_worlds_most_visited_web_pages_67/,,Local,,15/02/2026,"46 068,00",,,
https://www.efmdn.fr/mentions-legales/,,Local,,15/02/2026,"46 068,00",,,
https://www.garage-bellandi.com/mentions-legales,,Local,,15/02/2026,"46 068,00",,,
http://advertisesites.com/the_worlds_most_visited_web_pages_67/,,Local,,15/02/2026,"46 068,00",,,
https://www.ramosnettoyage.fr/mentions-legales,,Local,,15/02/2026,"46 068,00",,,
https://www.perlot-menuiserie.fr/mentions-legales,,Local,,15/02/2026,"46 068,00",,,
https://www.mrcconstruction.fr/mentions-legales,,Local,,15/02/2026,"46 068,00",,,
https://www.carrosseriedlvv.fr/mentions-legales,,Local,,15/02/2026,"46 068,00",,,
https://www.lecheneblanc.fr/mentions-legales,,Local,,15/02/2026,"46 068,00",,,
https://www.assur-facile-89.fr/mentions-legales,,Local,,15/02/2026,"46 068,00",,,
https://www.pjf-renovation.fr/mentions-legales,,Local,,15/02/2026,"46 068,00",,,
https://www.enzo-pizza-30.fr/mentions-legales,,Local,,15/02/2026,"46 068,00",,,
https://www.siam-gourmet.fr/mentions-legales,,Local,,15/02/2026,"46 068,00",,,
https://www.cavedelaposte.fr/mentions-legales,,Local,,15/02/2026,"46 068,00",,,
https://www.kavaje.fr/mentions-legales,,Local,,15/02/2026,"46 068,00",,,
https://www.adp-concept.fr/mentions-legales,,Local,,15/02/2026,"46 068,00",,,
https://www.poissonnerieboulonnaise.com/mentions-legales,,Local,,15/02/2026,"46 068,00",,,
https://www.lapizze.fr/mentions-legales,,Local,,15/02/2026,"46 068,00",,,
https://www.vannerieemmapieters.fr/mentions-legales,,Local,,15/02/2026,"46 068,00",,,
https://www.new-air-concept.com/mentions-legales,,Local,,15/02/2026,"46 068,00",,,
https://www.incendie-services.fr/mentions-legales,,Local,,15/02/2026,"46 068,00",,,
https://www.gites-le-lauzet-ubaye.com/mentions-legales,,Local,,15/02/2026,"46 068,00",,,
https://www.potin-terreau.com/mentions-legales,,Local,,15/02/2026,"46 068,00",,,
https://www.climecoservice-84.fr/mentions-legales,,Local,,15/02/2026,"46 068,00",,,
https://www.pistou-pizza.fr/mentions-legales,,Local,,15/02/2026,"46 068,00",,,
https://www.chezluc16.fr/mentions-legales,,Local,,15/02/2026,"46 068,00",,,
https://www.digital-picture-21.net/mentions-legales,,Local,,15/02/2026,"46 068,00",,,
https://www.hotel-restaurant-auwingenerhof.fr/mentions-legales,,Local,,15/02/2026,"46 068,00",,,
https://www.lemoana.fr/mentions-legales,,Local,,15/02/2026,"46 068,00",,,
https://www.kabalaenergie.com/mentions-legales,,Local,,15/02/2026,"46 068,00",,,
https://www.co2incendie-67.fr/mentions-legales,,Local,,15/02/2026,"46 068,00",,,
https://www.henrique-ferreira.fr/mentions-legales,,Local,,15/02/2026,"46 068,00",,,
https://www.depanne-elec-climatisation.fr/mentions-legales,,Local,,15/02/2026,"46 068,00",,,
https://www.legrandcafe-charlieu.fr/mentions-legales,,Local,,15/02/2026,"46 068,00",,,
https://www.legoodtruck74.fr/mentions-legales,,Local,,15/02/2026,"46 068,00",,,
https://www.anne-fallion-avocat.fr/mentions-legales,,Local,,15/02/2026,"46 068,00",,,
https://www.lesunday-restaurant.fr/mentions-legales,,Local,,15/02/2026,"46 068,00",,,
https://www.jeguideetjeduque.com/mentions-legales,,Local,,15/02/2026,"46 068,00",,,
https://www.conciergerie-paimpol.fr/mentions-legales,,Local,,15/02/2026,"46 068,00",,,
https://www.azfacades-30.fr/mentions-legales,,Local,,15/02/2026,"46 068,00",,,
https://www.escargotboileau.fr/mentions-legales,,Local,,15/02/2026,"46 068,00",,,
https://www.escoramreflexologieplantaire.com/mentions-legales,,Local,,15/02/2026,"46 068,00",,,
https://www.lafermeauberge.fr/mentions-legales,,Local,,15/02/2026,"46 068,00",,,
https://www.proelek-electricite.com/mentions-legales,,Local,,15/02/2026,"46 068,00",,,
https://www.osolemeo.com/mentions-legales,,Local,,15/02/2026,"46 068,00",,,
https://www.balagne-recyclage.fr/mentions-legales,,Local,,15/02/2026,"46 068,00",,,
https://www.les-ecuries-gp-equitation.fr/mentions-legales,,Local,,15/02/2026,"46 068,00",,,
https://www.dr-corvisier-corcia-marie-aude-chirurgiens-dentistes.fr/mentions-legales,,Local,,15/02/2026,"46 068,00",,,
https://www.restaurant-etincelle-devoluy.fr/mentions-legales,,Local,,15/02/2026,"46 068,00",,,
https://www.lucie-esthetique42.fr/mentions-legales,,Local,,15/02/2026,"46 068,00",,,
https://www.mcconceptbois.fr/mentions-legales,,Local,,15/02/2026,"46 068,00",,,
https://www.ziano-auto.fr/mentions-legales,,Local,,15/02/2026,"46 068,00",,,
https://www.pelin-construction.fr/mentions-legales,,Local,,15/02/2026,"46 068,00",,,
https://www.l-optique-sennecey.fr/mentions-legales,,Local,,15/02/2026,"46 068,00",,,
https://www.jonagetaxi.fr/mentions-legales,,Local,,15/02/2026,"46 068,00",,,
https://www.domaine-los-penedes.fr/mentions-legales,,Local,,15/02/2026,"46 068,00",,,
https://www.etsnougarede-chauffage-climatisation.fr/mentions-legales,,Local,,15/02/2026,"46 068,00",,,
https://www.ambassadedesvins.fr/mentions-legales,,Local,,15/02/2026,"46 068,00",,,
https://www.philopholia.fr/mentions-legales,,Local,,15/02/2026,"46 068,00",,,
https://www.ammirati-gestion-immo.fr/mentions-legales,,Local,,15/02/2026,"46 068,00",,,
https://www.garage-cuenin.fr/mentions-legales,,Local,,15/02/2026,"46 068,00",,,
https://www.itie-freres.fr/mentions-legales,,Local,,15/02/2026,"46 068,00",,,
https://www.passion-garage.fr/mentions-legales,,Local,,15/02/2026,"46 068,00",,,
https://www.boulangeriebidache.fr/mentions-legales,,Local,,15/02/2026,"46 068,00",,,
https://www.impressions-et-dorures.fr/mentions-legales,,Local,,15/02/2026,"46 068,00",,,
https://www.gite-le-colombier-jura.fr/mentions-legales,,Local,,15/02/2026,"46 068,00",,,
https://www.lapetitevadrouille.com/mentions-legales,,Local,,15/02/2026,"46 068,00",,,
https://www.lesruchersdenicolas.com/mentions-legales,,Local,,15/02/2026,"46 068,00",,,
https://www.coiffure-ars-en-re.fr/mentions-legales,,Local,,15/02/2026,"46 068,00",,,
https://www.elitedom.fr/mentions-legales,,Local,,15/02/2026,"46 068,00",,,
https://www.motoclubernee.com/mentions-legales,,Local,,15/02/2026,"46 068,00",,,
https://www.pepinieres-saint-cyprien.com/mentions-legales,,Local,,15/02/2026,"46 068,00",,,
https://www.laludocave.fr/mentions-legales,,Local,,15/02/2026,"46 068,00",,,
https://www.gans-habitat-concept.fr/mentions-legales,,Local,,15/02/2026,"46 068,00",,,
https://www.ylt-sitgesdavid-64.fr/mentions-legales,,Local,,15/02/2026,"46 068,00",,,
https://www.luxurycarconsulting.eu/mentions-legales,,Local,,15/02/2026,"46 068,00",,,
https://www.foiegras-julien.fr/mentions-legales,,Local,,15/02/2026,"46 068,00",,,
https://www.mamzel-bokits.fr/mentions-legales,,Local,,15/02/2026,"46 068,00",,,
https://www.garage-fleury.fr/mentions-legales,,Local,,15/02/2026,"46 068,00",,,
https://www.epicerie-jouvaud.fr/mentions-legales,,Local,,15/02/2026,"46 068,00",,,
https://www.reiki-reikoeur.com/mentions-legales,,Local,,15/02/2026,"46 068,00",,,
https://www.le-bec-jaune.fr/mentions-legales,,Local,,15/02/2026,"46 068,00",,,
https://www.chevreriedumeunier.fr/mentions-legales,,Local,,15/02/2026,"46 068,00",,,
https://www.camping-lacsdecourtes.com/mentions-legales,,Local,,15/02/2026,"46 068,00",,,
https://www.hypnocoach31.fr/mentions-legales,,Local,,15/02/2026,"46 068,00",,,
https://www.fournil-de-loze.fr/mentions-legales,,Local,,15/02/2026,"46 068,00",,,
https://www.couvreur-macon-fargier.fr/mentions-legales,,Local,,15/02/2026,"46 068,00",,,
https://www.jmsorchid.fr/mentions-legales,,Local,,15/02/2026,"46 068,00",,,
https://www.chemin-des-sens.fr/mentions-legales,,Local,,15/02/2026,"46 068,00",,,
https://www.conciergerie-alahauteur.com/mentions-legales,,Local,,15/02/2026,"46 068,00",,,
https://www.transform-hair.fr/mentions-legales,,Local,,15/02/2026,"46 068,00",,,
https://www.v2m-menuiseries.com/mentions-legales,,Local,,15/02/2026,"46 068,00",,,
https://www.cafethesens.com/fr,,Local,,15/02/2026,"46 068,00",,,
https://www.rmtt-72.fr/mentions-legales,,Local,,15/02/2026,"46 068,00",,,
https://www.gaec-salers-bol-dair.fr/mentions-legales,,Local,,15/02/2026,"46 068,00",,,
https://www.loubourdie.fr/mentions-legales,,Local,,15/02/2026,"46 068,00",,,
https://www.sarl-a-martaud.fr/mentions-legales,,Local,,15/02/2026,"46 068,00",,,
https://www.domainedelaferrage.fr/mentions-legales,,Local,,15/02/2026,"46 068,00",,,
https://www.sabatier-transports-sigoyer-05.fr/mentions-legales,,Local,,15/02/2026,"46 068,00",,,
https://www.nicozenhome.fr/mentions-legales,,Local,,15/02/2026,"46 068,00",,,
https://www.ets-maunier-33.fr/mentions-legales,,Local,,15/02/2026,"46 068,00",,,
https://www.jonathan-toiture.fr/mentions-legales,,Local,,15/02/2026,"46 068,00",,,
https://www.ninie-massage.fr/mentions-legales,,Local,,15/02/2026,"46 068,00",,,
https://www.elevage-kergane.fr/mentions-legales,,Local,,15/02/2026,"46 068,00",,,
https://www.daddyscars.fr/fr,,Local,,15/02/2026,"46 068,00",,,
https://www.apichrisdam.fr/mentions-legales,,Local,,15/02/2026,"46 068,00",,,
https://www.domainelespresverts.fr/fr,,Local,,15/02/2026,"46 068,00",,,
https://www.capsulesetbouchons-guerande.fr/fr,,Local,,15/02/2026,"46 068,00",,,
https://www.le-talice-maypop.fr/mentions-legales,,Local,,15/02/2026,"46 068,00",,,
https://www.martincedric.fr/mentions-legales/,,Local,,15/02/2026,"46 068,00",,,
https://www.vk-terrassement-bois.com/mentions-legales,,Local,,15/02/2026,"46 068,00",,,
https://www.maison-mouligneau.fr/fr,,Local,,15/02/2026,"46 068,00",,,
https://www.leberbere.fr/mentions-legales,,Local,,15/02/2026,"46 068,00",,,
https://www.restaurant-le-saint-laurent.fr/mentions-legales,,Local,,15/02/2026,"46 068,00",,,
https://www.marteauguillaume79.fr/mentions-legales,,Local,,15/02/2026,"46 068,00",,,
https://www.sayana-bien-etre.fr/mentions-legales,,Local,,15/02/2026,"46 068,00",,,
https://www.jesahelle-naturopathe.fr/mentions-legales,,Local,,15/02/2026,"46 068,00",,,
https://www.lesdelicesdelauralice.fr/mentions-legales,,Local,,15/02/2026,"46 068,00",,,
https://www.eraditech.fr/mentions-legales,,Local,,15/02/2026,"46 068,00",,,
https://www.yes-proprete.fr/mentions-legales,,Local,,15/02/2026,"46 068,00",,,
https://www.abondancedessens.com/mentions-legales,,Local,,15/02/2026,"46 068,00",,,
https://www.untempspourtout-11.fr/mentions-legales,,Local,,15/02/2026,"46 068,00",,,
https://www.piacere-aix.com/mentions-legales,,Local,,15/02/2026,"46 068,00",,,
https://www.construction-bois-esprit-chalets.fr/mentions-legales,,Local,,15/02/2026,"46 068,00",,,
https://www.chamsy-liberation-06.com/mentions-legales,,Local,,15/02/2026,"46 068,00",,,
https://www.arnaudcourboin.fr/mentions-legales,,Local,,15/02/2026,"46 068,00",,,
https://www.lechateaudelagabelle26.fr/mentions-legales,,Local,,15/02/2026,"46 068,00",,,
https://www.uscalu.fr/mentions-legales,,Local,,15/02/2026,"46 068,00",,,
https://www.couvreurdevendee.fr/mentions-legales,,Local,,15/02/2026,"46 068,00",,,
https://www.tini-le-maraicher.fr/fr,,Local,,15/02/2026,"46 068,00",,,
https://www.style-et-tendance.fr/mentions-legales,,Local,,15/02/2026,"46 068,00",,,
https://www.cbaudoincoaching.fr/mentions-legales,,Local,,15/02/2026,"46 068,00",,,
https://www.bodega-bar-tapas.fr/fr,,Local,,15/02/2026,"46 068,00",,,
https://www.player-one-reparation.fr/mentions-legales,,Local,,15/02/2026,"46 068,00",,,
https://www.mbs-batiment.com/mentions-legales,,Local,,15/02/2026,"46 068,00",,,
https://www.laverie-automatique.bzh/mentions-legales,,Local,,15/02/2026,"46 068,00",,,
https://www.chozalpsports.fr/mentions-legales,,Local,,15/02/2026,"46 068,00",,,
https://www.la-bistraille.fr/mentions-legales,,Local,,15/02/2026,"46 068,00",,,
https://www.pizzasun.fr/mentions-legales,,Local,,15/02/2026,"46 068,00",,,
https://www.escargot-du-lison.fr/mentions-legales,,Local,,15/02/2026,"46 068,00",,,
https://www.la-sourciere-d-eros.fr/mentions-legales,,Local,,15/02/2026,"46 068,00",,,
https://www.chabaudie-renovation-16-87.fr/mentions-legales,,Local,,15/02/2026,"46 068,00",,,
http://webadvertisement.co.uk/the_worlds_most_visited_web_pages_67/,,Local,,15/02/2026,"46 068,00",,,
https://www.lannexe-bisca-plage.fr/mentions-legales,,Local,,15/02/2026,"46 068,00",,,
https://www.vacances-au-vert.fr/mentions-legales,,Local,,15/02/2026,"46 068,00",,,
https://www.garden-service-2a.com/mentions-legales,,Local,,15/02/2026,"46 068,00",,,
https://www.la-buche-montagnarde.fr/mentions-legales,,Local,,15/02/2026,"46 068,00",,,
https://www.menuiserie-calvinhac.fr/mentions-legales,,Local,,15/02/2026,"46 068,00",,,
https://www.agence-vegetale.fr/mentions-legales,,Local,,15/02/2026,"46 068,00",,,
https://www.domaine-guy-fouquerand.fr/mentions-legales,,Local,,15/02/2026,"46 068,00",,,
https://www.quand-lame-agit.fr/mentions-legales,,Local,,15/02/2026,"46 068,00",,,
https://www.cinar-supermarche.fr/mentions-legales,,Local,,15/02/2026,"46 068,00",,,
https://www.smte.eu/mentions-legales,,Local,,15/02/2026,"46 068,00",,,
https://www.latelier-des-saveurs13.fr/mentions-legales,,Local,,15/02/2026,"46 068,00",,,
https://www.pizzaangelo.fr/mentions-legales,,Local,,15/02/2026,"46 068,00",,,
https://www.constructions-bois-24.fr/mentions-legales,,Local,,15/02/2026,"46 068,00",,,
https://www.ludovicypres.fr/mentions-legales,,Local,,15/02/2026,"46 068,00",,,
https://www.maohi-art-tatau.fr/mentions-legales,,Local,,15/02/2026,"46 068,00",,,
https://www.ecubat.fr/mentions-legales,,Local,,15/02/2026,"46 068,00",,,
https://www.pascal-elec.fr/mentions-legales,,Local,,15/02/2026,"46 068,00",,,
https://www.kid-transportdechets.fr/mentions-legales,,Local,,15/02/2026,"46 068,00",,,
https://www.la-cave-de-benoit.fr/mentions-legales,,Local,,15/02/2026,"46 068,00",,,
https://www.applisub-83.fr/mentions-legales,,Local,,15/02/2026,"46 068,00",,,
https://www.audreyesthetique-saintgaudens.fr/mentions-legales,,Local,,15/02/2026,"46 068,00",,,
https://www.sudouest.fr/gironde/bordeaux/bordeaux-siouz-s-attaque-a-l-hegemonie-des-pages-jaunes-7739294.php,,Local,,15/02/2026,"46 068,00",,,
https://www.pcs-mathis-57.fr/mentions-legales,,Local,,15/02/2026,"46 068,00",,,
https://www.boucherie-charcuterie-tom-buisson.fr/mentions-legales,,Local,,15/02/2026,"46 068,00",,,
https://www.revelaction.fr/mentions-legales,,Local,,15/02/2026,"46 068,00",,,
https://www.igor2c.fr/mentions-legales,,Local,,15/02/2026,"46 068,00",,,
https://www.brolleslebailly.fr/mentions-legales,,Local,,15/02/2026,"46 068,00",,,
https://www.luxurycarconsulting.com/mentions-legales/,,Local,,15/02/2026,"46 068,00",,,
https://www.restaurant-laroue.fr/mentions-legales,,Local,,15/02/2026,"46 068,00",,,
https://www.lacrepeusedumorbihan.fr/mentions-legales,,Local,,15/02/2026,"46 068,00",,,
https://www.la-patisserie-du-coeur.fr/mentions-legales,,Local,,15/02/2026,"46 068,00",,,
https://www.esplorazioni-in-corsica.fr/mentions-legales,,Local,,15/02/2026,"46 068,00",,,
https://www.ptcmotors.fr/mentions-legales,,Local,,15/02/2026,"46 068,00",,,
https://www.auxptitsbonheurs42.fr/mentions-legales,,Local,,15/02/2026,"46 068,00",,,
https://www.monblanc-peinture.fr/mentions-legales,,Local,,15/02/2026,"46 068,00",,,
https://www.fromages-et-saveurs-jura-39.com/mentions-legales,,Local,,15/02/2026,"46 068,00",,,
https://www.mt-maconnerie.fr/mentions-legales,,Local,,15/02/2026,"46 068,00",,,
https://www.lmsclimatisation.fr/mentions-legales,,Local,,15/02/2026,"46 068,00",,,
http://www.communes-francaises.com/09/lacave/,,Local,,15/02/2026,"46 068,00",,,
https://www.magnetiseur-medium-guerisseur-au-dela-des-maux-17.fr/mentions-legales,,Local,,15/02/2026,"46 068,00",,,
https://www.restaurant-laplace.fr/mentions-legales,,Local,,15/02/2026,"46 068,00",,,
https://www.grases-menuiserie-84.fr/mentions-legales,,Local,,15/02/2026,"46 068,00",,,
https://en.letangdesmirandes.fr/,,Local,,15/02/2026,"46 068,00",,,
https://www.ecuriethalie.fr/mentions-legales,,Local,,15/02/2026,"46 068,00",,,
https://www.coconova-84.fr/mentions-legales,,Local,,15/02/2026,"46 068,00",,,
https://www.provensols-26.fr/mentions-legales,,Local,,15/02/2026,"46 068,00",,,
https://www.lerelaismontois.fr/mentions-legales,,Local,,15/02/2026,"46 068,00",,,
https://www.safran-marie.fr/mentions-legales,,Local,,15/02/2026,"46 068,00",,,
https://www.terrasse-design.fr/mentions-legales,,Local,,15/02/2026,"46 068,00",,,
https://www.qualitoit29.fr/mentions-legales,,Local,,15/02/2026,"46 068,00",,,
https://www.castelsvrac.fr/mentions-legales,,Local,,15/02/2026,"46 068,00",,,
https://www.ain-bureau-class.fr/mentions-legales,,Local,,15/02/2026,"46 068,00",,,
https://www.fermedepralong.fr/mentions-legales,,Local,,15/02/2026,"46 068,00",,,
https://www.outils-coupants-rto.com/mentions-legales,,Local,,15/02/2026,"46 068,00",,,
https://www.le-maghreb.fr/mentions-legales,,Local,,15/02/2026,"46 068,00",,,
https://www.coin-dog.fr/mentions-legales,,Local,,15/02/2026,"46 068,00",,,
https://www.zingueriedumas.fr/mentions-legales,,Local,,15/02/2026,"46 068,00",,,
https://www.monpotager09.fr/mentions-legales,,Local,,15/02/2026,"46 068,00",,,
https://www.melegim-by-istanbul.fr/mentions-legales,,Local,,15/02/2026,"46 068,00",,,
https://www.galeriedulevant.com/mentions-legales,,Local,,15/02/2026,"46 068,00",,,
https://www.flo-en-deco.fr/mentions-legales,,Local,,15/02/2026,"46 068,00",,,
https://www.traiteur-l-inedit.fr/mentions-legales,,Local,,15/02/2026,"46 068,00",,,
https://www.romaintuaultimmo.fr/fr,,Local,,15/02/2026,"46 068,00",,,
https://www.moon-city.fr/mentions-legales,,Local,,15/02/2026,"46 068,00",,,
https://www.toilettagetoutounet.com/mentions-legales,,Local,,15/02/2026,"46 068,00",,,
https://www.thefinalcut-angers.fr/fr,,Local,,15/02/2026,"46 068,00",,,
https://www.rlc-fafin.fr/mentions-legales,,Local,,15/02/2026,"46 068,00",,,
https://www.carte-grise-express31.fr/mentions-legales,,Local,,15/02/2026,"46 068,00",,,
https://www.maconnerie-mezeray-domfront.fr/mentions-legales,,Local,,15/02/2026,"46 068,00",,,
https://www.restaurant-maison-viel34.fr/mentions-legales,,Local,,15/02/2026,"46 068,00",,,
https://www.carrosseautoretros.com/mentions-legales,,Local,,15/02/2026,"46 068,00",,,
https://www.papyrus-fleurs.fr/fr,,Local,,15/02/2026,"46 068,00",,,
https://www.ocagounacre.fr/mentions-legales,,Local,,15/02/2026,"46 068,00",,,
https://www.brasserielembellie.fr/mentions-legales,,Local,,15/02/2026,"46 068,00",,,
https://www.lesdodosdalsace.com/mentions-legales,,Local,,15/02/2026,"46 068,00",,,
https://www.jacoutonfreres.fr/mentions-legales,,Local,,15/02/2026,"46 068,00",,,
https://www.hotel-le-savoie.fr/fr,,Local,,15/02/2026,"46 068,00",,,
https://www.ceramicadipigna.fr/fr,,Local,,15/02/2026,"46 068,00",,,
https://www.didier-cailloux-taille-de-pierre.fr/mentions-legales,,Local,,15/02/2026,"46 068,00",,,
https://www.sidere.fr/mentions-legales,,Local,,15/02/2026,"46 068,00",,,
https://www.cave-nerot.fr/fr,,Local,,15/02/2026,"46 068,00",,,
https://www.osalon.fr/mentions-legales,,Local,,15/02/2026,"46 068,00",,,
https://www.norisksecurite.fr/mentions-legales,,Local,,15/02/2026,"46 068,00",,,
https://www.mmp-peinture.fr/mentions-legales,,Local,,15/02/2026,"46 068,00",,,
http://add-links.us/the_worlds_most_visited_web_pages_67/,,Local,,15/02/2026,"46 068,00",,,
https://www.hbelectricite73.fr/mentions-legales,,Local,,15/02/2026,"46 068,00",,,
https://www.isabosophro.com/mentions-legales,,Local,,15/02/2026,"46 068,00",,,
https://www.harasbegor.com/mentions-legales,,Local,,15/02/2026,"46 068,00",,,
https://www.cover41.fr/mentions-legales,,Local,,15/02/2026,"46 068,00",,,
http://woodmarine.be/2014/05/04/frankrijk-is-bang-voor-de-wereld/,,Local,,15/02/2026,"46 068,00",,,
https://www.meilia.fr/mentions-legales,,Local,,15/02/2026,"46 068,00",,,
https://www.pisciculture-cote.fr/mentions-legales,,Local,,15/02/2026,"46 068,00",,,
https://www.masduverdier.fr/mentions-legales,,Local,,15/02/2026,"46 068,00",,,
https://www.boulangerieptitjean.fr/mentions-legales,,Local,,15/02/2026,"46 068,00",,,
https://www.motoloisirs-73.fr/mentions-legales,,Local,,15/02/2026,"46 068,00",,,
https://www.pizzeriachezromolo.fr/mentions-legales,,Local,,15/02/2026,"46 068,00",,,
https://www.fst-formations.fr/mentions-legales,,Local,,15/02/2026,"46 068,00",,,
http://www.websiteseo.biz/pl/domain/muriel-girard.fr,,Local,,15/02/2026,"46 068,00",,,
https://www.fermedesaigrettes-47.fr/mentions-legales,,Local,,15/02/2026,"46 068,00",,,
https://www.opapiecesauto.fr/mentions-legales,,Local,,15/02/2026,"46 068,00",,,
https://www.cuisineauthentique.fr/mentions-legales,,Local,,15/02/2026,"46 068,00",,,
https://www.en-lesjardinsinterieurs.com/mentions-legales,,Local,,15/02/2026,"46 068,00",,,
https://www.ferme-de-kerdalar-st-pol-de-leon.fr/mentions-legales,,Local,,15/02/2026,"46 068,00",,,
https://www.raventure-avion-planneur-ulm.fr/mentions-legales,,Local,,15/02/2026,"46 068,00",,,
https://www.bdauto-passion.fr/mentions-legales,,Local,,15/02/2026,"46 068,00",,,
https://www.ecuriedudomaine-savigny.fr/mentions-legales,,Local,,15/02/2026,"46 068,00",,,
https://www.sarah-magnetiseuse.fr/mentions-legales,,Local,,15/02/2026,"46 068,00",,,
https://www.champsaur-les-sittelles.fr/mentions-legales,,Local,,15/02/2026,"46 068,00",,,
https://www.matespi-electricite.fr/mentions-legales,,Local,,15/02/2026,"46 068,00",,,
https://www.terreaupaysages.fr/mentions-legales,,Local,,15/02/2026,"46 068,00",,,
https://www.gailayoga.com/mentions-legales,,Local,,15/02/2026,"46 068,00",,,
https://www.changesaway.fr/mentions-legales,,Local,,15/02/2026,"46 068,00",,,
https://www.aflocevents.com/mentions-legales,,Local,,15/02/2026,"46 068,00",,,
https://www.r-performance.fr/mentions-legales,,Local,,15/02/2026,"46 068,00",,,
https://www.escrime-draguignan.fr/mentions-legales,,Local,,15/02/2026,"46 068,00",,,
https://www.elpueblo.fr/mentions-legales,,Local,,15/02/2026,"46 068,00",,,
https://www.crossfit-2j.fr/mentions-legales,,Local,,15/02/2026,"46 068,00",,,
https://www.artgourmandlarotisserie.fr/fr/boutique/volailles/1-poulets-label-rouge/1,,Local,,15/02/2026,"46 068,00",,,
https://www.lafermedesprairiesdepallard.fr/mentions-legales,,Local,,15/02/2026,"46 068,00",,,
https://www.lesglacesdemimi.fr/fr,,Local,,15/02/2026,"46 068,00",,,
https://www.tatatas.info/2/annuaire-professionnel-gratuit,,Local,,15/02/2026,"46 068,00",,,
https://www.seaandsix.fr/mentions-legales,,Local,,15/02/2026,"46 068,00",,,
https://www.lapartdesanges-caviste.fr/fr,,Local,,15/02/2026,"46 068,00",,,
https://www.latelierdudelice.fr/fr,,Local,,15/02/2026,"46 068,00",,,
https://www.levieuxmoulin-1741.fr/fr,,Local,,15/02/2026,"46 068,00",,,
https://www.kannuaire.com/6198.html,,Local,,15/02/2026,"46 068,00",,,
https://www.isabelle-armell.fr/mentions-legales,,Local,,15/02/2026,"46 068,00",,,
https://www.renault-st-ju-auto.fr/mentions-legales,,Local,,15/02/2026,"46 068,00",,,
https://www.femaison.fr/mentions-legales,,Local,,15/02/2026,"46 068,00",,,
https://www.wake66.fr/mentions-legales,,Local,,15/02/2026,"46 068,00",,,
https://www.horde-dor.fr/fr,,Local,,15/02/2026,"46 068,00",,,
https://www.leslutinsdelili.fr/fr,,Local,,15/02/2026,"46 068,00",,,
https://www.restaurantlecoursdudrac.fr/mentions-legales,,Local,,15/02/2026,"46 068,00",,,
http://internetsearch.pl/the_worlds_most_visited_web_pages_67/,,Local,,15/02/2026,"46 068,00",,,
https://www.fredelec.fr/mentions-legales,,Local,,15/02/2026,"46 068,00",,,
https://www.asherin-apicultrice.fr/fr/as-herin-apicultrice-lagnieu-01150-3937,,Local,,15/02/2026,"46 068,00",,,
https://www.rglass-metz.fr/mentions-legales,,Local,,15/02/2026,"46 068,00",,,
https://www.paillotte-calvi.fr/mentions-legales,,Local,,15/02/2026,"46 068,00",,,
https://www.lepalaisdubonheur.fr/fr,,Local,,15/02/2026,"46 068,00",,,
https://www.saubusse-thermes-es.com/mentions-legales,,Local,,15/02/2026,"46 068,00",,,
https://www.casaguido.fr/mentions-legales,,Local,,15/02/2026,"46 068,00",,,
https://www.nadia-relooking.fr/mentions-legales,,Local,,15/02/2026,"46 068,00",,,
http://advertise-website.org/the_worlds_most_visited_web_pages_67/,,Local,,15/02/2026,"46 068,00",,,
https://mon-blog-de-voyage.over-blog.com/article-beziers-et-la-feria-du-15-aout-55270457.html,,Local,,15/02/2026,"46 068,00",,,
https://www.ledomainedugrandcru.fr/mentions-legales,,Local,,15/02/2026,"46 068,00",,,
https://www.chefahmad.com/mentions-legales,,Local,,15/02/2026,"46 068,00",,,
https://www.osteopathe.do/gex/marc-ritaine,,Local,,15/02/2026,"46 068,00",,,
https://www.prodynamik.com/mentions-legales,,Local,,15/02/2026,"46 068,00",,,
https://www.auberge-atornadia.fr/mentions-legales,,Local,,15/02/2026,"46 068,00",,,
https://www.renovcoat.fr/mentions-legales,,Local,,15/02/2026,"46 068,00",,,
https://www.vrcafe.fr/mentions-legales,,Local,,15/02/2026,"46 068,00",,,
https://www.les-petits-sabots-64.fr/mentions-legales,,Local,,15/02/2026,"46 068,00",,,
https://www.boucheriemartin.fr/mentions-legales,,Local,,15/02/2026,"46 068,00",,,
https://www.informatique-brigoulet.fr/mentions-legales,,Local,,15/02/2026,"46 068,00",,,
https://www.boulangeriepatisseriedesmarronniers.fr/mentions-legales,,Local,,15/02/2026,"46 068,00",,,
https://www.cheztchouki.fr/mentions-legales,,Local,,15/02/2026,"46 068,00",,,
https://www.la-fabrik-des-tilleuls.fr/mentions-legales,,Local,,15/02/2026,"46 068,00",,,
https://www.boucherie-bruno-traiteur.fr/mentions-legales,,Local,,15/02/2026,"46 068,00",,,
https://www.aubergedemauroul.fr/mentions-legales,,Local,,15/02/2026,"46 068,00",,,
https://www.evron-informatique-53.fr/mentions-legales,,Local,,15/02/2026,"46 068,00",,,
https://www.cmvr.fr/mentions-legales,,Local,,15/02/2026,"46 068,00",,,
https://www.tac16-informatique-telephonie-charente.fr/mentions-legales,,Local,,15/02/2026,"46 068,00",,,
https://www.mains-de-reve-onglerie.fr/mentions-legales,,Local,,15/02/2026,"46 068,00",,,
https://www.reparation-smartphone-57.fr/mentions-legales,,Local,,15/02/2026,"46 068,00",,,
https://www.ac-concept-conseil.com/mentions-legales,,Local,,15/02/2026,"46 068,00",,,
https://www.stockovelo11.fr/fr,,Local,,15/02/2026,"46 068,00",,,
https://www.resto-aux-pietons.fr/fr,,Local,,15/02/2026,"46 068,00",,,
https://www.voix-formation.com/mentions-legales,,Local,,15/02/2026,"46 068,00",,,
https://www.cai-construction.fr/mentions-legales,,Local,,15/02/2026,"46 068,00",,,
https://www.chez-fanny.fr/mentions-legales,,Local,,15/02/2026,"46 068,00",,,
https://www.verdigo-35.fr/mentions-legales,,Local,,15/02/2026,"46 068,00",,,
https://www.boucherie-olive.fr/mentions-legales,,Local,,15/02/2026,"46 068,00",,,
https://www.shiawasse.fr/mentions-legales,,Local,,15/02/2026,"46 068,00",,,
https://www.la-balade-heureuse.fr/mentions-legales,,Local,,15/02/2026,"46 068,00",,,
https://www.myriam-montavit.com/mentions-legales,,Local,,15/02/2026,"46 068,00",,,
https://www.reflexologue-roiron.fr/mentions-legales,,Local,,15/02/2026,"46 068,00",,,
https://www.saintjoursexpertmaritime.com/mentions-legales,,Local,,15/02/2026,"46 068,00",,,
https://www.angehypno.fr/mentions-legales,,Local,,15/02/2026,"46 068,00",,,
https://www.brasserie-le-forestier.fr/mentions-legales,,Local,,15/02/2026,"46 068,00",,,
https://www.lerucherdemontusclat.fr/mentions-legales,,Local,,15/02/2026,"46 068,00",,,
https://www.garagemauro.com/mentions-legales,,Local,,15/02/2026,"46 068,00",,,
https://www.vegetalconception.com/mentions-legales,,Local,,15/02/2026,"46 068,00",,,
https://www.restaurant-auvieuxvenise.fr/mentions-legales,,Local,,15/02/2026,"46 068,00",,,
https://www.espacearchitectesetimmobiliers.com/2013/12/,,Local,,15/02/2026,"46 068,00",,,
https://www.domaine-benguerats.com/fr,,Local,,15/02/2026,"46 068,00",,,
http://ad-web.org/the_worlds_most_visited_web_pages_67/,,Local,,15/02/2026,"46 068,00",,,
https://www.domaine-boccheciampe.fr/fr,,Local,,15/02/2026,"46 068,00",,,
http://garrettgee.me/blog/how-i-use-scan-to-grow-my-instagram/,,Local,,15/02/2026,"46 068,00",,,
https://www.domainealcouderc.com/fr,,Local,,15/02/2026,"46 068,00",,,
https://www.gite-la-pinstrie.com/mentions-legales,,Local,,15/02/2026,"46 068,00",,,
https://www.sols-design.fr/mentions-legales,,Local,,15/02/2026,"46 068,00",,,
https://www.sasmecatp.fr/mentions-legales,,Local,,15/02/2026,"46 068,00",,,
https://www.atelier-vegetal-25.fr/fr,,Local,,15/02/2026,"46 068,00",,,
https://www.lesateliersdebea.fr/mentions-legales,,Local,,15/02/2026,"46 068,00",,,
https://www.avospapiers.fr/mentions-legales,,Local,,15/02/2026,"46 068,00",,,
https://www.groupepallin.fr/mentions-legales,,Local,,15/02/2026,"46 068,00",,,
http://infoweb17.free.fr/Lien Echange de liens.htm,,Local,,15/02/2026,"46 068,00",,,
https://www.boulangerie-choisit.fr/mentions-legales,,Local,,15/02/2026,"46 068,00",,,
https://www.mtexpress-thierry-mathieu.fr/mentions-legales,,Local,,15/02/2026,"46 068,00",,,
https://www.philippeklein-architecte.fr/mentions-legales,,Local,,15/02/2026,"46 068,00",,,
https://www.hotel-cecil.com/mentions-legales,,Local,,15/02/2026,"46 068,00",,,
https://www.brasserie-letheatre.fr/mentions-legales,,Local,,15/02/2026,"46 068,00",,,
https://www.vapeurverte-blanchisserie-dordogne.fr/mentions-legales,,Local,,15/02/2026,"46 068,00",,,
https://www.les-pres-dallys.com/mentions-legales,,Local,,15/02/2026,"46 068,00",,,
https://www.brasserie-lalanterne.fr/mentions-legales,,Local,,15/02/2026,"46 068,00",,,
https://www.franck-menuiserie53.fr/mentions-legales,,Local,,15/02/2026,"46 068,00",,,
https://www.air-escale.fr/mentions-legales,,Local,,15/02/2026,"46 068,00",,,
https://www.irimi-prod.com/mentions-legales,,Local,,15/02/2026,"46 068,00",,,
https://www.miellerieedesgrandsbois.fr/fr/d-des-visites-pedagogiques-a-tarentaise-la-miellerie-des-grands-bois/visites-pedagogiques/des-visites-pedagogiques-a-tarentaise-la-miellerie-des-grands-bois-6522,,Local,,15/02/2026,"46 068,00",,,
https://www.tellows.fr/c/help-fr/recherche-inverse/,,Local,,15/02/2026,"46 068,00",,,
https://www.cavedesbonssachants.com/mentions-legales/,,Local,,15/02/2026,"46 068,00",,,
https://www.viking-barber.com/mentions-legales,,Local,,15/02/2026,"46 068,00",,,
https://www.sitelike.org/similar/fil-info-france.com/,,Local,,15/02/2026,"46 068,00",,,
https://www.perfect-body.fr/mentions-legales,,Local,,15/02/2026,"46 068,00",,,
https://www.la-codalie.fr/mentions-legales,,Local,,15/02/2026,"46 068,00",,,
https://www.boulangerie-sottana.fr/mentions-legales,,Local,,15/02/2026,"46 068,00",,,
https://www.rsl-coop.fr/mentions-legales/,,Local,,15/02/2026,"46 068,00",,,
https://www.myphoneexpress-06.fr/mentions-legales,,Local,,15/02/2026,"46 068,00",,,
https://www.bien-etre-equilibre24.fr/mentions-legales,,Local,,15/02/2026,"46 068,00",,,
https://www.lesbieresdudonjon.fr/mentions-legales/,,Local,,15/02/2026,"46 068,00",,,
http://www.sans-avion.net/MoscouPekin/LesLiens.php,,Local,,15/02/2026,"46 068,00",,,
https://www.auberge-renardeau-21.fr/mentions-legales,,Local,,15/02/2026,"46 068,00",,,
https://www.marchand-couleurs79.fr/mentions-legales,,Local,,15/02/2026,"46 068,00",,,
https://www.marjorie-nature.fr/mentions-legales,,Local,,15/02/2026,"46 068,00",,,
https://www.restaurant-cote-jardin.com/mentions-legales,,Local,,15/02/2026,"46 068,00",,,
https://www.mdclic-studio.fr/mentions-legales,,Local,,15/02/2026,"46 068,00",,,
https://www.abc-du-gratuit.com/article/view/903,,Local,,15/02/2026,"46 068,00",,,
https://www.irisflow.fr/mentions-legales,,Local,,15/02/2026,"46 068,00",,,
https://www.fcbe.fr/mentions-legales,,Local,,15/02/2026,"46 068,00",,,
https://www.kp-renovation-electricien.fr/mentions-legales,,Local,,15/02/2026,"46 068,00",,,
https://www.vd-performance.fr/mentions-legales,,Local,,15/02/2026,"46 068,00",,,
https://www.sono-events.fr/mentions-legales,,Local,,15/02/2026,"46 068,00",,,
https://www.epicerie-belarga.fr/mentions-legales,,Local,,15/02/2026,"46 068,00",,,
https://www.amedikebab.fr/mentions-legales,,Local,,15/02/2026,"46 068,00",,,
https://www.blackonyx.fr/mentions-legales,,Local,,15/02/2026,"46 068,00",,,
https://www.bois-christian-juif-25.fr/mentions-legales,,Local,,15/02/2026,"46 068,00",,,
https://www.fermeduluppachhof.fr/mentions-legales,,Local,,15/02/2026,"46 068,00",,,
https://www.so-elec.fr/mentions-legales,,Local,,15/02/2026,"46 068,00",,,
https://www.la-ferme-de-chagne.fr/mentions-legales,,Local,,15/02/2026,"46 068,00",,,
https://www.location-bateau-marseillan.com/mentions-legales,,Local,,15/02/2026,"46 068,00",,,
https://www.sellerie-equinox.fr/mentions-legales,,Local,,15/02/2026,"46 068,00",,,
https://www.leprecigalou.fr/mentions-legales,,Local,,15/02/2026,"46 068,00",,,
https://www.lacasanostra-34.fr/mentions-legales,,Local,,15/02/2026,"46 068,00",,,
https://www.anne-de-bretagne.com/mentions-legales,,Local,,15/02/2026,"46 068,00",,,
https://www.stephanemorin-gestalt.fr/mentions-legales,,Local,,15/02/2026,"46 068,00",,,
https://choosemycompany.com/fr/avis-certifies/160015.local-fr/salaries,,Local,,15/02/2026,"46 068,00",,,
https://www.toucyautomobiles.fr/mentions-legales,,Local,,15/02/2026,"46 068,00",,,
https://www.ajcfishing.fr/mentions-legales,,Local,,15/02/2026,"46 068,00",,,
https://www.renaultcintegabelle-31.com/mentions-legales,,Local,,15/02/2026,"46 068,00",,,
https://www.aux-delices-sanilhacois.fr/mentions-legales,,Local,,15/02/2026,"46 068,00",,,
https://www.lafermedesfillesdacote.fr/fr/boutique/sirops-de-plantes-bio-1,,Local,,15/02/2026,"46 068,00",,,
https://www.mdsm.fr/mentions-legales,,Local,,15/02/2026,"46 068,00",,,
https://www.barrauetfils.fr/mentions-legales,,Local,,15/02/2026,"46 068,00",,,
https://www.unionbienetre.com/mentions-legales,,Local,,15/02/2026,"46 068,00",,,
https://www.lauberge-sete.fr/mentions-legales,,Local,,15/02/2026,"46 068,00",,,
https://www.renovation-habitat-guerdener.fr/mentions-legales,,Local,,15/02/2026,"46 068,00",,,
https://www.gihda-berkane-naturopathe.fr/mentions-legales,,Local,,15/02/2026,"46 068,00",,,
https://www.dpaies.fr/mentions-legales,,Local,,15/02/2026,"46 068,00",,,
https://www.bel-air-depot-vente.fr/mentions-legales,,Local,,15/02/2026,"46 068,00",,,
https://www.rose-boheme.fr/mentions-legales,,Local,,15/02/2026,"46 068,00",,,
https://www.controlersoncorps.com/mentions-legales,,Local,,15/02/2026,"46 068,00",,,
https://www.castel-services-nettoyage.fr/mentions-legales,,Local,,15/02/2026,"46 068,00",,,
https://www.marouannettoyage.fr/mentions-legales,,Local,,15/02/2026,"46 068,00",,,
https://www.carrosserie-broux.fr/mentions-legales,,Local,,15/02/2026,"46 068,00",,,
https://www.sonho-zen.fr/mentions-legales,,Local,,15/02/2026,"46 068,00",,,
https://www.felizitasandco.fr/mentions-legales,,Local,,15/02/2026,"46 068,00",,,
https://www.audebert.fr/fr,,Local,,15/02/2026,"46 068,00",,,
https://www.cave-a-bieres-saint-jorioz.fr/mentions-legales,,Local,,15/02/2026,"46 068,00",,,
https://www.solution-electrique.fr/mentions-legales,,Local,,15/02/2026,"46 068,00",,,
https://www.restaurant-lebourdigou.fr/mentions-legales,,Local,,15/02/2026,"46 068,00",,,
http://www.startmeinweb.de/mix/inepage-perso,,Local,,15/02/2026,"46 068,00",,,
https://www.scool-conduite-16.fr/mentions-legales,,Local,,15/02/2026,"46 068,00",,,
https://www.2mc2photographie.fr/mentions-legales,,Local,,15/02/2026,"46 068,00",,,
https://www.logicielmac.com/logiciel/annuaire-inverse-4612.html,,Local,,15/02/2026,"46 068,00",,,
https://www.creationspellat.fr/mentions-legales,,Local,,15/02/2026,"46 068,00",,,
https://www.atoutbois-31.com/mentions-legales,,Local,,15/02/2026,"46 068,00",,,
https://www.lesjardinsdupiffou.fr/mentions-legales,,Local,,15/02/2026,"46 068,00",,,
https://www.aux-gouts-dantan.fr/mentions-legales,,Local,,15/02/2026,"46 068,00",,,
https://www.blondel-traiteur.fr/mentions-legales,,Local,,15/02/2026,"46 068,00",,,
https://www.oiesdupech-dordogne-vente-24.fr/fr,,Local,,15/02/2026,"46 068,00",,,
https://www.lesjardinsinterieurs.com/mentions-legales,,Local,,15/02/2026,"46 068,00",,,
https://www.gal-construction.fr/mentions-legales,,Local,,15/02/2026,"46 068,00",,,
https://www.osteopathe-benard.fr/mentions-legales,,Local,,15/02/2026,"46 068,00",,,
https://www.coud-geune.fr/mentions-legales,,Local,,15/02/2026,"46 068,00",,,
https://www.evolufit-lannemezan.fr/mentions-legales,,Local,,15/02/2026,"46 068,00",,,
https://www.instinctpaysage-gauvrit.fr/mentions-legales,,Local,,15/02/2026,"46 068,00",,,
https://www.spm-depannage.fr/mentions-legales,,Local,,15/02/2026,"46 068,00",,,
https://www.asmanutention.fr/mentions-legales,,Local,,15/02/2026,"46 068,00",,,
https://www.amenagement-du-particulier.fr/mentions-legales,,Local,,15/02/2026,"46 068,00",,,
https://www.veref.fr/mentions-legales,,Local,,15/02/2026,"46 068,00",,,
https://www.lepiceriedelinstant.fr/fr,,Local,,15/02/2026,"46 068,00",,,
https://www.umcheirinhodeportugal.fr/mentions-legales,,Local,,15/02/2026,"46 068,00",,,
https://www.domaine-ancely-minervois-34.fr/mentions-legales,,Local,,15/02/2026,"46 068,00",,,
https://www.cuisin-studio.com/mentions-legales,,Local,,15/02/2026,"46 068,00",,,
https://www.belleadomicile-var.fr/mentions-legales,,Local,,15/02/2026,"46 068,00",,,
https://www.lg-prod.fr/mentions-legales,,Local,,15/02/2026,"46 068,00",,,
https://www.boulangerie-au-petit-bonheur.fr/mentions-legales,,Local,,15/02/2026,"46 068,00",,,
https://www.la-gruzardiere.fr/mentions-legales,,Local,,15/02/2026,"46 068,00",,,
https://www.fidelesakitaken.com/mentions-legales,,Local,,15/02/2026,"46 068,00",,,
https://www.elevage-dombry.fr/mentions-legales,,Local,,15/02/2026,"46 068,00",,,
https://www.cheyresy-fastout.com/mentions-legales,,Local,,15/02/2026,"46 068,00",,,
https://www.psychosophiedoxat.com/mentions-legales,,Local,,15/02/2026,"46 068,00",,,
https://www.lemiams81.fr/mentions-legales,,Local,,15/02/2026,"46 068,00",,,
https://www.ballonscomtoisevasion.fr/mentions-legales,,Local,,15/02/2026,"46 068,00",,,
https://www.chezkiki.fr/mentions-legales,,Local,,15/02/2026,"46 068,00",,,
https://www.dsc-associes.fr/mentions-legales,,Local,,15/02/2026,"46 068,00",,,
https://www.unangealapeaudouce.fr/mentions-legales,,Local,,15/02/2026,"46 068,00",,,
https://www.reduire-vos-impots43.fr/mentions-legales,,Local,,15/02/2026,"46 068,00",,,
https://www.la-barque.fr/mentions-legales,,Local,,15/02/2026,"46 068,00",,,
https://www.renovation-multiservices.fr/mentions-legales,,Local,,15/02/2026,"46 068,00",,,
https://www.clairette-de-die-truchefaud.fr/mentions-legales,,Local,,15/02/2026,"46 068,00",,,
https://www.loic-lheureux-osteopathe.fr/mentions-legales,,Local,,15/02/2026,"46 068,00",,,
https://www.restaurant-oustaou.fr/mentions-legales,,Local,,15/02/2026,"46 068,00",,,
https://www.avenir-fermetures.fr/mentions-legales,,Local,,15/02/2026,"46 068,00",,,
https://www.boisdefer.fr/mentions-legales,,Local,,15/02/2026,"46 068,00",,,
https://www.snack-istanbul.fr/mentions-legales,,Local,,15/02/2026,"46 068,00",,,
https://www.ecole-chrysalides-limoges.fr/mentions-legales,,Local,,15/02/2026,"46 068,00",,,
https://www.restaurant-auvieuxpont.fr/mentions-legales,,Local,,15/02/2026,"46 068,00",,,
http://addurls.co.uk/the_worlds_most_visited_web_pages_67/,,Local,,15/02/2026,"46 068,00",,,
https://www.ferme-saint-ulrich.fr/mentions-legales,,Local,,15/02/2026,"46 068,00",,,
http://www.submitlink.co/the_worlds_most_visited_web_pages_67/,,Local,,15/02/2026,"46 068,00",,,
https://www.chatperche-occitanie.fr/mentions-legales,,Local,,15/02/2026,"46 068,00",,,
https://www.cucine.fr/mentions-legales,,Local,,15/02/2026,"46 068,00",,,
https://www.techcars.fr/mentions-legales,,Local,,15/02/2026,"46 068,00",,,
https://www.tp-ridereau.com/mentions-legales,,Local,,15/02/2026,"46 068,00",,,
https://www.sun-bar-restau-pizza.fr/mentions-legales,,Local,,15/02/2026,"46 068,00",,,
https://www.bati-alpes74.fr/mentions-legales,,Local,,15/02/2026,"46 068,00",,,
http://le-chaudron-menton.fr/mentions-legales,,Local,,15/02/2026,"46 068,00",,,
https://www.damecarcas.com/mentions-legales,,Local,,15/02/2026,"46 068,00",,,
https://www.ecuriecampagneblanche.fr/mentions-legales,,Local,,15/02/2026,"46 068,00",,,
https://www.les-delices-du-sud-epicerie-fine.fr/mentions-legales,,Local,,15/02/2026,"46 068,00",,,
https://www.amata-traiteur-thailandais.fr/mentions-legales,,Local,,15/02/2026,"46 068,00",,,
https://www.taxi-3-vallees.fr/mentions-legales,,Local,,15/02/2026,"46 068,00",,,
https://www.bettyco.fr/mentions-legales,,Local,,15/02/2026,"46 068,00",,,
https://www.mezencloisirs.fr/mentions-legales,,Local,,15/02/2026,"46 068,00",,,
https://www.gon-elec.fr/mentions-legales,,Local,,15/02/2026,"46 068,00",,,
https://www.magnetisme-soins-energetiques-gers.fr/mentions-legales,,Local,,15/02/2026,"46 068,00",,,
https://www.lenamax-habitat-37.fr/mentions-legales,,Local,,15/02/2026,"46 068,00",,,
https://www.lesfromagersdugrandsudouest.fr/mentions-legales,,Local,,15/02/2026,"46 068,00",,,
https://www.emiliabousquet.fr/fr,,Local,,15/02/2026,"46 068,00",,,
https://www.wiizl.com/local.fr,,Local,,15/02/2026,"46 068,00",,,
https://www.lecabasdesteph.fr/mentions-legales,,Local,,15/02/2026,"46 068,00",,,
https://www.lestudiobysabine.fr/mentions-legales,,Local,,15/02/2026,"46 068,00",,,
https://www.amale-bai-iche-coaching.fr/mentions-legales,,Local,,15/02/2026,"46 068,00",,,
https://www.vizehome.fr/mentions-legales,,Local,,15/02/2026,"46 068,00",,,
https://www.jabeprode.fr/fr,,Local,,15/02/2026,"46 068,00",,,
https://www.manjocreation.fr/fr,,Local,,15/02/2026,"46 068,00",,,
https://platform.appyourself.com/sitecontroller/14421/fr/c-frelon-asiatique/luttez-contre-le-frelon-asiatique-avec-les-dispositifs-de-prevention-ecologiques-jabeprode-16758?mode=preview&btag=5&color=1&withoutCfEdit=1,,Local,,15/02/2026,"46 068,00",,,
https://www.es-it.fr/mentions-legales,,Local,,15/02/2026,"46 068,00",,,
https://www.sud-paysages.com/mentions-legales,,Local,,15/02/2026,"46 068,00",,,
https://www.centre-equestre-ethologique.fr/mentions-legales,,Local,,15/02/2026,"46 068,00",,,
https://www.lacuisinedusoleil.fr/mentions-legales,,Local,,15/02/2026,"46 068,00",,,
https://www.lafermedescabanettes.fr/mentions-legales,,Local,,15/02/2026,"46 068,00",,,
https://www.staff-n-co-05.fr/mentions-legales,,Local,,15/02/2026,"46 068,00",,,
https://www.le-moulin-de-saint-pierre.com/fr,,Local,,15/02/2026,"46 068,00",,,
https://www.piscine-service-2a.com/mentions-legales,,Local,,15/02/2026,"46 068,00",,,
https://www.jnovelec.fr/mentions-legales,,Local,,15/02/2026,"46 068,00",,,
https://www.le-rich-bar.fr/mentions-legales,,Local,,15/02/2026,"46 068,00",,,
https://www.eproelec.fr/mentions-legales,,Local,,15/02/2026,"46 068,00",,,
https://www.kevintp.fr/mentions-legales,,Local,,15/02/2026,"46 068,00",,,
https://www.aufildeladegustation.com/fr,,Local,,15/02/2026,"46 068,00",,,
https://www.automecanissart.fr/mentions-legales,,Local,,15/02/2026,"46 068,00",,,
https://www.saadiboissons.fr/mentions-legales,,Local,,15/02/2026,"46 068,00",,,
https://www.repair-nimes.fr/mentions-legales,,Local,,15/02/2026,"46 068,00",,,
https://www.sas-modern-home.fr/mentions-legales,,Local,,15/02/2026,"46 068,00",,,
https://www.chateaulathebaide.com/fr,,Local,,15/02/2026,"46 068,00",,,
https://www.suppot-de-safran.fr/mentions-legales,,Local,,15/02/2026,"46 068,00",,,
https://www.atelier-gt-moto.fr/mentions-legales,,Local,,15/02/2026,"46 068,00",,,
https://www.traiteur-brest-29.com/mentions-legales,,Local,,15/02/2026,"46 068,00",,,
https://www.therapies-chrysalide.com/mentions-legales,,Local,,15/02/2026,"46 068,00",,,
https://www.argelesvelos.fr/mentions-legales,,Local,,15/02/2026,"46 068,00",,,
https://www.chezmarraine.fr/mentions-legales,,Local,,15/02/2026,"46 068,00",,,
http://annuaire.unicornis.fr/index.php?do=recherche&seek=top annu&start=60,,Local,,15/02/2026,"46 068,00",,,
https://www.hotel-cesario.fr/mentions-legales,,Local,,15/02/2026,"46 068,00",,,
https://www.les-jardins-de-carla.fr/mentions-legales,,Local,,15/02/2026,"46 068,00",,,
https://www.il-vicoletto.fr/mentions-legales,,Local,,15/02/2026,"46 068,00",,,
https://www.horizondecoreno.fr/mentions-legales,,Local,,15/02/2026,"46 068,00",,,
https://www.sowonderful.fr/mentions-legales,,Local,,15/02/2026,"46 068,00",,,
https://www.archeoviuz.fr/fr/s_116_liens.php,,Local,,15/02/2026,"46 068,00",,,
https://www.boucheriedesocres-84.fr/mentions-legales,,Local,,15/02/2026,"46 068,00",,,
https://www.restaur-real-auto.fr/mentions-legales,,Local,,15/02/2026,"46 068,00",,,
https://www.docsmartphone-82.fr/mentions-legales,,Local,,15/02/2026,"46 068,00",,,
https://www.lamaisondelicone.fr/mentions-legales,,Local,,15/02/2026,"46 068,00",,,
https://www.cosyerlann.fr/mentions-legales,,Local,,15/02/2026,"46 068,00",,,
https://www.buffetsaveurs.fr/mentions-legales,,Local,,15/02/2026,"46 068,00",,,
https://www.auberge-distillerie-25.fr/mentions-legales,,Local,,15/02/2026,"46 068,00",,,
https://www.boucherie-dar-louhoum.fr/mentions-legales,,Local,,15/02/2026,"46 068,00",,,
https://www.lantichambredessecrets.fr/mentions-legales,,Local,,15/02/2026,"46 068,00",,,
https://www.multiservicesconstructions.fr/mentions-legales,,Local,,15/02/2026,"46 068,00",,,
https://www.erami-corse.com/mentions-legales,,Local,,15/02/2026,"46 068,00",,,
https://www.ecuriesdeslauzieres.fr/mentions-legales,,Local,,15/02/2026,"46 068,00",,,
https://www.plombier-chauffagiste-lalloz.fr/mentions-legales,,Local,,15/02/2026,"46 068,00",,,
https://www.ubc-restaurant-jura.fr/mentions-legales,,Local,,15/02/2026,"46 068,00",,,
https://www.mitchtaxi.fr/mentions-legales,,Local,,15/02/2026,"46 068,00",,,
https://www.macabinedeplage.fr/mentions-legales,,Local,,15/02/2026,"46 068,00",,,
https://www.avis-verifies.com/avis-clients/local.fr,,Local,,15/02/2026,"46 068,00",,,
https://www.domaine-saint-joly.com/mentions-legales,,Local,,15/02/2026,"46 068,00",,,
https://www.nemauzik.fr/mentions-legales,,Local,,15/02/2026,"46 068,00",,,
https://tanews.us/top-unified-communications-companies-and-startups-in-france-2021/,,Local,,15/02/2026,"46 068,00",,,
https://www.falcopeinture.com/mentions-legales,,Local,,15/02/2026,"46 068,00",,,
https://www.lecapriccio.fr/mentions-legales,,Local,,15/02/2026,"46 068,00",,,
https://www.brasseriecoeurdechartreuse.fr/mentions-legales,,Local,,15/02/2026,"46 068,00",,,
https://www.lamaisondesartisans.fr/mentions-legales,,Local,,15/02/2026,"46 068,00",,,
https://www.g-services-paysage.fr/mentions-legales,,Local,,15/02/2026,"46 068,00",,,
https://www.jeunesagriculteurs24.fr/mentions-legales,,Local,,15/02/2026,"46 068,00",,,
https://www.domainedubourgdoiseau.fr/mentions-legales,,Local,,15/02/2026,"46 068,00",,,
https://www.lesalten.fr/mentions-legales,,Local,,15/02/2026,"46 068,00",,,
https://www.armurerieandre.com/mentions-legales,,Local,,15/02/2026,"46 068,00",,,
https://www.allee-des-peupliers.fr/mentions-legales,,Local,,15/02/2026,"46 068,00",,,
https://www.leeloubistrot.com/mentions-legales,,Local,,15/02/2026,"46 068,00",,,
https://www.mangeretcie.fr/mentions-legales,,Local,,15/02/2026,"46 068,00",,,
https://www.corsicasunboat.fr/mentions-legales,,Local,,15/02/2026,"46 068,00",,,
https://www.azrenovation.fr/mentions-legales,,Local,,15/02/2026,"46 068,00",,,
https://fr.webd.top/tlcategory/reference/page/3/,,Local,,15/02/2026,"46 068,00",,,
https://www.azurhotel-balaruc.fr/mentions-legales,,Local,,15/02/2026,"46 068,00",,,
https://www.le9oplat-33.fr/mentions-legales,,Local,,15/02/2026,"46 068,00",,,
https://www.auto-ecole-cfp-molsheim.fr/mentions-legales,,Local,,15/02/2026,"46 068,00",,,
https://www.lebistroquet-rodez.com/mentions-legales,,Local,,15/02/2026,"46 068,00",,,
https://www.untempspoursoi06.fr/mentions-legales,,Local,,15/02/2026,"46 068,00",,,
https://www.affut-et-compagnie-44.fr/mentions-legales,,Local,,15/02/2026,"46 068,00",,,
https://www.savonbullededouceur.fr/fr,,Local,,15/02/2026,"46 068,00",,,
https://www.ipek-materiaux.fr/mentions-legales,,Local,,15/02/2026,"46 068,00",,,
https://www.gaec-brettevieille.fr/fr,,Local,,15/02/2026,"46 068,00",,,
https://www.bruno-knipping-producteur.fr/mentions-legales,,Local,,15/02/2026,"46 068,00",,,
https://www.roja-fishing.fr/mentions-legales,,Local,,15/02/2026,"46 068,00",,,
http://voyantesoteris2019.unblog.fr/2019/05/19/grand-marabout-africain/,,Local,,15/02/2026,"46 068,00",,,
https://www.lestruitesdesrivieres.fr/fr,,Local,,15/02/2026,"46 068,00",,,
https://www.restaurant-linstant-gourmand-ardeche.fr/mentions-legales,,Local,,15/02/2026,"46 068,00",,,
https://www.snack-le-rendez-vous.fr/mentions-legales,,Local,,15/02/2026,"46 068,00",,,
https://www.coeur-de-chevre-04.fr/mentions-legales,,Local,,15/02/2026,"46 068,00",,,
https://www.rivierasquash-wildcard.fr/mentions-legales,,Local,,15/02/2026,"46 068,00",,,
https://www.lamaisondupain-messac.fr/fr,,Local,,15/02/2026,"46 068,00",,,
http://amandine-incognito.fr/annuaires-referencement/annuaires-des-particuliers-gratuit.htm,,Local,,15/02/2026,"46 068,00",,,
https://www.lessaveursdegeorgette-67.fr/mentions-legales,,Local,,15/02/2026,"46 068,00",,,
https://www.tchanqueservice.com/mentions-legales,,Local,,15/02/2026,"46 068,00",,,
https://www.bati-tek.fr/mentions-legales,,Local,,15/02/2026,"46 068,00",,,
https://www.crae-hyeres.com/mentions-legales,,Local,,15/02/2026,"46 068,00",,,
https://www.stan-auto.fr/mentions-legales/,,Local,,15/02/2026,"46 068,00",,,
https://www.lacremaillere-restaurant-dordogne.fr/mentions-legales,,Local,,15/02/2026,"46 068,00",,,
https://www.scandolamarine.fr/mentions-legales,,Local,,15/02/2026,"46 068,00",,,
https://www.chambres-dhotes-paca-chez-manou.fr/mentions-legales,,Local,,15/02/2026,"46 068,00",,,
https://www.restaurantlechtibourguignon.fr/mentions-legales,,Local,,15/02/2026,"46 068,00",,,
https://www.lethirognon.fr/mentions-legales,,Local,,15/02/2026,"46 068,00",,,
https://www.entre13et15.fr/mentions-legales,,Local,,15/02/2026,"46 068,00",,,
https://www.sparkfight-kickboxing.fr/mentions-legales,,Local,,15/02/2026,"46 068,00",,,
https://www.multifacettes.fr/mentions-legales,,Local,,15/02/2026,"46 068,00",,,
https://www.deejay-animations-52.fr/mentions-legales,,Local,,15/02/2026,"46 068,00",,,
https://www.vignoble-sceafjobet.com/mentions-legales,,Local,,15/02/2026,"46 068,00",,,
https://www.la-mathilde.fr/mentions-legales,,Local,,15/02/2026,"46 068,00",,,
https://www.glosscoiffure.fr/mentions-legales,,Local,,15/02/2026,"46 068,00",,,
https://www.coup-d-phil-plomberie.fr/mentions-legales,,Local,,15/02/2026,"46 068,00",,,
https://www.letal-du-boucher.fr/mentions-legales,,Local,,15/02/2026,"46 068,00",,,
https://www.restaurant-le-sanglier.fr/mentions-legales,,Local,,15/02/2026,"46 068,00",,,
https://www.mgea.fr/mentions-legales,,Local,,15/02/2026,"46 068,00",,,
https://www.africamusso.fr/mentions-legales,,Local,,15/02/2026,"46 068,00",,,
https://www.cabinet-infirmier-70.fr/mentions-legales,,Local,,15/02/2026,"46 068,00",,,
https://www.lafferriere-psychologue.fr/mentions-legales,,Local,,15/02/2026,"46 068,00",,,
https://www.gscar.fr/mentions-legales,,Local,,15/02/2026,"46 068,00",,,
https://www.clarte-entreprise.fr/mentions-legales,,Local,,15/02/2026,"46 068,00",,,
https://www.io-peinture-oleron.fr/mentions-legales,,Local,,15/02/2026,"46 068,00",,,
https://www.aubergedulacdubourdon.fr/fr,,Local,,15/02/2026,"46 068,00",,,
https://www.apianella.fr/mentions-legales,,Local,,15/02/2026,"46 068,00",,,
https://www.wolfmovement.fr/fr,,Local,,15/02/2026,"46 068,00",,,
https://www.h2o-proprete.com/mentions-legales,,Local,,15/02/2026,"46 068,00",,,
https://www.pension-chevaux-65.com/mentions-legales,,Local,,15/02/2026,"46 068,00",,,
https://www.hotelrestaurantdelondres.fr/mentions-legales,,Local,,15/02/2026,"46 068,00",,,
https://www.boulangerie-patisserie-sautron.fr/mentions-legales,,Local,,15/02/2026,"46 068,00",,,
https://www.elevagedelasourceauxbecasse.fr/mentions-legales,,Local,,15/02/2026,"46 068,00",,,
https://www.jnox85.fr/mentions-legales,,Local,,15/02/2026,"46 068,00",,,
https://www.nectart-fleurs.com/fr,,Local,,15/02/2026,"46 068,00",,,
https://www.soforest.fr/mentions-legales,,Local,,15/02/2026,"46 068,00",,,
https://www.amp-aunis.fr/mentions-legales,,Local,,15/02/2026,"46 068,00",,,
https://www.hilaryfehr.com/fr,,Local,,15/02/2026,"46 068,00",,,
https://www.boutique-lespetitsprinces.fr/fr,,Local,,15/02/2026,"46 068,00",,,
https://www.mondial-marbre.com/mentions-legales,,Local,,15/02/2026,"46 068,00",,,
https://www.camping-olva.com/mentions-legales,,Local,,15/02/2026,"46 068,00",,,
https://www.lascu-paraschiv.com/mentions-legales,,Local,,15/02/2026,"46 068,00",,,
https://www.king-mobile.fr/mentions-legales,,Local,,15/02/2026,"46 068,00",,,
https://www.taxi8laciotat.com/mentions-legales,,Local,,15/02/2026,"46 068,00",,,
https://www.aix-gold-tmt.fr/mentions-legales,,Local,,15/02/2026,"46 068,00",,,
https://www.monpressing54.fr/mentions-legales,,Local,,15/02/2026,"46 068,00",,,
https://www.seradom-17.fr/mentions-legales,,Local,,15/02/2026,"46 068,00",,,
https://www.masseur-kinesitherapeute-gordo-antonio.fr/mentions-legales,,Local,,15/02/2026,"46 068,00",,,
https://www.game-4me.fr/fr,,Local,,15/02/2026,"46 068,00",,,
https://www.chezpierrot-traiteur.fr/mentions-legales,,Local,,15/02/2026,"46 068,00",,,
https://www.lolo-piercing.fr/mentions-legales,,Local,,15/02/2026,"46 068,00",,,
https://www.tellows.nl/c/help-fr/recherche-inverse/?num=0103122201,,Local,,15/02/2026,"46 068,00",,,
https://www.lamargottiere.com/mentions-legales,,Local,,15/02/2026,"46 068,00",,,
https://www.s3e-energie.fr/mentions-legales,,Local,,15/02/2026,"46 068,00",,,
https://www.ag-cuisinesetbains.fr/mentions-legales,,Local,,15/02/2026,"46 068,00",,,
https://www.lesporcsnoirsdelaplanche.fr/mentions-legales,,Local,,15/02/2026,"46 068,00",,,
https://www.lepalomino-camargue-13.fr/mentions-legales,,Local,,15/02/2026,"46 068,00",,,
https://www.yannickbienvenu-isolationpeinture.fr/mentions-legales,,Local,,15/02/2026,"46 068,00",,,
https://www.domaine-saintjoly11.com/mentions-legales,,Local,,15/02/2026,"46 068,00",,,
https://www.restaurantgrillstgermain.fr/mentions-legales,,Local,,15/02/2026,"46 068,00",,,
https://www.theofleurs.fr/mentions-legales,,Local,,15/02/2026,"46 068,00",,,
https://www.lesquillesdesaintmartial.fr/mentions-legales,,Local,,15/02/2026,"46 068,00",,,
https://www.agl-renov-29.fr/mentions-legales,,Local,,15/02/2026,"46 068,00",,,
https://www.ferrerorucher.fr/mentions-legales,,Local,,15/02/2026,"46 068,00",,,
https://www.debarras-marseille-aix.fr/mentions-legales,,Local,,15/02/2026,"46 068,00",,,
https://www.les-ecuries-du-bonheur.fr/mentions-legales,,Local,,15/02/2026,"46 068,00",,,
https://www.gitedehautepierre.fr/mentions-legales,,Local,,15/02/2026,"46 068,00",,,
https://www.winkart-11.fr/mentions-legales,,Local,,15/02/2026,"46 068,00",,,
https://www.moustiersbikeservices.com/mentions-legales,,Local,,15/02/2026,"46 068,00",,,
https://www.morvanbio.fr/fr,,Local,,15/02/2026,"46 068,00",,,
https://www.lelangoustier.com/fr,,Local,,15/02/2026,"46 068,00",,,
https://www.lecochondoudon.fr/fr/boutique/autres-produits-1,,Local,,15/02/2026,"46 068,00",,,
https://www.dorotheegomez.fr/mentions-legales,,Local,,15/02/2026,"46 068,00",,,
https://www.le-cafe-de-la-fontaine.fr/mentions-legales,,Local,,15/02/2026,"46 068,00",,,
https://www.siradex.fr/mentions-legales,,Local,,15/02/2026,"46 068,00",,,
https://www.envolcreation.com/fr,,Local,,15/02/2026,"46 068,00",,,
https://www.gaec-baratons.fr/mentions-legales,,Local,,15/02/2026,"46 068,00",,,
https://www.sv-garage.fr/mentions-legales,,Local,,15/02/2026,"46 068,00",,,
https://www.bowlingstriker-57.com/mentions-legales,,Local,,15/02/2026,"46 068,00",,,
https://www.golfdescharmilles.fr/mentions-legales,,Local,,15/02/2026,"46 068,00",,,
https://www.aa-tp-terrassement.fr/mentions-legales,,Local,,15/02/2026,"46 068,00",,,
https://www.765barberstreet.fr/mentions-legales,,Local,,15/02/2026,"46 068,00",,,
https://www.aux-delices-de-dady.fr/fr,,Local,,15/02/2026,"46 068,00",,,
https://www.oplatot.fr/mentions-legales,,Local,,15/02/2026,"46 068,00",,,
https://www.forestiere-chablaisienne.fr/mentions-legales,,Local,,15/02/2026,"46 068,00",,,
https://www.auberge-du-centre.fr/mentions-legales,,Local,,15/02/2026,"46 068,00",,,
https://www.saspoupin.fr/mentions-legales,,Local,,15/02/2026,"46 068,00",,,
https://www.tertiaireandcom24.com/mentions-legales,,Local,,15/02/2026,"46 068,00",,,
https://www.groupebp-coiffure.fr/mentions-legales,,Local,,15/02/2026,"46 068,00",,,
https://www.dragon-nuage.com/mentions-legales,,Local,,15/02/2026,"46 068,00",,,
https://www.smart-electro-domotique-electricite.fr/mentions-legales,,Local,,15/02/2026,"46 068,00",,,
https://www.ecube-electricite.fr/mentions-legales,,Local,,15/02/2026,"46 068,00",,,
https://www.snack-crockandco.fr/mentions-legales,,Local,,15/02/2026,"46 068,00",,,
https://www.la-terrasse-de-lautize.fr/mentions-legales,,Local,,15/02/2026,"46 068,00",,,
https://www.domainelareverie.com/mentions-legales,,Local,,15/02/2026,"46 068,00",,,
https://www.ferme-heckmann-bio-67.fr/mentions-legales,,Local,,15/02/2026,"46 068,00",,,
https://www.labricotte-metabief.fr/mentions-legales,,Local,,15/02/2026,"46 068,00",,,
https://www.lalbatros-restaurant-stbriac.fr/mentions-legales,,Local,,15/02/2026,"46 068,00",,,
https://www.coeur-d-eden.fr/mentions-legales,,Local,,15/02/2026,"46 068,00",,,
https://www.pascalroche.fr/mentions-legales,,Local,,15/02/2026,"46 068,00",,,
https://www.lapierre.pro/mentions-legales,,Local,,15/02/2026,"46 068,00",,,
https://www.gf-auto.fr/mentions-legales,,Local,,15/02/2026,"46 068,00",,,
https://www.uparadisu-20.com/mentions-legales,,Local,,15/02/2026,"46 068,00",,,
https://www.yannick-pepe-coiffeuse-domicile.fr/mentions-legales,,Local,,15/02/2026,"46 068,00",,,
https://www.lara-dieteticienne-25.fr/mentions-legales,,Local,,15/02/2026,"46 068,00",,,
https://forum.mmzstatic.com/sujets/agenda-des-sorties-lyon.63712/page-2,,Local,,15/02/2026,"46 068,00",,,
https://www.secure-life.fr/mentions-legales,,Local,,15/02/2026,"46 068,00",,,
https://www.la-chouette-tricheuse.fr/mentions-legales,,Local,,15/02/2026,"46 068,00",,,
https://www.kmmenuiserie.fr/mentions-legales,,Local,,15/02/2026,"46 068,00",,,
https://www.marrons-aveyron.com/mentions-legales,,Local,,15/02/2026,"46 068,00",,,
https://www.lunoptic-69.fr/mentions-legales,,Local,,15/02/2026,"46 068,00",,,
https://www.naturopathehautecorse.fr/mentions-legales,,Local,,15/02/2026,"46 068,00",,,
https://www.ls-construction.fr/mentions-legales,,Local,,15/02/2026,"46 068,00",,,
https://www.croco-kid.com/mentions-legales,,Local,,15/02/2026,"46 068,00",,,
https://www.marchandsdicietdailleurs.fr/mentions-legales,,Local,,15/02/2026,"46 068,00",,,
https://www.entre-vignes-et-dentelles.com/mentions-legales,,Local,,15/02/2026,"46 068,00",,,
https://www.imagine-ventoux-luberon.fr/mentions-legales,,Local,,15/02/2026,"46 068,00",,,
https://www.lincrepide-creperie-24.fr/mentions-legales,,Local,,15/02/2026,"46 068,00",,,
https://www.amery.fr/mentions-legales/,,Local,,15/02/2026,"46 068,00",,,
https://www.monteze-paradis.fr/mentions-legales,,Local,,15/02/2026,"46 068,00",,,
https://www.shunka-wakan.fr/mentions-legales,,Local,,15/02/2026,"46 068,00",,,
https://www.theenglishman-coiffeur-barbier.fr/mentions-legales,,Local,,15/02/2026,"46 068,00",,,
https://www.the-can-net-reparation.fr/mentions-legales,,Local,,15/02/2026,"46 068,00",,,
https://www.nautica-loisirs.com/mentions-legales,,Local,,15/02/2026,"46 068,00",,,
https://www.trainingcenter-epinal.fr/mentions-legales,,Local,,15/02/2026,"46 068,00",,,
https://www.obsessionsculinaires.fr/mentions-legales,,Local,,15/02/2026,"46 068,00",,,
https://www.drivervip.fr/mentions-legales,,Local,,15/02/2026,"46 068,00",,,
https://www.massage-sonore-49.fr/mentions-legales,,Local,,15/02/2026,"46 068,00",,,
https://www.hairmenbarber.fr/mentions-legales,,Local,,15/02/2026,"46 068,00",,,
https://www.restaurant-lesmarronniers-01.fr/mentions-legales,,Local,,15/02/2026,"46 068,00",,,
https://www.ppsculpture-objetsdart.fr/mentions-legales,,Local,,15/02/2026,"46 068,00",,,
https://www.bien-etreenergetique.fr/mentions-legales,,Local,,15/02/2026,"46 068,00",,,
https://www.coiffeur-barbier-bordeaux-victoire.fr/mentions-legales,,Local,,15/02/2026,"46 068,00",,,
https://www.lessaveursduportugal2a.fr/mentions-legales,,Local,,15/02/2026,"46 068,00",,,
https://www.jbpaysage.fr/mentions-legales,,Local,,15/02/2026,"46 068,00",,,
https://www.sanlorenzo-bar-pizzeria.fr/mentions-legales,,Local,,15/02/2026,"46 068,00",,,
https://www.profil-bois-49.fr/mentions-legales,,Local,,15/02/2026,"46 068,00",,,
https://www.du-domaine-dhyrule.com/mentions-legales,,Local,,15/02/2026,"46 068,00",,,
https://www.chateau-archambeau.fr/mentions-legales,,Local,,15/02/2026,"46 068,00",,,
https://www.bcp-17.fr/mentions-legales,,Local,,15/02/2026,"46 068,00",,,
https://www.serigraf-cognac.fr/mentions-legales,,Local,,15/02/2026,"46 068,00",,,
https://www.chateau-de-villeclare.com/mentions-legales,,Local,,15/02/2026,"46 068,00",,,
https://www.pompes-aspic-pichonneau.com/mentions-legales,,Local,,15/02/2026,"46 068,00",,,
https://www.j-michel-campo.fr/mentions-legales,,Local,,15/02/2026,"46 068,00",,,
https://www.yvon-usinage.fr/mentions-legales,,Local,,15/02/2026,"46 068,00",,,
https://www.bourget-couverture.fr/mentions-legales,,Local,,15/02/2026,"46 068,00",,,
https://www.k-lity-peinture.fr/mentions-legales,,Local,,15/02/2026,"46 068,00",,,
https://www.mbbullycamp.fr/mentions-legales,,Local,,15/02/2026,"46 068,00",,,
https://www.centre-equestre-lypsos.fr/mentions-legales,,Local,,15/02/2026,"46 068,00",,,
https://www.lecaprice-desneiges.fr/mentions-legales,,Local,,15/02/2026,"46 068,00",,,
https://www.bistrot-du-pont.fr/mentions-legales,,Local,,15/02/2026,"46 068,00",,,
https://www.le-lien47.fr/mentions-legales,,Local,,15/02/2026,"46 068,00",,,
https://www.saubusse-thermes.eu/mentions-legales,,Local,,15/02/2026,"46 068,00",,,
https://www.garage-vallee-herault.com/fr,,Local,,15/02/2026,"46 068,00",,,
https://www.conciergerie-du-haut-jura.fr/mentions-legales,,Local,,15/02/2026,"46 068,00",,,
https://www.servicespluscars-54.fr/mentions-legales,,Local,,15/02/2026,"46 068,00",,,
https://www.humblot-elec17.fr/mentions-legales,,Local,,15/02/2026,"46 068,00",,,
https://www.carolineberthoux.com/mentions-legales,,Local,,15/02/2026,"46 068,00",,,
https://www.ranchdurevest.fr/mentions-legales,,Local,,15/02/2026,"46 068,00",,,
https://www.beuffre-maconnerie.fr/mentions-legales,,Local,,15/02/2026,"46 068,00",,,
https://www.lethymsel.fr/fr,,Local,,15/02/2026,"46 068,00",,,
https://www.eouve-vin-bio.fr/fr,,Local,,15/02/2026,"46 068,00",,,
https://www.lesfontainesdecavalade.fr/mentions-legales,,Local,,15/02/2026,"46 068,00",,,
https://www.damedecarreaux.fr/mentions-legales,,Local,,15/02/2026,"46 068,00",,,
https://www.joyella.com/mentions-legales,,Local,,15/02/2026,"46 068,00",,,
https://www.zendojang.fr/mentions-legales,,Local,,15/02/2026,"46 068,00",,,
https://www.restaurant-lecandi.fr/mentions-legales,,Local,,15/02/2026,"46 068,00",,,
https://www.maquillage-permanent-vendee.fr/mentions-legales,,Local,,15/02/2026,"46 068,00",,,
https://www.reflexologue-energeticienne.fr/mentions-legales,,Local,,15/02/2026,"46 068,00",,,
https://www.la-stone.fr/mentions-legales,,Local,,15/02/2026,"46 068,00",,,
https://www.boulangerie-le-fournil.fr/mentions-legales,,Local,,15/02/2026,"46 068,00",,,
https://www.pharmacieduchatelet.fr/mentions-legales,,Local,,15/02/2026,"46 068,00",,,
https://www.axetpaude.fr/mentions-legales,,Local,,15/02/2026,"46 068,00",,,
https://www.metallica.fr/mentions-legales,,Local,,15/02/2026,"46 068,00",,,
https://www.ecohabdesamiantage.fr/mentions-legales,,Local,,15/02/2026,"46 068,00",,,
https://www.abrenov-29.fr/mentions-legales,,Local,,15/02/2026,"46 068,00",,,
https://www.siegesandco.fr/mentions-legales,,Local,,15/02/2026,"46 068,00",,,
https://www.au-lavoir-du-serein.fr/mentions-legales,,Local,,15/02/2026,"46 068,00",,,
https://www.morgat-bateaux-services29.fr/mentions-legales,,Local,,15/02/2026,"46 068,00",,,
https://www.lemoulindevaren.fr/fr,,Local,,15/02/2026,"46 068,00",,,
https://www.lescudo.fr/mentions-legales,,Local,,15/02/2026,"46 068,00",,,
https://www.nelsonnaturhypno.com/mentions-legales,,Local,,15/02/2026,"46 068,00",,,
https://www.coeurdeconscience.fr/mentions-legales/,,Local,,15/02/2026,"46 068,00",,,
https://www.gd-debarrasse.fr/mentions-legales,,Local,,15/02/2026,"46 068,00",,,
https://www.coeurdeconscience.com/mentions-legales,,Local,,15/02/2026,"46 068,00",,,
https://www.atelierchalot.fr/mentions-legales,,Local,,15/02/2026,"46 068,00",,,
https://www.csr-environnement.fr/mentions-legales,,Local,,15/02/2026,"46 068,00",,,
https://www.le-palais-des-saveurs.fr/mentions-legales,,Local,,15/02/2026,"46 068,00",,,
https://www.aufildutarn.fr/mentions-legales,,Local,,15/02/2026,"46 068,00",,,
https://www.autrementzen.com/mentions-legales,,Local,,15/02/2026,"46 068,00",,,
https://www.tg-charpentes.fr/mentions-legales,,Local,,15/02/2026,"46 068,00",,,
https://www.sarlsosauto.fr/mentions-legales,,Local,,15/02/2026,"46 068,00",,,
https://www.auberge-tilleul.com/mentions-legales,,Local,,15/02/2026,"46 068,00",,,
https://www.hildegardenaturopathe.fr/mentions-legales,,Local,,15/02/2026,"46 068,00",,,
https://www.renovation-generale-occitanie.fr/mentions-legales,,Local,,15/02/2026,"46 068,00",,,
https://www.garage-felix-depannage.fr/mentions-legales,,Local,,15/02/2026,"46 068,00",,,
https://www.domainedelapile.fr/mentions-legales,,Local,,15/02/2026,"46 068,00",,,
https://www.restaurant-lechalut.fr/mentions-legales,,Local,,15/02/2026,"46 068,00",,,
https://www.dep-mint33.fr/mentions-legales,,Local,,15/02/2026,"46 068,00",,,
https://www.making-3d-concept.com/mentions-legales,,Local,,15/02/2026,"46 068,00",,,
https://www.century21-berenger-la-ciotat.com/actus/799649150/collecte-de-jouets-sur-la-ciotat/,,Local,,15/02/2026,"46 068,00",,,
https://www.alchimiste-et-fee.com/mentions-legales,,Local,,15/02/2026,"46 068,00",,,
https://www.smclean.fr/mentions-legales,,Local,,15/02/2026,"46 068,00",,,
https://www.cafes-nellou.fr/mentions-legales,,Local,,15/02/2026,"46 068,00",,,
https://www.la-ferme-des-cabrotins.fr/mentions-legales,,Local,,15/02/2026,"46 068,00",,,
https://www.menuiserie-finance.fr/mentions-legales,,Local,,15/02/2026,"46 068,00",,,
https://www.restaurant-larencontre.fr/fr,,Local,,15/02/2026,"46 068,00",,,
https://www.curotherapie66.com/mentions-legales,,Local,,15/02/2026,"46 068,00",,,
https://www.histoiredepoulesandco.fr/fr,,Local,,15/02/2026,"46 068,00",,,
https://www.aujardindalice-38.fr/fr,,Local,,15/02/2026,"46 068,00",,,
https://www.fb-peinture.fr/mentions-legales,,Local,,15/02/2026,"46 068,00",,,
https://www.asquadoccitanie.com/mentions-legales,,Local,,15/02/2026,"46 068,00",,,
https://www.pitritalia.fr/mentions-legales,,Local,,15/02/2026,"46 068,00",,,
https://www.informatique-avenir.fr/mentions-legales,,Local,,15/02/2026,"46 068,00",,,
https://www.concept-climatisation-plomberie.fr/mentions-legales,,Local,,15/02/2026,"46 068,00",,,
https://www.rever-de-couleurs.fr/mentions-legales,,Local,,15/02/2026,"46 068,00",,,
https://www.resolutions-numeriques.fr/mentions-legales,,Local,,15/02/2026,"46 068,00",,,
https://www.aiec-climatisation.fr/mentions-legales,,Local,,15/02/2026,"46 068,00",,,
https://www.lapizzaufeudebois.fr/mentions-legales,,Local,,15/02/2026,"46 068,00",,,
https://www.elevagedumontpegase.fr/mentions-legales,,Local,,15/02/2026,"46 068,00",,,
https://www.brodwear-limouzi.fr/mentions-legales,,Local,,15/02/2026,"46 068,00",,,
https://www.renovation-toiture-carpentras.fr/mentions-legales,,Local,,15/02/2026,"46 068,00",,,
https://www.chablis-gautheron.com/mentions-legales,,Local,,15/02/2026,"46 068,00",,,
https://www.dd-service.fr/mentions-legales,,Local,,15/02/2026,"46 068,00",,,
https://www.lecap71.fr/mentions-legales,,Local,,15/02/2026,"46 068,00",,,
https://www.lorraine-pieces-poids-lourds-57.fr/mentions-legales,,Local,,15/02/2026,"46 068,00",,,
https://www.oropack38.fr/mentions-legales,,Local,,15/02/2026,"46 068,00",,,
https://www.anepita.fr/mentions-legales,,Local,,15/02/2026,"46 068,00",,,
https://www.svauto-42.fr/mentions-legales,,Local,,15/02/2026,"46 068,00",,,
https://www.volailles-fermieres-haute-saone.fr/mentions-legales,,Local,,15/02/2026,"46 068,00",,,
https://www.lafermedutreuilcharre.fr/mentions-legales,,Local,,15/02/2026,"46 068,00",,,
https://www.clecoiffeur.fr/mentions-legales,,Local,,15/02/2026,"46 068,00",,,
https://www.domainelascoumes.fr/mentions-legales,,Local,,15/02/2026,"46 068,00",,,
https://www.rhea-communicationaveclevivant.com/mentions-legales,,Local,,15/02/2026,"46 068,00",,,
http://advertiseurls.com/the_worlds_most_visited_web_pages_67/,,Local,,15/02/2026,"46 068,00",,,
https://www.lepicerie-duchateau.fr/mentions-legales,,Local,,15/02/2026,"46 068,00",,,
https://www.prestige-et-performance.fr/mentions-legales,,Local,,15/02/2026,"46 068,00",,,
https://www.ccm-fournier.fr/mentions-legales,,Local,,15/02/2026,"46 068,00",,,
https://www.chez-malou.fr/mentions-legales,,Local,,15/02/2026,"46 068,00",,,
https://www.pachamama-pyrenees.com/mentions-legales,,Local,,15/02/2026,"46 068,00",,,
https://www.nsmetallerie.fr/mentions-legales,,Local,,15/02/2026,"46 068,00",,,
https://www.srdev-informatique.fr/mentions-legales,,Local,,15/02/2026,"46 068,00",,,
https://www.l-atelier-sucre.fr/mentions-legales,,Local,,15/02/2026,"46 068,00",,,
https://www.vetec54.fr/mentions-legales,,Local,,15/02/2026,"46 068,00",,,
https://www.raymondvalli.com/mentions-legales,,Local,,15/02/2026,"46 068,00",,,
https://www.jm-plomberie.fr/mentions-legales,,Local,,15/02/2026,"46 068,00",,,
https://www.mgelec-20.fr/mentions-legales,,Local,,15/02/2026,"46 068,00",,,
https://www.cqfs-securite.fr/mentions-legales,,Local,,15/02/2026,"46 068,00",,,
https://www.restaurant-katucha.fr/mentions-legales,,Local,,15/02/2026,"46 068,00",,,
https://www.joyesfreres.fr/mentions-legales,,Local,,15/02/2026,"46 068,00",,,
https://www.adp-habitat.fr/mentions-legales,,Local,,15/02/2026,"46 068,00",,,
https://www.vracetbio58.fr/mentions-legales,,Local,,15/02/2026,"46 068,00",,,
https://www.encompagniedesbriques.fr/mentions-legales,,Local,,15/02/2026,"46 068,00",,,
https://www.restaurant-lechampdemars.fr/mentions-legales,,Local,,15/02/2026,"46 068,00",,,
https://www.auvalfleuri-57.fr/mentions-legales,,Local,,15/02/2026,"46 068,00",,,
https://www.privatecar.fr/mentions-legales,,Local,,15/02/2026,"46 068,00",,,
https://www.restaurant-pizza-aux-plaisirs-gourmands.fr/mentions-legales,,Local,,15/02/2026,"46 068,00",,,
https://www.bistrotgaga.fr/mentions-legales,,Local,,15/02/2026,"46 068,00",,,
https://www.sarl-chirol.fr/mentions-legales,,Local,,15/02/2026,"46 068,00",,,
https://www.jcbmobile-reparation.fr/mentions-legales,,Local,,15/02/2026,"46 068,00",,,
https://www.taximatos-islesursorgue.fr/mentions-legales,,Local,,15/02/2026,"46 068,00",,,
https://www.route137-saintgenisdesaintonge.fr/mentions-legales,,Local,,15/02/2026,"46 068,00",,,
https://www.abmotopieces.fr/mentions-legales,,Local,,15/02/2026,"46 068,00",,,
https://www.mahika-developpement.fr/mentions-legales,,Local,,15/02/2026,"46 068,00",,,
https://www.ruiz-manutentionservices.fr/mentions-legales,,Local,,15/02/2026,"46 068,00",,,
https://www.equusharmonia.fr/mentions-legales,,Local,,15/02/2026,"46 068,00",,,
https://www.vaillantmaconnerie.fr/mentions-legales,,Local,,15/02/2026,"46 068,00",,,
https://www.tontonboissons.fr/mentions-legales,,Local,,15/02/2026,"46 068,00",,,
https://www.sacp-12.fr/mentions-legales,,Local,,15/02/2026,"46 068,00",,,
https://www.abcpiscines-66.fr/mentions-legales,,Local,,15/02/2026,"46 068,00",,,
https://www.jmrenergie.fr/mentions-legales,,Local,,15/02/2026,"46 068,00",,,
https://www.foodtruck-chezso.fr/mentions-legales,,Local,,15/02/2026,"46 068,00",,,
https://www.aquastudio42.fr/mentions-legales,,Local,,15/02/2026,"46 068,00",,,
https://www.ziajo.fr/mentions-legales,,Local,,15/02/2026,"46 068,00",,,
https://www.brasserie-lesaintmury.fr/mentions-legales,,Local,,15/02/2026,"46 068,00",,,
https://www.ferme-les-cabrettes.fr/mentions-legales,,Local,,15/02/2026,"46 068,00",,,
https://www.jet-services-nettoyage.fr/mentions-legales,,Local,,15/02/2026,"46 068,00",,,
https://www.cycles-des-mille-etangs-vosgesdusud.fr/mentions-legales,,Local,,15/02/2026,"46 068,00",,,
https://www.zozane-kebab.fr/mentions-legales,,Local,,15/02/2026,"46 068,00",,,
https://www.lescopainsdabord-66.fr/mentions-legales,,Local,,15/02/2026,"46 068,00",,,
https://www.plservices06.fr/mentions-legales,,Local,,15/02/2026,"46 068,00",,,
https://www.abpmotoculture.fr/mentions-legales,,Local,,15/02/2026,"46 068,00",,,
https://www.clos-des-oliviers-corse.fr/mentions-legales,,Local,,15/02/2026,"46 068,00",,,
https://www.marionescaich.fr/mentions-legales,,Local,,15/02/2026,"46 068,00",,,
https://www.elevagedumasdequet-30.fr/mentions-legales,,Local,,15/02/2026,"46 068,00",,,
https://www.champi-bio-saumurois.fr/mentions-legales,,Local,,15/02/2026,"46 068,00",,,
https://www.sim-chatellerault.fr/mentions-legales,,Local,,15/02/2026,"46 068,00",,,
https://www.perard-tp.fr/mentions-legales,,Local,,15/02/2026,"46 068,00",,,
https://www.local-visibilite.fr/mentions-legales,,Local,,15/02/2026,"46 068,00",,,
https://www.domainedebreugnon.fr/mentions-legales,,Local,,15/02/2026,"46 068,00",,,
https://www.restaurant-cafe-de-la-plage.fr/mentions-legales,,Local,,15/02/2026,"46 068,00",,,
https://www.sabrinabelly-photography.fr/mentions-legales,,Local,,15/02/2026,"46 068,00",,,
https://www.domainegantzer.fr/mentions-legales,,Local,,15/02/2026,"46 068,00",,,
https://www.o-ptit-resto.fr/mentions-legales,,Local,,15/02/2026,"46 068,00",,,
https://www.restaurant-chevalier-beon-01.fr/mentions-legales,,Local,,15/02/2026,"46 068,00",,,
https://www.sbr-meublesetmenuiserie.fr/mentions-legales,,Local,,15/02/2026,"46 068,00",,,
https://www.lambroisie.eu/mentions-legales,,Local,,15/02/2026,"46 068,00",,,
https://www.perfectpermis.fr/mentions-legales,,Local,,15/02/2026,"46 068,00",,,
https://www.hotel-restaurant-hg.fr/mentions-legales,,Local,,15/02/2026,"46 068,00",,,
https://www.les-loges-06.com/mentions-legales,,Local,,15/02/2026,"46 068,00",,,
https://www.abautomobiles-70.fr/mentions-legales,,Local,,15/02/2026,"46 068,00",,,
https://www.ered.fr/mentions-legales,,Local,,15/02/2026,"46 068,00",,,
https://www.spydelec-34.fr/mentions-legales,,Local,,15/02/2026,"46 068,00",,,
https://www.vapotime-34.fr/mentions-legales,,Local,,15/02/2026,"46 068,00",,,
https://www.djo-informatique.fr/mentions-legales,,Local,,15/02/2026,"46 068,00",,,
https://www.les-fondus-de-fromages.fr/mentions-legales,,Local,,15/02/2026,"46 068,00",,,
https://www.la-chatterie-de-la-plaine-de-nay.fr/mentions-legales,,Local,,15/02/2026,"46 068,00",,,
https://www.ycelec.fr/mentions-legales,,Local,,15/02/2026,"46 068,00",,,
https://www.absoudure-85.fr/mentions-legales,,Local,,15/02/2026,"46 068,00",,,
https://www.ms-coaching.fr/mentions-legales,,Local,,15/02/2026,"46 068,00",,,
https://www.apaolina.fr/mentions-legales,,Local,,15/02/2026,"46 068,00",,,
https://www.ferme-aubergeentzenbach.fr/mentions-legales,,Local,,15/02/2026,"46 068,00",,,
https://www.garageduvallon.fr/mentions-legales,,Local,,15/02/2026,"46 068,00",,,
https://www.morvan-hotel-du-nord-58.com/mentions-legales,,Local,,15/02/2026,"46 068,00",,,
https://www.danse-artherapie.fr/mentions-legales,,Local,,15/02/2026,"46 068,00",,,
https://www.aj-paysages.com/mentions-legales,,Local,,15/02/2026,"46 068,00",,,
https://www.elevage-lou-pastre-daqui.fr/mentions-legales,,Local,,15/02/2026,"46 068,00",,,
https://www.gaubert-fraissines-81.fr/mentions-legales,,Local,,15/02/2026,"46 068,00",,,
https://www.pension-labourdillerie.fr/mentions-legales,,Local,,15/02/2026,"46 068,00",,,
https://www.souslatonnelle-portovecchio.fr/mentions-legales,,Local,,15/02/2026,"46 068,00",,,
https://www.pierrelouis-pistorozzi.fr/mentions-legales,,Local,,15/02/2026,"46 068,00",,,
https://www.avenir-tp-terrassement.fr/mentions-legales,,Local,,15/02/2026,"46 068,00",,,
https://www.lecolibriblagnac.fr/mentions-legales,,Local,,15/02/2026,"46 068,00",,,
https://www.belle-dailleurs-52.fr/mentions-legales,,Local,,15/02/2026,"46 068,00",,,
https://www.cheznicolas-semurenauxois.fr/mentions-legales,,Local,,15/02/2026,"46 068,00",,,
https://www.entreprisemarceaux.fr/mentions-legales,,Local,,15/02/2026,"46 068,00",,,
https://www.cafe-dol.fr/mentions-legales,,Local,,15/02/2026,"46 068,00",,,
https://www.lebeletassocies.fr/mentions-legales,,Local,,15/02/2026,"46 068,00",,,
https://www.lagourmandisedines.fr/mentions-legales,,Local,,15/02/2026,"46 068,00",,,
https://www.la-table-de-clairette-25.fr/mentions-legales,,Local,,15/02/2026,"46 068,00",,,
https://www.dides-peinture-nature.com/mentions-legales,,Local,,15/02/2026,"46 068,00",,,
https://www.boulangerie-fumey.fr/mentions-legales,,Local,,15/02/2026,"46 068,00",,,
https://www.levieuxfiguier.fr/mentions-legales,,Local,,15/02/2026,"46 068,00",,,
https://www.garage-a-domicile.fr/mentions-legales,,Local,,15/02/2026,"46 068,00",,,
https://www.leluxor.fr/mentions-legales,,Local,,15/02/2026,"46 068,00",,,
https://www.pharmaciedesportesferrees-87.fr/mentions-legales,,Local,,15/02/2026,"46 068,00",,,
https://www.hotel-auberge-propriano.fr/mentions-legales,,Local,,15/02/2026,"46 068,00",,,
https://www.fm-renovation.fr/mentions-legales,,Local,,15/02/2026,"46 068,00",,,
https://www.issue3d.fr/mentions-legales,,Local,,15/02/2026,"46 068,00",,,
https://www.francois-cubas-plomberie.fr/mentions-legales,,Local,,15/02/2026,"46 068,00",,,
https://www.ams-nettoyage-31.fr/mentions-legales,,Local,,15/02/2026,"46 068,00",,,
https://www.diagauto-34.fr/mentions-legales,,Local,,15/02/2026,"46 068,00",,,
https://www.entreprise-rodriguez.fr/mentions-legales,,Local,,15/02/2026,"46 068,00",,,
https://www.ingridbonhomme.fr/mentions-legales,,Local,,15/02/2026,"46 068,00",,,
https://www.p2aim.fr/mentions-legales,,Local,,15/02/2026,"46 068,00",,,
https://www.les-freres-boucher-2.fr/mentions-legales,,Local,,15/02/2026,"46 068,00",,,
https://www.reflexologie-44.fr/mentions-legales,,Local,,15/02/2026,"46 068,00",,,
https://www.pizza-cook.fr/mentions-legales,,Local,,15/02/2026,"46 068,00",,,
https://www.lestissusdelabigoulaine.fr/mentions-legales,,Local,,15/02/2026,"46 068,00",,,
https://www.restaurant-chezboulette.fr/mentions-legales,,Local,,15/02/2026,"46 068,00",,,
https://www.s-f-a-68.fr/mentions-legales,,Local,,15/02/2026,"46 068,00",,,
https://www.aubergelacavedelaferme.fr/mentions-legales,,Local,,15/02/2026,"46 068,00",,,
https://www.ld-recuperation-metaux-86.fr/mentions-legales,,Local,,15/02/2026,"46 068,00",,,
https://www.ballajack.com/comment-identifier-personne-appele-telephone/,,Local,,15/02/2026,"46 068,00",,,
https://www.laliva.fr/mentions-legales,,Local,,15/02/2026,"46 068,00",,,
https://www.lapetitecavesgb.com/mentions-legales,,Local,,15/02/2026,"46 068,00",,,
https://www.f2m-fermetures-70.fr/mentions-legales,,Local,,15/02/2026,"46 068,00",,,
https://www.sarl-sebastienlebreton.fr/mentions-legales,,Local,,15/02/2026,"46 068,00",,,
https://www.producteur-miel-local-jonzac.fr/mentions-legales,,Local,,15/02/2026,"46 068,00",,,
https://www.recrea63.fr/mentions-legales,,Local,,15/02/2026,"46 068,00",,,
https://www.optique-view.fr/mentions-legales,,Local,,15/02/2026,"46 068,00",,,
https://www.pizzeria-emile-mazan.fr/mentions-legales,,Local,,15/02/2026,"46 068,00",,,
https://www.cgarchitectures.fr/mentions-legales,,Local,,15/02/2026,"46 068,00",,,
https://www.fun-jet-location.fr/mentions-legales,,Local,,15/02/2026,"46 068,00",,,
https://www.taxi-porto-vecchio-corse-20.fr/mentions-legales,,Local,,15/02/2026,"46 068,00",,,
https://www.producteur-fruits-bio-35.fr/mentions-legales,,Local,,15/02/2026,"46 068,00",,,
https://www.monte-rosso.fr/mentions-legales,,Local,,15/02/2026,"46 068,00",,,
https://www.vigitecservices.fr/mentions-legales,,Local,,15/02/2026,"46 068,00",,,
https://www.sps38.fr/mentions-legales,,Local,,15/02/2026,"46 068,00",,,
https://www.laniephotographie.fr/mentions-legales,,Local,,15/02/2026,"46 068,00",,,
https://www.pizzamax-lagnieu.fr/mentions-legales,,Local,,15/02/2026,"46 068,00",,,
https://www.graphi-com.fr/mentions-legales,,Local,,15/02/2026,"46 068,00",,,
https://www.dg-boulangerie-patisserie-avrille.fr/mentions-legales,,Local,,15/02/2026,"46 068,00",,,
https://www.langelus-sens.fr/mentions-legales,,Local,,15/02/2026,"46 068,00",,,
https://www.gites-vieux-murier.fr/mentions-legales,,Local,,15/02/2026,"46 068,00",,,
https://www.lepatio-foix.fr/mentions-legales,,Local,,15/02/2026,"46 068,00",,,
https://www.harasfeusoleil.fr/mentions-legales,,Local,,15/02/2026,"46 068,00",,,
https://www.boucherie-bondaz-viande.fr/mentions-legales,,Local,,15/02/2026,"46 068,00",,,
https://www.concept-flamme.fr/mentions-legales,,Local,,15/02/2026,"46 068,00",,,
https://www.t2j-carrosserie.fr/mentions-legales,,Local,,15/02/2026,"46 068,00",,,
https://www.ar-net.fr/mentions-legales,,Local,,15/02/2026,"46 068,00",,,
https://www.idealpest-06.fr/mentions-legales,,Local,,15/02/2026,"46 068,00",,,
https://www.restaurant-lentrepotes.fr/mentions-legales,,Local,,15/02/2026,"46 068,00",,,
https://www.rforge.fr/mentions-legales,,Local,,15/02/2026,"46 068,00",,,
https://www.alcanagri-lorraine.fr/mentions-legales,,Local,,15/02/2026,"46 068,00",,,
https://www.menuiserieazurconcept.fr/mentions-legales,,Local,,15/02/2026,"46 068,00",,,
https://www.elodogs.fr/mentions-legales,,Local,,15/02/2026,"46 068,00",,,
https://www.brasserie-artisanale-aveze.fr/mentions-legales,,Local,,15/02/2026,"46 068,00",,,
https://www.lesunset.fr/mentions-legales,,Local,,15/02/2026,"46 068,00",,,
https://www.afl-garage.fr/mentions-legales,,Local,,15/02/2026,"46 068,00",,,
https://www.ecurielesgiraudieres.fr/mentions-legales,,Local,,15/02/2026,"46 068,00",,,
https://www.spa-du-47.fr/mentions-legales,,Local,,15/02/2026,"46 068,00",,,
https://www.atelier-bon-cap.fr/mentions-legales,,Local,,15/02/2026,"46 068,00",,,
https://www.stephanemarcellesi-sculpteur.fr/mentions-legales,,Local,,15/02/2026,"46 068,00",,,
https://www.c-decoamenagement.fr/mentions-legales,,Local,,15/02/2026,"46 068,00",,,
https://www.kostermultiservices.fr/mentions-legales,,Local,,15/02/2026,"46 068,00",,,
https://www.moncafegourmet.fr/mentions-legales,,Local,,15/02/2026,"46 068,00",,,
https://www.ifm2bat.com/mentions-legales,,Local,,15/02/2026,"46 068,00",,,
https://www.les-douceurs-de-lhorloge.fr/mentions-legales,,Local,,15/02/2026,"46 068,00",,,
https://www.laetitiahomedeco.com/mentions-legales,,Local,,15/02/2026,"46 068,00",,,
https://www.jasports.fr/mentions-legales,,Local,,15/02/2026,"46 068,00",,,
https://www.coiffure-latelier.fr/mentions-legales,,Local,,15/02/2026,"46 068,00",,,
https://www.lesgonflesdubassin.fr/mentions-legales,,Local,,15/02/2026,"46 068,00",,,
https://www.campingdusoleil.it/mentions-legales,,Local,,15/02/2026,"46 068,00",,,
https://www.restaurant-lepoelon.fr/mentions-legales/,,Local,,15/02/2026,"46 068,00",,,
https://www.menuiserie-bailly-maitre.fr/mentions-legales,,Local,,15/02/2026,"46 068,00",,,
https://www.protect-securite42.fr/mentions-legales,,Local,,15/02/2026,"46 068,00",,,
https://www.kinechartreuse.com/mentions-legales,,Local,,15/02/2026,"46 068,00",,,
https://www.lacoupedor-84.fr/mentions-legales,,Local,,15/02/2026,"46 068,00",,,
https://www.cambridge-centre.fr/mentions-legales/,,Local,,15/02/2026,"46 068,00",,,
https://www.therapeute-sonore-doubs.fr/mentions-legales,,Local,,15/02/2026,"46 068,00",,,
https://www.id-decoration-49.fr/mentions-legales,,Local,,15/02/2026,"46 068,00",,,
https://www.cjcplomberie.fr/mentions-legales,,Local,,15/02/2026,"46 068,00",,,
https://www.audureau-avocat-nantes.fr/mentions-legales,,Local,,15/02/2026,"46 068,00",,,
https://www.aubergedumoulin71.fr/mentions-legales,,Local,,15/02/2026,"46 068,00",,,
https://www.domaine-valjulius.com/mentions-legales,,Local,,15/02/2026,"46 068,00",,,
https://www.boulangerie-perrot.fr/mentions-legales,,Local,,15/02/2026,"46 068,00",,,
https://www.kermeur-avocat.fr/mentions-legales,,Local,,15/02/2026,"46 068,00",,,
https://www.maelle-dieteticienne.fr/mentions-legales,,Local,,15/02/2026,"46 068,00",,,
https://www.lesecuriesdechateauchinon.fr/mentions-legales,,Local,,15/02/2026,"46 068,00",,,
https://www.restaurantlacrique.fr/mentions-legales/,,Local,,15/02/2026,"46 068,00",,,
https://www.rjelec.fr/mentions-legales,,Local,,15/02/2026,"46 068,00",,,
https://www.propose89.fr/mentions-legales,,Local,,15/02/2026,"46 068,00",,,
https://www.camping-4-saisons.com/mentions-legales,,Local,,15/02/2026,"46 068,00",,,
https://www.la-ferme-a-laines.fr/mentions-legales,,Local,,15/02/2026,"46 068,00",,,
https://www.jo-chauffage.fr/mentions-legales,,Local,,15/02/2026,"46 068,00",,,
https://www.le-sanctuaire-de-mandarine.com/mentions-legales,,Local,,15/02/2026,"46 068,00",,,
https://www.bar-restaurant-lembuscade.fr/mentions-legales,,Local,,15/02/2026,"46 068,00",,,
https://www.bonartcoiff.fr/mentions-legales,,Local,,15/02/2026,"46 068,00",,,
http://78-69-18-135-no49.tbcn.telia.com/the_worlds_most_visited_web_pages_67/,,Local,,15/02/2026,"46 068,00",,,
https://www.g13-autos.fr/mentions-legales,,Local,,15/02/2026,"46 068,00",,,
https://www.calmos-cafe.fr/mentions-legales,,Local,,15/02/2026,"46 068,00",,,
https://www.agelectricite13.fr/mentions-legales,,Local,,15/02/2026,"46 068,00",,,
https://www.lapizzaterie.fr/mentions-legales,,Local,,15/02/2026,"46 068,00",,,
https://www.valdetrolls.fr/mentions-legales,,Local,,15/02/2026,"46 068,00",,,
https://www.lapaillotedesolo.fr/mentions-legales,,Local,,15/02/2026,"46 068,00",,,
https://www.rivieradesign.fr/mentions-legales,,Local,,15/02/2026,"46 068,00",,,
https://www.lesbeauxartsdufil-85.com/mentions-legales,,Local,,15/02/2026,"46 068,00",,,
https://www.apsd.fr/mentions-legales,,Local,,15/02/2026,"46 068,00",,,
https://www.levenementenfleurs-serignan.fr/mentions-legales,,Local,,15/02/2026,"46 068,00",,,
https://www.ecofermetures57.fr/mentions-legales,,Local,,15/02/2026,"46 068,00",,,
https://www.bessan-aventure-herault.fr/mentions-legales,,Local,,15/02/2026,"46 068,00",,,
https://www.osteopathe-stemaxime.fr/mentions-legales,,Local,,15/02/2026,"46 068,00",,,
https://www.christophe-jardin.fr/mentions-legales,,Local,,15/02/2026,"46 068,00",,,
https://www.l-atelier-de-belleisa.com/mentions-legales,,Local,,15/02/2026,"46 068,00",,,
https://www.ecoledeconduite-r2s-lachevroliere.fr/mentions-legales,,Local,,15/02/2026,"46 068,00",,,
https://www.xlfformation.fr/mentions-legales,,Local,,15/02/2026,"46 068,00",,,
https://www.ma-vie-en-mouvement.fr/mentions-legales,,Local,,15/02/2026,"46 068,00",,,
https://www.oasismenageeco.fr/mentions-legales,,Local,,15/02/2026,"46 068,00",,,
https://www.baudras.fr/mentions-legales,,Local,,15/02/2026,"46 068,00",,,
https://www.lamandragora.fr/mentions-legales,,Local,,15/02/2026,"46 068,00",,,
https://www.carrosserie-penel.fr/mentions-legales,,Local,,15/02/2026,"46 068,00",,,
https://www.corpsetparoles.fr/mentions-legales,,Local,,15/02/2026,"46 068,00",,,
https://www.mon-artisan-electricien.fr/mentions-legales,,Local,,15/02/2026,"46 068,00",,,
https://www.aumassaintpierre.net/mentions-legales,,Local,,15/02/2026,"46 068,00",,,
https://www.pictorcommunications.fr/mentions-legales,,Local,,15/02/2026,"46 068,00",,,
https://lesalonbeige.blogs.com/my_weblog/2011/12/nayez-pas-peur-d%C3%AAtre-catholique-lumi%C3%A8res-sur-les-fen%C3%AAtres-et-dans-les-processions.html,,Local,,15/02/2026,"46 068,00",,,
https://www.lafermedessaveurs-34.fr/mentions-legales,,Local,,15/02/2026,"46 068,00",,,
https://www.meridoniale-du-paysage.fr/mentions-legales,,Local,,15/02/2026,"46 068,00",,,
https://www.menuiserie-blachere.fr/mentions-legales,,Local,,15/02/2026,"46 068,00",,,
https://www.luchon-tennis-passion.fr/mentions-legales,,Local,,15/02/2026,"46 068,00",,,
https://www.fromagerie-monfort.fr/mentions-legales,,Local,,15/02/2026,"46 068,00",,,
https://www.openadmintools.com/en/www.local.fr/,,Local,,15/02/2026,"46 068,00",,,
https://www.lesfromentiers-hyeres.fr/mentions-legales,,Local,,15/02/2026,"46 068,00",,,
https://www.semaphore-therapie.fr/mentions-legales,,Local,,15/02/2026,"46 068,00",,,
https://www.huileriedusoleil.fr/mentions-legales,,Local,,15/02/2026,"46 068,00",,,
https://www.gioauto.fr/mentions-legales,,Local,,15/02/2026,"46 068,00",,,
https://www.lespervenchesconcarneau.fr/mentions-legales,,Local,,15/02/2026,"46 068,00",,,
https://www.traiteur-mechoui-49.fr/mentions-legales,,Local,,15/02/2026,"46 068,00",,,
https://www.ecurie-michelcharline.fr/mentions-legales,,Local,,15/02/2026,"46 068,00",,,
https://www.arcad26.com/mentions-legales,,Local,,15/02/2026,"46 068,00",,,
https://www.nemchezmoi.fr/mentions-legales,,Local,,15/02/2026,"46 068,00",,,
https://www.sanary-osteopathe.fr/mentions-legales,,Local,,15/02/2026,"46 068,00",,,
https://www.restaurantletiret.fr/mentions-legales,,Local,,15/02/2026,"46 068,00",,,
https://www.artisandessaveurs85.fr/mentions-legales/,,Local,,15/02/2026,"46 068,00",,,
https://www.toprenov-riva.fr/mentions-legales,,Local,,15/02/2026,"46 068,00",,,
http://annuairepro-bruxelles.be/404.aspx?aspxerrorpath=/annuaire-de-professionnels/Annuaire-invers%C3%A9.aspx,,Local,,15/02/2026,"46 068,00",,,
https://www.asterman.fr/mentions-legales,,Local,,15/02/2026,"46 068,00",,,
https://www.casadilalivu.com/mentions-legales,,Local,,15/02/2026,"46 068,00",,,
https://www.ferronnerie-lecocq-04.fr/mentions-legales,,Local,,15/02/2026,"46 068,00",,,
https://www.anaiscappy-coiffure-aubenas.fr/mentions-legales,,Local,,15/02/2026,"46 068,00",,,
https://www.innovtec-ingenierie.fr/mentions-legales,,Local,,15/02/2026,"46 068,00",,,
https://www.plandemaison-corse.fr/mentions-legales,,Local,,15/02/2026,"46 068,00",,,
https://www.marcel-autos-38.fr/mentions-legales,,Local,,15/02/2026,"46 068,00",,,
https://mfpconsult.com/politique-de-confidentialite/,,Local,,15/02/2026,"46 068,00",,,
https://www.lesaintjean.com/mentions-legales,,Local,,15/02/2026,"46 068,00",,,
https://www.atlanticvtcouest.fr/mentions-legales,,Local,,15/02/2026,"46 068,00",,,
https://www.au2emeetage-coiffure.fr/mentions-legales,,Local,,15/02/2026,"46 068,00",,,
https://www.domainevervier.fr/mentions-legales,,Local,,15/02/2026,"46 068,00",,,
https://www.lesbellesnoues.fr/mentions-legales,,Local,,15/02/2026,"46 068,00",,,
https://www.valheurzen.fr/mentions-legales,,Local,,15/02/2026,"46 068,00",,,
https://www.optima66-formations.fr/mentions-legales,,Local,,15/02/2026,"46 068,00",,,
https://www.mbl-bat-65.fr/mentions-legales,,Local,,15/02/2026,"46 068,00",,,
https://www.lafermedupenquer.fr/mentions-legales,,Local,,15/02/2026,"46 068,00",,,
https://www.afigroups.com/mentions-legales,,Local,,15/02/2026,"46 068,00",,,
https://www.swisscleantoiture.fr/mentions-legales,,Local,,15/02/2026,"46 068,00",,,
https://www.linstantfit.fr/mentions-legales,,Local,,15/02/2026,"46 068,00",,,
https://blog.rocktrotteur.com/le-clip-de-the-heavy-what-makes-a-good-man/,,Local,,15/02/2026,"46 068,00",,,
https://www.brasserie-lambiance-creole.fr/mentions-legales,,Local,,15/02/2026,"46 068,00",,,
https://www.isolbati.fr/mentions-legales,,Local,,15/02/2026,"46 068,00",,,
https://www.leugeniedelacoiffure.fr/mentions-legales,,Local,,15/02/2026,"46 068,00",,,
https://www.loire-licorne-49.fr/mentions-legales,,Local,,15/02/2026,"46 068,00",,,
https://www.pamiers-musique.fr/mentions-legales,,Local,,15/02/2026,"46 068,00",,,
https://www.peinture-revetement-isolation-mediterranee.fr/mentions-legales,,Local,,15/02/2026,"46 068,00",,,
https://www.marinesudnautic.com/mentions-legales,,Local,,15/02/2026,"46 068,00",,,
https://www.vendsmavoiture.fr/fr,,Local,,15/02/2026,"46 068,00",,,
https://www.langue-des-signes-charente.fr/mentions-legales,,Local,,15/02/2026,"46 068,00",,,
https://www.reparloisir-66.fr/mentions-legales,,Local,,15/02/2026,"46 068,00",,,
https://www.la-lunetterie-lourdes.fr/mentions-legales,,Local,,15/02/2026,"46 068,00",,,
https://www.cofkinesio.fr/mentions-legales,,Local,,15/02/2026,"46 068,00",,,
https://www.maconnerie-lejurassien74.fr/mentions-legales,,Local,,15/02/2026,"46 068,00",,,
https://www.hotel-algajola.it/mentions-legales,,Local,,15/02/2026,"46 068,00",,,
https://www.latabledargence.fr/mentions-legales,,Local,,15/02/2026,"46 068,00",,,
https://www.dagosrenovation.fr/mentions-legales,,Local,,15/02/2026,"46 068,00",,,
https://www.chymos-a-lessentiel.fr/mentions-legales,,Local,,15/02/2026,"46 068,00",,,
https://www.tables-et-chaises-66.com/mentions-legales,,Local,,15/02/2026,"46 068,00",,,
https://www.fermedelarenterouge.com/mentions-legales,,Local,,15/02/2026,"46 068,00",,,
https://www.guttin-serrurerie-chaudronnerie.fr/mentions-legales,,Local,,15/02/2026,"46 068,00",,,
https://www.greenmamatruck-06.com/mentions-legales,,Local,,15/02/2026,"46 068,00",,,
https://www.sol-industriel-beton-decoratif.fr/mentions-legales,,Local,,15/02/2026,"46 068,00",,,
https://www.sasbonotto.com/mentions-legales,,Local,,15/02/2026,"46 068,00",,,
https://www.chatterie-de-goupil.com/mentions-legales,,Local,,15/02/2026,"46 068,00",,,
https://www.phonemarket13.fr/mentions-legales,,Local,,15/02/2026,"46 068,00",,,
https://www.gsi-corse.fr/mentions-legales,,Local,,15/02/2026,"46 068,00",,,
https://www.moovindancestudio.com/mentions-legales,,Local,,15/02/2026,"46 068,00",,,
https://www.renov-toiture-69.fr/mentions-legales,,Local,,15/02/2026,"46 068,00",,,
https://www.corner-n-street.fr/mentions-legales,,Local,,15/02/2026,"46 068,00",,,
https://www.transports-papion.fr/mentions-legales,,Local,,15/02/2026,"46 068,00",,,
https://libera-passion.exprimetoi.net/t342-decembre-2010,,Local,,15/02/2026,"46 068,00",,,
https://www.espacefamilial.fr/mentions-legales,,Local,,15/02/2026,"46 068,00",,,
https://www.michael-garret.fr/mentions-legales,,Local,,15/02/2026,"46 068,00",,,
https://www.mb-equipement-01.fr/mentions-legales,,Local,,15/02/2026,"46 068,00",,,
https://www.aspl-musicotherapie.fr/mentions-legales,,Local,,15/02/2026,"46 068,00",,,
https://www.lesecrinsdebelvedere.fr/mentions-legales,,Local,,15/02/2026,"46 068,00",,,
https://www.bba-beauty.fr/mentions-legales,,Local,,15/02/2026,"46 068,00",,,
https://www.hvnbeautyafro.com/mentions-legales,,Local,,15/02/2026,"46 068,00",,,
https://www.evexia-fitness.fr/mentions-legales,,Local,,15/02/2026,"46 068,00",,,
https://www.asianshop-30.com/mentions-legales,,Local,,15/02/2026,"46 068,00",,,
https://www.sarl-decelle.fr/mentions-legales,,Local,,15/02/2026,"46 068,00",,,
https://www.bar-musical-dan.fr/mentions-legales,,Local,,15/02/2026,"46 068,00",,,
https://www.espacedesmurmures.fr/mentions-legales,,Local,,15/02/2026,"46 068,00",,,
https://www.techniloisir.fr/mentions-legales,,Local,,15/02/2026,"46 068,00",,,
https://www.les-delices-de-manon-et-thomas.fr/mentions-legales,,Local,,15/02/2026,"46 068,00",,,
https://www.cante-gaudin-sage-femme.fr/mentions-legales,,Local,,15/02/2026,"46 068,00",,,
https://www.leptitker.fr/mentions-legales,,Local,,15/02/2026,"46 068,00",,,
https://www.garageevoraclassic.fr/mentions-legales,,Local,,15/02/2026,"46 068,00",,,
https://www.mysterpedge.fr/mentions-legales,,Local,,15/02/2026,"46 068,00",,,
https://www.plakophil.fr/mentions-legales,,Local,,15/02/2026,"46 068,00",,,
https://www.ferme-hindermeyer.fr/mentions-legales,,Local,,15/02/2026,"46 068,00",,,
https://www.s2gp-tp.fr/mentions-legales,,Local,,15/02/2026,"46 068,00",,,
https://www.lightconceptevent.fr/mentions-legales,,Local,,15/02/2026,"46 068,00",,,
https://www.linstant-gourmand83.fr/mentions-legales,,Local,,15/02/2026,"46 068,00",,,
https://www.entreprise-guillot.fr/mentions-legales,,Local,,15/02/2026,"46 068,00",,,
https://www.lespommesdeterredepoisses.fr/mentions-legales,,Local,,15/02/2026,"46 068,00",,,
https://www.labelleepoque-71.fr/mentions-legales,,Local,,15/02/2026,"46 068,00",,,
https://www.giteskerroux.fr/mentions-legales,,Local,,15/02/2026,"46 068,00",,,
https://www.bar-tabac-saint-julien.fr/mentions-legales,,Local,,15/02/2026,"46 068,00",,,
https://www.laborderiedesoulages.fr/mentions-legales,,Local,,15/02/2026,"46 068,00",,,
http://ads-gold.com/the_worlds_most_visited_web_pages_67/,,Local,,15/02/2026,"46 068,00",,,
https://www.les-briqueteurs-doccitanie.fr/mentions-legales,,Local,,15/02/2026,"46 068,00",,,
https://www.domainedopale.fr/mentions-legales,,Local,,15/02/2026,"46 068,00",,,
https://www.ideacompta.fr/mentions-legales,,Local,,15/02/2026,"46 068,00",,,
https://www.lesetangsdepitie.fr/mentions-legales,,Local,,15/02/2026,"46 068,00",,,
https://www.vtc18.fr/mentions-legales/,,Local,,15/02/2026,"46 068,00",,,
https://www.restaurant-chinawok.fr/mentions-legales,,Local,,15/02/2026,"46 068,00",,,
https://www.accessbars-laurencetardy.fr/mentions-legales,,Local,,15/02/2026,"46 068,00",,,
https://www.cie-plomberie-69.fr/mentions-legales,,Local,,15/02/2026,"46 068,00",,,
https://www.ecuriesdubrusc.fr/mentions-legales,,Local,,15/02/2026,"46 068,00",,,
https://www.lepatiolacrau-83.fr/mentions-legales,,Local,,15/02/2026,"46 068,00",,,
https://www.hi-auto47.com/mentions-legales,,Local,,15/02/2026,"46 068,00",,,
https://www.campingloso.com/mentions-legales,,Local,,15/02/2026,"46 068,00",,,
https://www.lc-piscines-et-spas.fr/mentions-legales,,Local,,15/02/2026,"46 068,00",,,
https://forum.corsa-connexion.net/viewtopic.php?f=2&t=12181,,Local,,15/02/2026,"46 068,00",,,
http://villedaixenprovence-laflorenceprovencale.com/,,Local,,15/02/2026,"46 068,00",,,
https://www.mcbs-electricite-pyrotechnie.fr/mentions-legales,,Local,,15/02/2026,"46 068,00",,,
https://www.brasseriedumarsouin.fr/mentions-legales,,Local,,15/02/2026,"46 068,00",,,
https://www.patur-ain.fr/mentions-legales,,Local,,15/02/2026,"46 068,00",,,
https://www.espace-ds.fr/mentions-legales,,Local,,15/02/2026,"46 068,00",,,
https://www.abc-conduite16.com/mentions-legales,,Local,,15/02/2026,"46 068,00",,,
https://www.boucherie-albat.com/mentions-legales,,Local,,15/02/2026,"46 068,00",,,
https://www.hypnose-andernos.fr/mentions-legales,,Local,,15/02/2026,"46 068,00",,,
https://www.peintre-montauban.fr/mentions-legales,,Local,,15/02/2026,"46 068,00",,,
https://www.polymecaconcept.fr/mentions-legales,,Local,,15/02/2026,"46 068,00",,,
https://www.afigroups.fr/mentions-legales,,Local,,15/02/2026,"46 068,00",,,
https://www.chefadomicile-haute-savoie.com/mentions-legales,,Local,,15/02/2026,"46 068,00",,,
https://www.aubergecampdecora.fr/mentions-legales,,Local,,15/02/2026,"46 068,00",,,
https://www.epiceriesaintgermaindecalberte.com/mentions-legales,,Local,,15/02/2026,"46 068,00",,,
https://www.rsp-etancheite-84.com/mentions-legales,,Local,,15/02/2026,"46 068,00",,,
https://www.garage-automobile-la-rochelle.fr/mentions-legales,,Local,,15/02/2026,"46 068,00",,,
https://www.menuiserie-peinture-cahors-46.fr/mentions-legales,,Local,,15/02/2026,"46 068,00",,,
https://www.cph-conseil.fr/mentions-legales,,Local,,15/02/2026,"46 068,00",,,
https://www.af-esprit-deco-61.fr/mentions-legales,,Local,,15/02/2026,"46 068,00",,,
https://www.dk-multiservices.fr/mentions-legales,,Local,,15/02/2026,"46 068,00",,,
https://www.nature-et-bois.fr/mentions-legales,,Local,,15/02/2026,"46 068,00",,,
https://www.idiva.com/travel-living/womens-journal/gender-discrimination-not-just-in-india-but-the-world-over/31077,,Local,,15/02/2026,"46 068,00",,,
https://www.dgnmaconnerie.fr/mentions-legales,,Local,,15/02/2026,"46 068,00",,,
https://www.plantesdumaquis.com/mentions-legales,,Local,,15/02/2026,"46 068,00",,,
https://www.autoecoleajaccio.fr/mentions-legales,,Local,,15/02/2026,"46 068,00",,,
https://www.equilibre-et-harmonie.fr/mentions-legales,,Local,,15/02/2026,"46 068,00",,,
https://www.monangebienetre-57.com/mentions-legales,,Local,,15/02/2026,"46 068,00",,,
https://www.action-services-nettoyage.fr/mentions-legales,,Local,,15/02/2026,"46 068,00",,,
https://www.energetique57.fr/mentions-legales,,Local,,15/02/2026,"46 068,00",,,
https://www.fdgdon66.fr/mentions-legales,,Local,,15/02/2026,"46 068,00",,,
https://www.lestudiodemily.fr/mentions-legales,,Local,,15/02/2026,"46 068,00",,,
https://www.bvg-conseil.com/mentions-legales,,Local,,15/02/2026,"46 068,00",,,
https://www.labergeriegiustiniani.fr/mentions-legales,,Local,,15/02/2026,"46 068,00",,,
https://www.hypnotherapieflorencemeynier.fr/mentions-legales,,Local,,15/02/2026,"46 068,00",,,
https://www.jardi-prestige-66.fr/mentions-legales,,Local,,15/02/2026,"46 068,00",,,
https://www.anais-carrosserie-16.fr/mentions-legales,,Local,,15/02/2026,"46 068,00",,,
https://www.ambulances-vila.fr/mentions-legales,,Local,,15/02/2026,"46 068,00",,,
https://www.lapinede-chambredhotes-84.com/mentions-legales,,Local,,15/02/2026,"46 068,00",,,
https://www.equisud.com/mentions-legales,,Local,,15/02/2026,"46 068,00",,,
https://www.pepinieres-gillardeau.com/mentions-legales,,Local,,15/02/2026,"46 068,00",,,
https://www.epg-peinture.fr/mentions-legales,,Local,,15/02/2026,"46 068,00",,,
https://www.naturasens.fr/mentions-legales,,Local,,15/02/2026,"46 068,00",,,
https://www.leclosdumeunier.fr/mentions-legales,,Local,,15/02/2026,"46 068,00",,,
https://www.garage-plv-motors.fr/mentions-legales,,Local,,15/02/2026,"46 068,00",,,
https://www.lepotagerdelargoat.fr/mentions-legales,,Local,,15/02/2026,"46 068,00",,,
https://www.ateliernoa.com/mentions-legales,,Local,,15/02/2026,"46 068,00",,,
https://www.leporta5.fr/mentions-legales,,Local,,15/02/2026,"46 068,00",,,
https://www.viva-la-pizza-82.fr/mentions-legales,,Local,,15/02/2026,"46 068,00",,,
https://www.ambiance-automatisme.com/mentions-legales,,Local,,15/02/2026,"46 068,00",,,
https://www.althea-saumur.fr/mentions-legales,,Local,,15/02/2026,"46 068,00",,,
https://www.docteur-larive-hypnose.fr/mentions-legales,,Local,,15/02/2026,"46 068,00",,,
https://www.karselen-meubles.fr/mentions-legales,,Local,,15/02/2026,"46 068,00",,,
https://www.pblv-plusbellelavie.fr/20/2010/01/31/les-dernieres-dates-de-la-tournee-attache-moi-au-radiateur-avec-rebecca-hampton/,,Local,,15/02/2026,"46 068,00",,,
https://www.zen-cocooning.fr/mentions-legales,,Local,,15/02/2026,"46 068,00",,,
https://www.labonneaubergebreil.fr/mentions-legales,,Local,,15/02/2026,"46 068,00",,,
https://www.soophi.fr/mentions-legales,,Local,,15/02/2026,"46 068,00",,,
https://www.autoreparcaluire.fr/mentions-legales,,Local,,15/02/2026,"46 068,00",,,
https://www.martincharpentier.fr/mentions-legales,,Local,,15/02/2026,"46 068,00",,,
https://www.2ems.fr/mentions-legales,,Local,,15/02/2026,"46 068,00",,,
https://www.lepaddockgrasse.fr/mentions-legales,,Local,,15/02/2026,"46 068,00",,,
https://www.transports-braizat.fr/mentions-legales,,Local,,15/02/2026,"46 068,00",,,
http://techdial.in/how-to-have-a-single-facebook-name/comment-page-127/,,Local,,15/02/2026,"46 068,00",,,
https://www.ag-tolerie.com/mentions-legales,,Local,,15/02/2026,"46 068,00",,,
https://www.le-theatre-des-saveurs.fr/mentions-legales,,Local,,15/02/2026,"46 068,00",,,
https://www.il-romantico-34.com/mentions-legales,,Local,,15/02/2026,"46 068,00",,,
https://www.bois-aucoindufeu.fr/mentions-legales,,Local,,15/02/2026,"46 068,00",,,
https://www.restaurant-carcassonne-11.fr/mentions-legales,,Local,,15/02/2026,"46 068,00",,,
https://www.evidencedunjour.fr/mentions-legales,,Local,,15/02/2026,"46 068,00",,,
https://www.festidays-planner.com/mentions-legales,,Local,,15/02/2026,"46 068,00",,,
https://www.nathalie-coiffure-24.fr/mentions-legales,,Local,,15/02/2026,"46 068,00",,,
https://www.lepetitresto-montelimar.fr/mentions-legales,,Local,,15/02/2026,"46 068,00",,,
https://www.marie-tissot.fr/mentions-legales,,Local,,15/02/2026,"46 068,00",,,
https://www.cavalranch.fr/mentions-legales,,Local,,15/02/2026,"46 068,00",,,
https://www.marie-tissot.eu/mentions-legales,,Local,,15/02/2026,"46 068,00",,,
http://www.searchweb.com/the_worlds_most_visited_web_pages_67/,,Local,,15/02/2026,"46 068,00",,,
https://www.allevants.fr/mentions-legales,,Local,,15/02/2026,"46 068,00",,,
http://advertise2.com/the_worlds_most_visited_web_pages_67/,,Local,,15/02/2026,"46 068,00",,,
https://www.hypno-sens-66.fr/mentions-legales,,Local,,15/02/2026,"46 068,00",,,
https://www.revel-essence.fr/mentions-legales,,Local,,15/02/2026,"46 068,00",,,
https://www.estetecoiffure-marans.com/mentions-legales/,,Local,,15/02/2026,"46 068,00",,,
http://advertisegold.com/the_worlds_most_visited_web_pages_67/,,Local,,15/02/2026,"46 068,00",,,
https://www.resto-lincontournable.fr/mentions-legales,,Local,,15/02/2026,"46 068,00",,,
https://www.saintecolombearabians.fr/mentions-legales,,Local,,15/02/2026,"46 068,00",,,
http://www.buygoldbullions.net/the_worlds_most_visited_web_pages_67/,,Local,,15/02/2026,"46 068,00",,,
https://www.casa-mea.fr/mentions-legales,,Local,,15/02/2026,"46 068,00",,,
http://searchweb.se/the_worlds_most_visited_web_pages_67/,,Local,,15/02/2026,"46 068,00",,,
https://www.pizzeria-merignac.fr/mentions-legales/,,Local,,15/02/2026,"46 068,00",,,
https://www.a-la-rencontre-de-soi-31.fr/mentions-legales,,Local,,15/02/2026,"46 068,00",,,
https://www.locevenement.fr/mentions-legales,,Local,,15/02/2026,"46 068,00",,,
https://www.cote-bistrot-32.fr/mentions-legales,,Local,,15/02/2026,"46 068,00",,,
https://www.chezmaryandco.fr/mentions-legales,,Local,,15/02/2026,"46 068,00",,,
https://www.acs-fermetures.fr/mentions-legales,,Local,,15/02/2026,"46 068,00",,,
https://www.canetacos.fr/mentions-legales,,Local,,15/02/2026,"46 068,00",,,
https://www.a-fleur-de-nature.fr/mentions-legales,,Local,,15/02/2026,"46 068,00",,,
https://www.sandroautos-13.fr/mentions-legales,,Local,,15/02/2026,"46 068,00",,,
https://www.pascalenaberac.fr/mentions-legales,,Local,,15/02/2026,"46 068,00",,,
https://www.techni-lights.fr/mentions-legales,,Local,,15/02/2026,"46 068,00",,,
https://www.milleetunepizzas85.fr/mentions-legales,,Local,,15/02/2026,"46 068,00",,,
https://www.echoppe-01.fr/mentions-legales,,Local,,15/02/2026,"46 068,00",,,
https://www.boucheriebiodelacote.fr/mentions-legales,,Local,,15/02/2026,"46 068,00",,,
https://pikaproduction.com/hello-world/,,Local,,15/02/2026,"46 068,00",,,
https://www.my-e-cig.fr/mentions-legales,,Local,,15/02/2026,"46 068,00",,,
https://www.feerie-esthetique.fr/mentions-legales,,Local,,15/02/2026,"46 068,00",,,
http://advertising-web.org/the_worlds_most_visited_web_pages_67/,,Local,,15/02/2026,"46 068,00",,,
https://www.accetude.fr/mentions-legales,,Local,,15/02/2026,"46 068,00",,,
https://www.entreprise-cousin.fr/mentions-legales,,Local,,15/02/2026,"46 068,00",,,
https://www.pkdeveloppement.com/mentions-legales,,Local,,15/02/2026,"46 068,00",,,
https://www.signalethique-panneaux-led-avignon.fr/mentions-legales,,Local,,15/02/2026,"46 068,00",,,
https://www.hypnose-introspective-rennes-laval.fr/mentions-legales,,Local,,15/02/2026,"46 068,00",,,
https://www.hotelrestaurantlesglycines-66.com/mentions-legales,,Local,,15/02/2026,"46 068,00",,,
https://www.setp-oraison.fr/mentions-legales,,Local,,15/02/2026,"46 068,00",,,
https://www.action-protection-securite.fr/mentions-legales,,Local,,15/02/2026,"46 068,00",,,
https://www.bienamenager.fr/mentions-legales,,Local,,15/02/2026,"46 068,00",,,
https://www.laterredestempliers.fr/mentions-legales,,Local,,15/02/2026,"46 068,00",,,
https://www.garage-des-pradines-orange.fr/mentions-legales,,Local,,15/02/2026,"46 068,00",,,
https://www.menuiserie-guirle.fr/mentions-legales,,Local,,15/02/2026,"46 068,00",,,
https://www.seh-couverture-87.fr/mentions-legales,,Local,,15/02/2026,"46 068,00",,,
https://www.laflambee09.fr/mentions-legales,,Local,,15/02/2026,"46 068,00",,,
https://www.michele-shiatsu-marseille.fr/mentions-legales,,Local,,15/02/2026,"46 068,00",,,
https://www.restaurant-moulinasoufre.fr/mentions-legales,,Local,,15/02/2026,"46 068,00",,,
https://www.le-clos-des-medievales.fr/mentions-legales,,Local,,15/02/2026,"46 068,00",,,
https://www.dlmc-anfriani-20.com/mentions-legales,,Local,,15/02/2026,"46 068,00",,,
https://www.lamaisondelavaisselle.fr/mentions-legales,,Local,,15/02/2026,"46 068,00",,,
https://www.lelodrey.fr/mentions-legales,,Local,,15/02/2026,"46 068,00",,,
https://www.boucherie-ayen.fr/mentions-legales,,Local,,15/02/2026,"46 068,00",,,
https://www.brunet-informatique.fr/mentions-legales,,Local,,15/02/2026,"46 068,00",,,
https://www.elevage-les-terres-de-becquerel.fr/mentions-legales,,Local,,15/02/2026,"46 068,00",,,
https://www.phone-is.fr/mentions-legales,,Local,,15/02/2026,"46 068,00",,,
https://www.letoilegourmande64.fr/mentions-legales,,Local,,15/02/2026,"46 068,00",,,
https://www.elevage-lesptitsbouts.fr/mentions-legales,,Local,,15/02/2026,"46 068,00",,,
https://www.bartpaints.com/mentions-legales,,Local,,15/02/2026,"46 068,00",,,
https://www.lamarjolaine-epicerie-snacking.fr/mentions-legales,,Local,,15/02/2026,"46 068,00",,,
https://www.placo-ikhlef.fr/mentions-legales,,Local,,15/02/2026,"46 068,00",,,
https://www.la-fabrique-d-l.fr/mentions-legales,,Local,,15/02/2026,"46 068,00",,,
https://www.shang-hai.fr/mentions-legales,,Local,,15/02/2026,"46 068,00",,,
https://www.air2-o.com/mentions-legales,,Local,,15/02/2026,"46 068,00",,,
https://www.les-gres-d-uzes.fr/mentions-legales,,Local,,15/02/2026,"46 068,00",,,
https://www.institut-de-beaute-bordeaux.com/mentions-legales,,Local,,15/02/2026,"46 068,00",,,
https://www.autopro-byorange.fr/mentions-legales,,Local,,15/02/2026,"46 068,00",,,
https://www.lafermedebornette.fr/mentions-legales,,Local,,15/02/2026,"46 068,00",,,
https://www.lescale-fromentine.fr/mentions-legales,,Local,,15/02/2026,"46 068,00",,,
https://www.transportstmf.fr/mentions-legales,,Local,,15/02/2026,"46 068,00",,,
https://www.reiki-manuelrodriguez.fr/mentions-legales,,Local,,15/02/2026,"46 068,00",,,
https://www.genie-meca.fr/mentions-legales,,Local,,15/02/2026,"46 068,00",,,
https://www.abc-electreau.fr/mentions-legales,,Local,,15/02/2026,"46 068,00",,,
https://www.frechart.fr/mentions-legales,,Local,,15/02/2026,"46 068,00",,,
https://www.whitegarden.fr/mentions-legales,,Local,,15/02/2026,"46 068,00",,,
https://www.ipm-agencement-renovation-royan.fr/mentions-legales,,Local,,15/02/2026,"46 068,00",,,
https://www.sauvagnac-plomberie-cahors.fr/mentions-legales,,Local,,15/02/2026,"46 068,00",,,
https://www.les-piscines-de-nicolas.fr/mentions-legales,,Local,,15/02/2026,"46 068,00",,,
https://www.connexionetresonance.com/mentions-legales,,Local,,15/02/2026,"46 068,00",,,
https://www.lerelais-desully.fr/mentions-legales,,Local,,15/02/2026,"46 068,00",,,
https://www.luomoeladonna.fr/mentions-legales,,Local,,15/02/2026,"46 068,00",,,
https://www.jml-cloture.fr/mentions-legales,,Local,,15/02/2026,"46 068,00",,,
https://sitac-russe.fr/spip.php?page=jour&date_debut=2011-05-10,,Local,,15/02/2026,"46 068,00",,,
https://www.hrlevage.fr/mentions-legales,,Local,,15/02/2026,"46 068,00",,,
https://www.bistro-truck.fr/mentions-legales,,Local,,15/02/2026,"46 068,00",,,
http://advertise.com.co/the_worlds_most_visited_web_pages_67/,,Local,,15/02/2026,"46 068,00",,,
https://www.sarlcontietfils.fr/mentions-legales,,Local,,15/02/2026,"46 068,00",,,
https://www.openbugbounty.org/reports/311680/,,Local,,15/02/2026,"46 068,00",,,
https://www.lakusine.com/mentions-legales,,Local,,15/02/2026,"46 068,00",,,
https://www.domainedelagrandecanague.fr/mentions-legales,,Local,,15/02/2026,"46 068,00",,,
https://www.mceservices-34.fr/mentions-legales,,Local,,15/02/2026,"46 068,00",,,
https://www.camarguecoquillages.fr/mentions-legales/,,Local,,15/02/2026,"46 068,00",,,
https://www.laboucheriemarcaurele.fr/mentions-legales,,Local,,15/02/2026,"46 068,00",,,
https://www.rotativeservice.fr/mentions-legales,,Local,,15/02/2026,"46 068,00",,,
http://searchweb.at/the_worlds_most_visited_web_pages_67/,,Local,,15/02/2026,"46 068,00",,,
https://www.team-auto-perpignan.fr/mentions-legales,,Local,,15/02/2026,"46 068,00",,,
https://www.pronto-pizza-13.fr/mentions-legales,,Local,,15/02/2026,"46 068,00",,,
https://www.fumisterie-delattre.fr/mentions-legales,,Local,,15/02/2026,"46 068,00",,,
http://www.searchweb.fr/the_worlds_most_visited_web_pages_67/,,Local,,15/02/2026,"46 068,00",,,
https://www.chambres-hotes-saint-alexandre-la-rouviere.fr/mentions-legales,,Local,,15/02/2026,"46 068,00",,,
https://www.lacantina13.fr/mentions-legales,,Local,,15/02/2026,"46 068,00",,,
https://www.le-chaudron-oloron.fr/mentions-legales,,Local,,15/02/2026,"46 068,00",,,
https://www.sunsea-plage.fr/mentions-legales,,Local,,15/02/2026,"46 068,00",,,
https://www.ferme-de-la-coudre.fr/mentions-legales,,Local,,15/02/2026,"46 068,00",,,
https://www.fermelapierrine.fr/mentions-legales,,Local,,15/02/2026,"46 068,00",,,
https://www.charles-patrimoine-assurances.fr/mentions-legales,,Local,,15/02/2026,"46 068,00",,,
https://www.menuiserie-morisseau-70.com/mentions-legales,,Local,,15/02/2026,"46 068,00",,,
https://www.michat-fourrure.fr/mentions-legales,,Local,,15/02/2026,"46 068,00",,,
https://www.lamagnere-mvs.fr/mentions-legales,,Local,,15/02/2026,"46 068,00",,,
https://www.ferzinc74.com/mentions-legales,,Local,,15/02/2026,"46 068,00",,,
https://www.chic-burgers.fr/mentions-legales,,Local,,15/02/2026,"46 068,00",,,
https://www.lamarmite-71.fr/mentions-legales,,Local,,15/02/2026,"46 068,00",,,
https://www.bp-couverture.fr/mentions-legales,,Local,,15/02/2026,"46 068,00",,,
https://www.uchiurlinu.fr/mentions-legales,,Local,,15/02/2026,"46 068,00",,,
https://www.acte-et-lois-sante.fr/mentions-legales,,Local,,15/02/2026,"46 068,00",,,
https://www.hebergement-albi.fr/mentions-legales/,,Local,,15/02/2026,"46 068,00",,,
https://www.ifhconseil.com/mentions-legales,,Local,,15/02/2026,"46 068,00",,,
https://www.evolution-pc-26.fr/mentions-legales,,Local,,15/02/2026,"46 068,00",,,
https://www.francoisemesle.fr/mentions-legales,,Local,,15/02/2026,"46 068,00",,,
https://www.chambresdhotesdefleurus.fr/mentions-legales,,Local,,15/02/2026,"46 068,00",,,
https://www.cs-depannages-reims.com/mentions-legales,,Local,,15/02/2026,"46 068,00",,,
https://www.lelupinblanc.fr/mentions-legales,,Local,,15/02/2026,"46 068,00",,,
https://www.mgm-plombier.fr/mentions-legales,,Local,,15/02/2026,"46 068,00",,,
https://www.autoecole-route-dor.fr/mentions-legales,,Local,,15/02/2026,"46 068,00",,,
https://www.piscine-anduze.fr/mentions-legales,,Local,,15/02/2026,"46 068,00",,,
https://www.le-moulin-du-roc-tombe.fr/mentions-legales,,Local,,15/02/2026,"46 068,00",,,
https://www.asd-electronique.fr/mentions-legales,,Local,,15/02/2026,"46 068,00",,,
https://www.snackamanu.fr/mentions-legales,,Local,,15/02/2026,"46 068,00",,,
http://en.findeen.com/annuaire_t%C3%A9l%C3%A9phonique_france.html,,Local,,15/02/2026,"46 068,00",,,
https://www.ledressing84.fr/mentions-legales,,Local,,15/02/2026,"46 068,00",,,
https://www.aa-speed-multiservices.fr/mentions-legales,,Local,,15/02/2026,"46 068,00",,,
https://www.lesoleralu.fr/mentions-legales,,Local,,15/02/2026,"46 068,00",,,
https://www.larosefleuriste.fr/mentions-legales,,Local,,15/02/2026,"46 068,00",,,
https://www.saintsulpice-automobiles.fr/mentions-legales,,Local,,15/02/2026,"46 068,00",,,
https://www.clean-cars-68.fr/mentions-legales,,Local,,15/02/2026,"46 068,00",,,
https://www.lacroisee-71.fr/mentions-legales,,Local,,15/02/2026,"46 068,00",,,
https://www.chauderon-voyages.fr/mentions-legales,,Local,,15/02/2026,"46 068,00",,,
https://www.pma-libertymag.fr/mentions-legales,,Local,,15/02/2026,"46 068,00",,,
https://www.langage-animal.com/mentions-legales,,Local,,15/02/2026,"46 068,00",,,
https://www.passionnement-traiteur-corse.fr/mentions-legales,,Local,,15/02/2026,"46 068,00",,,
https://www.garage-michel-auto-74.com/mentions-legales,,Local,,15/02/2026,"46 068,00",,,
https://www.vtc-vendee.fr/mentions-legales,,Local,,15/02/2026,"46 068,00",,,
https://www.restaurant-lasuite.fr/mentions-legales,,Local,,15/02/2026,"46 068,00",,,
https://www.teamworksolution.fr/mentions-legales,,Local,,15/02/2026,"46 068,00",,,
http://advertise.onl/the_worlds_most_visited_web_pages_67/,,Local,,15/02/2026,"46 068,00",,,
https://www.paradisia-juice.fr/mentions-legales,,Local,,15/02/2026,"46 068,00",,,
https://www.az-renovation.fr/mentions-legales,,Local,,15/02/2026,"46 068,00",,,
https://www.restaurant-le-chariot.fr/mentions-legales,,Local,,15/02/2026,"46 068,00",,,
https://www.ilcarretto-nice.fr/mentions-legales,,Local,,15/02/2026,"46 068,00",,,
https://www.guinguette-07.com/mentions-legales,,Local,,15/02/2026,"46 068,00",,,
https://www.nellys-coffee.fr/mentions-legales,,Local,,15/02/2026,"46 068,00",,,
https://www.mecahydroflex.com/mentions-legales,,Local,,15/02/2026,"46 068,00",,,
https://www.latabledumarche.fr/mentions-legales,,Local,,15/02/2026,"46 068,00",,,
https://www.menuiserie-bernardraphael.fr/mentions-legales,,Local,,15/02/2026,"46 068,00",,,
https://www.prestigecolor-66.fr/mentions-legales,,Local,,15/02/2026,"46 068,00",,,
https://www.ed-cappella-auto.fr/mentions-legales,,Local,,15/02/2026,"46 068,00",,,
https://franceonline.fr/cat/10333,,Local,,15/02/2026,"46 068,00",,,
https://www.cgs-couverture.fr/mentions-legales,,Local,,15/02/2026,"46 068,00",,,
https://www.restaurant-la-cave-cahors.fr/mentions-legales,,Local,,15/02/2026,"46 068,00",,,
https://www.institutfleurdepeau.fr/mentions-legales,,Local,,15/02/2026,"46 068,00",,,
https://www.boulangeriezola-nantes.fr/mentions-legales,,Local,,15/02/2026,"46 068,00",,,
https://www.aucoupdefer.fr/mentions-legales,,Local,,15/02/2026,"46 068,00",,,
https://www.boulangeriechezstephanieetyann.fr/mentions-legales,,Local,,15/02/2026,"46 068,00",,,
https://www.vbn-limoges.com/mentions-legales,,Local,,15/02/2026,"46 068,00",,,
https://www.lm-conseils-securite-coordination-ssi.fr/mentions-legales,,Local,,15/02/2026,"46 068,00",,,
https://www.castellpeinture.fr/mentions-legales,,Local,,15/02/2026,"46 068,00",,,
https://www.lenoma.fr/mentions-legales,,Local,,15/02/2026,"46 068,00",,,
https://www.baguettedesours.fr/mentions-legales,,Local,,15/02/2026,"46 068,00",,,
https://rallyemotosport.forumgratuit.org/t46-cr-du-diaouteam,,Local,,15/02/2026,"46 068,00",,,
https://www.traiteur-papakook.fr/mentions-legales,,Local,,15/02/2026,"46 068,00",,,
https://www.davidcarnazza-avocat.fr/mentions-legales,,Local,,15/02/2026,"46 068,00",,,
https://www.campingdusoleil.eu/mentions-legales,,Local,,15/02/2026,"46 068,00",,,
https://www.ndouillez-santenaturelle.fr/mentions-legales,,Local,,15/02/2026,"46 068,00",,,
https://www.lemot-delafaim.fr/mentions-legales,,Local,,15/02/2026,"46 068,00",,,
https://www.christianpremel.fr/mentions-legales,,Local,,15/02/2026,"46 068,00",,,
https://www.nborganisation.fr/mentions-legales,,Local,,15/02/2026,"46 068,00",,,
https://www.maryb-coiffure.fr/mentions-legales,,Local,,15/02/2026,"46 068,00",,,
https://www.laporte-amiot.fr/mentions-legales,,Local,,15/02/2026,"46 068,00",,,
https://www.le-chemin-bio.fr/mentions-legales,,Local,,15/02/2026,"46 068,00",,,
https://www.barbicaja-alta-20.com/mentions-legales,,Local,,15/02/2026,"46 068,00",,,
https://www.apero12.fr/mentions-legales,,Local,,15/02/2026,"46 068,00",,,
https://www.le-st-martin.fr/mentions-legales,,Local,,15/02/2026,"46 068,00",,,
https://www.aquitainestopnuisibles.fr/mentions-legales,,Local,,15/02/2026,"46 068,00",,,
https://www.la-bergerie-de-flo-44.fr/mentions-legales,,Local,,15/02/2026,"46 068,00",,,
https://www.gym-center.fr/mentions-legales,,Local,,15/02/2026,"46 068,00",,,
https://www.2armatures.fr/mentions-legales,,Local,,15/02/2026,"46 068,00",,,
https://www.isatifs-coiffure-34.fr/mentions-legales,,Local,,15/02/2026,"46 068,00",,,
https://www.francetvinfo.fr/culture/arts-expos/premier-hommage-au-peintre-daniel-sarrabat_3366821.html,,Local,,15/02/2026,"46 068,00",,,
https://www.cotevignes-84.fr/mentions-legales,,Local,,15/02/2026,"46 068,00",,,
https://www.ege-elec-84.com/mentions-legales,,Local,,15/02/2026,"46 068,00",,,
https://www.lebeatitude.fr/mentions-legales,,Local,,15/02/2026,"46 068,00",,,
https://www.vaison-nettoyage.fr/mentions-legales,,Local,,15/02/2026,"46 068,00",,,
https://www.formation-massages-energetique.fr/mentions-legales,,Local,,15/02/2026,"46 068,00",,,
https://www.calvi-location-corse.fr/mentions-legales,,Local,,15/02/2026,"46 068,00",,,
https://www.artusconsultants.com/mentions-legales,,Local,,15/02/2026,"46 068,00",,,
https://www.lafermedusublon.com/mentions-legales,,Local,,15/02/2026,"46 068,00",,,
https://www.encadrement-tramier.fr/mentions-legales,,Local,,15/02/2026,"46 068,00",,,
https://www.lestpierre.fr/mentions-legales,,Local,,15/02/2026,"46 068,00",,,
https://www.lf-boisetdeco-uffholtz.fr/mentions-legales,,Local,,15/02/2026,"46 068,00",,,
https://www.saintcharleshotel.eu/mentions-legales,,Local,,15/02/2026,"46 068,00",,,
https://www.latabledesvignerons-11.fr/mentions-legales,,Local,,15/02/2026,"46 068,00",,,
https://www.indian-lounge-nice.fr/mentions-legales,,Local,,15/02/2026,"46 068,00",,,
https://www.pharmaciejozan.fr/mentions-legales,,Local,,15/02/2026,"46 068,00",,,
https://www.sarl-delplanque.fr/mentions-legales,,Local,,15/02/2026,"46 068,00",,,
https://www.closdeladrex.com/mentions-legales,,Local,,15/02/2026,"46 068,00",,,
https://www.sarlin-maconnerie.fr/mentions-legales,,Local,,15/02/2026,"46 068,00",,,
https://www.miam-cuisine.com/mentions-legales,,Local,,15/02/2026,"46 068,00",,,
https://www.smsmedical.fr/mentions-legales,,Local,,15/02/2026,"46 068,00",,,
https://www.cgbati39.fr/mentions-legales,,Local,,15/02/2026,"46 068,00",,,
https://www.gitescourtois.fr/mentions-legales,,Local,,15/02/2026,"46 068,00",,,
https://www.dvauto-dvagricole.fr/mentions-legales,,Local,,15/02/2026,"46 068,00",,,
https://www.la-boulange-de-peillo.fr/mentions-legales,,Local,,15/02/2026,"46 068,00",,,
https://www.ds-services69.fr/mentions-legales,,Local,,15/02/2026,"46 068,00",,,
https://www.chambres-abri-cotier.fr/mentions-legales,,Local,,15/02/2026,"46 068,00",,,
https://www.the-coffee-house.fr/mentions-legales,,Local,,15/02/2026,"46 068,00",,,
https://www.garagedutemple-83.fr/mentions-legales,,Local,,15/02/2026,"46 068,00",,,
https://www.plaisirsdapprendre.fr/mentions-legales,,Local,,15/02/2026,"46 068,00",,,
https://www.boucherielamaisonlehel.fr/mentions-legales,,Local,,15/02/2026,"46 068,00",,,
https://www.leboisdelune.fr/mentions-legales,,Local,,15/02/2026,"46 068,00",,,
https://www.nbrenov.fr/mentions-legales,,Local,,15/02/2026,"46 068,00",,,
https://www.amelectricite.fr/mentions-legales,,Local,,15/02/2026,"46 068,00",,,
https://www.remontees-mecaniques.net/forums/index.php?showtopic=5291&st=80,,Local,,15/02/2026,"46 068,00",,,
https://www.unecoquillesousloreiller-43.com/mentions-legales,,Local,,15/02/2026,"46 068,00",,,
https://www.filliere-boucherie-vedene.fr/mentions-legales,,Local,,15/02/2026,"46 068,00",,,
https://www.laboulangeriedecadolan.fr/mentions-legales,,Local,,15/02/2026,"46 068,00",,,
https://www.boucherie-charroin.fr/mentions-legales,,Local,,15/02/2026,"46 068,00",,,
https://www.bocachica-bar.fr/mentions-legales,,Local,,15/02/2026,"46 068,00",,,
https://www.lefournildesaintorens.fr/mentions-legales,,Local,,15/02/2026,"46 068,00",,,
https://www.ferme-rey-giraud.fr/mentions-legales,,Local,,15/02/2026,"46 068,00",,,
https://www.cycles-chevallier.fr/mentions-legales,,Local,,15/02/2026,"46 068,00",,,
https://www.happyogi-marinegabana.com/mentions-legales,,Local,,15/02/2026,"46 068,00",,,
https://www.al-karting-les-mathes.fr/mentions-legales,,Local,,15/02/2026,"46 068,00",,,
https://www.lafermedumoura.fr/mentions-legales,,Local,,15/02/2026,"46 068,00",,,
https://www.salon-murphy.fr/mentions-legales,,Local,,15/02/2026,"46 068,00",,,
https://www.boulangerieboillod.fr/mentions-legales,,Local,,15/02/2026,"46 068,00",,,
https://www.franck-coiffure.fr/mentions-legales,,Local,,15/02/2026,"46 068,00",,,
https://www.aude-baladeacheval.fr/mentions-legales,,Local,,15/02/2026,"46 068,00",,,
https://www.levieuxcarre.fr/mentions-legales,,Local,,15/02/2026,"46 068,00",,,
https://www.lesmaisonsdevie33.fr/mentions-legales,,Local,,15/02/2026,"46 068,00",,,
https://www.labonnefranquette-61.fr/mentions-legales,,Local,,15/02/2026,"46 068,00",,,
https://www.autourdunverre-89.fr/mentions-legales,,Local,,15/02/2026,"46 068,00",,,
https://www.trempadou-services-renovation-construction-piscines.fr/mentions-legales,,Local,,15/02/2026,"46 068,00",,,
https://www.mps83.com/mentions-legales,,Local,,15/02/2026,"46 068,00",,,
https://www.jbclim.fr/mentions-legales,,Local,,15/02/2026,"46 068,00",,,
https://www.maisonb-bastia.fr/mentions-legales,,Local,,15/02/2026,"46 068,00",,,
https://www.auriol-diesel.fr/mentions-legales,,Local,,15/02/2026,"46 068,00",,,
https://www.le-rince-quenottes.fr/mentions-legales,,Local,,15/02/2026,"46 068,00",,,
https://www.gitelouparadou-orange.com/mentions-legales,,Local,,15/02/2026,"46 068,00",,,
https://www.lna-renovation-13.fr/mentions-legales,,Local,,15/02/2026,"46 068,00",,,
https://www.electro-jkr17.fr/mentions-legales,,Local,,15/02/2026,"46 068,00",,,
https://www.kitchenroad-burger.fr/mentions-legales,,Local,,15/02/2026,"46 068,00",,,
https://www.ae2s.fr/mentions-legales,,Local,,15/02/2026,"46 068,00",,,
https://www.benjamin-bremond-terrassement.fr/mentions-legales,,Local,,15/02/2026,"46 068,00",,,
https://www.cyhc.fr/mentions-legales,,Local,,15/02/2026,"46 068,00",,,
https://www.bistrot-de-meme-17.com/mentions-legales,,Local,,15/02/2026,"46 068,00",,,
https://www.obergesdulac.fr/mentions-legales,,Local,,15/02/2026,"46 068,00",,,
https://www.restaurant-st-denis-de-gastines-53.fr/mentions-legales/,,Local,,15/02/2026,"46 068,00",,,
https://www.service-eco-boat.fr/mentions-legales,,Local,,15/02/2026,"46 068,00",,,
https://www.save-my-phone.fr/mentions-legales,,Local,,15/02/2026,"46 068,00",,,
https://www.atelier-62.fr/mentions-legales,,Local,,15/02/2026,"46 068,00",,,
https://www.salon-coiffure-imaginhair.fr/mentions-legales,,Local,,15/02/2026,"46 068,00",,,
https://www.isplatrerie.fr/mentions-legales,,Local,,15/02/2026,"46 068,00",,,
https://www.ledauphinhotel.com/mentions-legales,,Local,,15/02/2026,"46 068,00",,,
https://www.infirmiere-saint-simon.fr/mentions-legales,,Local,,15/02/2026,"46 068,00",,,
https://www.lapicholine66.com/mentions-legales,,Local,,15/02/2026,"46 068,00",,,
https://www.cltp-terrassement-13.fr/mentions-legales,,Local,,15/02/2026,"46 068,00",,,
https://www.palumbo-clim-chauffage-vehicules.fr/mentions-legales,,Local,,15/02/2026,"46 068,00",,,
https://www.lahaltegourmande69.fr/mentions-legales,,Local,,15/02/2026,"46 068,00",,,
https://www.carrosserie-tempestini.fr/mentions-legales,,Local,,15/02/2026,"46 068,00",,,
https://www.top-chrono-pc-and-phone.fr/mentions-legales,,Local,,15/02/2026,"46 068,00",,,
https://www.angel-naturopathe.fr/mentions-legales,,Local,,15/02/2026,"46 068,00",,,
https://www.mgc-12.fr/mentions-legales,,Local,,15/02/2026,"46 068,00",,,
https://www.entreprise-desormeau.fr/mentions-legales,,Local,,15/02/2026,"46 068,00",,,
https://www.mghabitat-2a.fr/mentions-legales,,Local,,15/02/2026,"46 068,00",,,
https://www.centreequestrebessan-34.fr/mentions-legales,,Local,,15/02/2026,"46 068,00",,,
https://www.sophrologie-pour-tous-foulayronnes.fr/mentions-legales,,Local,,15/02/2026,"46 068,00",,,
https://www.leschevauxdurajal.fr/mentions-legales,,Local,,15/02/2026,"46 068,00",,,
https://www.lejardinprovencal.fr/mentions-legales,,Local,,15/02/2026,"46 068,00",,,
https://www.aerodecapcj.fr/mentions-legales,,Local,,15/02/2026,"46 068,00",,,
https://www.les-patisseries-d-olivier.fr/mentions-legales,,Local,,15/02/2026,"46 068,00",,,
https://www.manade-raynaud.com/mentions-legales,,Local,,15/02/2026,"46 068,00",,,
https://www.pates-daminiani.fr/mentions-legales,,Local,,15/02/2026,"46 068,00",,,
https://www.fromagergourmet.com/mentions-legales,,Local,,15/02/2026,"46 068,00",,,
https://www.noe-terrassement.fr/mentions-legales,,Local,,15/02/2026,"46 068,00",,,
https://www.camping-aquitaine82.com/mentions-legales,,Local,,15/02/2026,"46 068,00",,,
https://www.patisserie-glacier-la-viennoise.fr/mentions-legales,,Local,,15/02/2026,"46 068,00",,,
https://www.euro-assainissement.fr/mentions-legales,,Local,,15/02/2026,"46 068,00",,,
https://www.lamerejouvenceaux.fr/mentions-legales,,Local,,15/02/2026,"46 068,00",,,
https://www.etangdesteph.fr/mentions-legales,,Local,,15/02/2026,"46 068,00",,,
https://www.aurorelcgphotographie.fr/mentions-legales,,Local,,15/02/2026,"46 068,00",,,
https://www.moulinpetiteverriere.com/mentions-legales,,Local,,15/02/2026,"46 068,00",,,
https://www.betoncontrole31.fr/mentions-legales,,Local,,15/02/2026,"46 068,00",,,
https://www.la-cave-des-saveurs.fr/mentions-legales,,Local,,15/02/2026,"46 068,00",,,
https://www.lambroisie.fr/mentions-legales,,Local,,15/02/2026,"46 068,00",,,
https://www.lartscene-ecole.fr/mentions-legales,,Local,,15/02/2026,"46 068,00",,,
https://www.vins-phillipeboillot.fr/mentions-legales,,Local,,15/02/2026,"46 068,00",,,
https://www.lencrepirates.com/mentions-legales,,Local,,15/02/2026,"46 068,00",,,
https://www.tablesdumieuxetre.fr/mentions-legales,,Local,,15/02/2026,"46 068,00",,,
https://www.batit-tout.fr/mentions-legales,,Local,,15/02/2026,"46 068,00",,,
https://www.barraconu.com/mentions-legales/,,Local,,15/02/2026,"46 068,00",,,
https://www.ecoenergies-plus.fr/mentions-legales,,Local,,15/02/2026,"46 068,00",,,
https://www.services-auto-84.fr/mentions-legales,,Local,,15/02/2026,"46 068,00",,,
https://www.chiropratique-posture-24.fr/mentions-legales,,Local,,15/02/2026,"46 068,00",,,
https://www.boucherie-de-poisy.fr/mentions-legales,,Local,,15/02/2026,"46 068,00",,,
https://www.autoecoleduchapeaurouge.fr/mentions-legales,,Local,,15/02/2026,"46 068,00",,,
https://www.cleanhousepro.fr/mentions-legales,,Local,,15/02/2026,"46 068,00",,,
https://www.cfsrsylvainramel.fr/mentions-legales,,Local,,15/02/2026,"46 068,00",,,
https://www.gle-elec.com/mentions-legales,,Local,,15/02/2026,"46 068,00",,,
https://www.carpentersfood.fr/mentions-legales,,Local,,15/02/2026,"46 068,00",,,
https://www.boulangeriedesdomes.fr/mentions-legales,,Local,,15/02/2026,"46 068,00",,,
https://www.auberge-evires.fr/mentions-legales,,Local,,15/02/2026,"46 068,00",,,
https://www.2gphotographie.fr/mentions-legales,,Local,,15/02/2026,"46 068,00",,,
https://www.atelierdugranit.fr/mentions-legales,,Local,,15/02/2026,"46 068,00",,,
https://www.mark-bean-formation.fr/mentions-legales,,Local,,15/02/2026,"46 068,00",,,
https://www.azurinterim.fr/mentions-legales,,Local,,15/02/2026,"46 068,00",,,
https://www.charcuteriemaisonlegrand.fr/mentions-legales,,Local,,15/02/2026,"46 068,00",,,
https://www.animproevenement.fr/mentions-legales,,Local,,15/02/2026,"46 068,00",,,
https://www.csi57.fr/mentions-legales,,Local,,15/02/2026,"46 068,00",,,
https://www.plazabeach-bylesgalets.fr/mentions-legales,,Local,,15/02/2026,"46 068,00",,,
https://www.bistrotpolaire.fr/mentions-legales,,Local,,15/02/2026,"46 068,00",,,
https://forums.madmoizelle.com/sujets/agenda-des-sorties-lyon.63712/page-2,,Local,,15/02/2026,"46 068,00",,,
https://www.aaa-formations.fr/mentions-legales,,Local,,15/02/2026,"46 068,00",,,
https://www.pro-meubles-agencements.fr/mentions-legales,,Local,,15/02/2026,"46 068,00",,,
https://www.pousset-traiteur-boucherie.fr/mentions-legales,,Local,,15/02/2026,"46 068,00",,,
https://www.faurielnettoyage-42.fr/mentions-legales,,Local,,15/02/2026,"46 068,00",,,
https://www.epicerie-plaisirbio.fr/mentions-legales,,Local,,15/02/2026,"46 068,00",,,
https://www.polybatiment.fr/mentions-legales,,Local,,15/02/2026,"46 068,00",,,
https://www.hotel-algajola.eu/mentions-legales,,Local,,15/02/2026,"46 068,00",,,
https://www.lenviedesmets-84.fr/mentions-legales,,Local,,15/02/2026,"46 068,00",,,
https://www.hotelduport-11.fr/mentions-legales,,Local,,15/02/2026,"46 068,00",,,
https://www.3d-forme.fr/mentions-legales,,Local,,15/02/2026,"46 068,00",,,
https://www.traiteur-indien.fr/mentions-legales,,Local,,15/02/2026,"46 068,00",,,
https://www.hanami-brezet.fr/mentions-legales,,Local,,15/02/2026,"46 068,00",,,
https://www.13-elect.fr/mentions-legales,,Local,,15/02/2026,"46 068,00",,,
https://www.ten-roussillon.com/mentions-legales,,Local,,15/02/2026,"46 068,00",,,
https://www.domaineamgavignet.fr/mentions-legales,,Local,,15/02/2026,"46 068,00",,,
https://www.ecole-de-danse-theatre-du-moulin.fr/mentions-legales,,Local,,15/02/2026,"46 068,00",,,
https://www.bionettoyagegrandest.fr/mentions-legales,,Local,,15/02/2026,"46 068,00",,,
https://www.leparcdetirpoil.com/mentions-legales,,Local,,15/02/2026,"46 068,00",,,
https://www.le-bistronome.fr/mentions-legales,,Local,,15/02/2026,"46 068,00",,,
https://www.les-villas-saint-laurent.com/mentions-legales,,Local,,15/02/2026,"46 068,00",,,
https://www.auto-vo-13.fr/mentions-legales,,Local,,15/02/2026,"46 068,00",,,
https://www.colette-perennec-biomagnetisme.fr/mentions-legales/,,Local,,15/02/2026,"46 068,00",,,
https://www.ls-pose.fr/mentions-legales,,Local,,15/02/2026,"46 068,00",,,
https://www.conceptvertetpaysage.fr/mentions-legales,,Local,,15/02/2026,"46 068,00",,,
https://www.puble157.fr/mentions-legales,,Local,,15/02/2026,"46 068,00",,,
https://www.squashclub-parcducup.fr/mentions-legales,,Local,,15/02/2026,"46 068,00",,,
https://www.campingdusoleil.com/mentions-legales,,Local,,15/02/2026,"46 068,00",,,
https://www.clean-auto.fr/mentions-legales,,Local,,15/02/2026,"46 068,00",,,
https://www.lesecuriesdesaphir.fr/mentions-legales,,Local,,15/02/2026,"46 068,00",,,
https://www.equitation-prety-cuisery.fr/mentions-legales,,Local,,15/02/2026,"46 068,00",,,
https://www.aupubdestrolls.fr/mentions-legales,,Local,,15/02/2026,"46 068,00",,,
https://www.loupintre-nextrenovation.fr/mentions-legales,,Local,,15/02/2026,"46 068,00",,,
https://www.domainedestroisfilles.fr/mentions-legales,,Local,,15/02/2026,"46 068,00",,,
https://www.drivart-84.fr/mentions-legales,,Local,,15/02/2026,"46 068,00",,,
https://www.autoperformances-13.fr/mentions-legales,,Local,,15/02/2026,"46 068,00",,,
https://www.socomap-perpignan.fr/mentions-legales,,Local,,15/02/2026,"46 068,00",,,
https://www.loustaldelannetta.fr/mentions-legales,,Local,,15/02/2026,"46 068,00",,,
https://www.lacuisinededith-84.fr/mentions-legales,,Local,,15/02/2026,"46 068,00",,,
https://www.la-locomitive-corte.fr/mentions-legales,,Local,,15/02/2026,"46 068,00",,,
https://www.mayenergie-53.fr/mentions-legales,,Local,,15/02/2026,"46 068,00",,,
https://www.omghydraulique.com/mentions-legales,,Local,,15/02/2026,"46 068,00",,,
https://www.lesterrassesdelacoterouge.fr/mentions-legales,,Local,,15/02/2026,"46 068,00",,,
http://www.visual-pagerank.org/rapport-analyse-d3d3LmxvY2FsLmZy-www.local.fr,,Local,,15/02/2026,"46 068,00",,,
https://www.leranch-de-laubarede.fr/mentions-legales,,Local,,15/02/2026,"46 068,00",,,
https://www.sandoli-traiteur.fr/mentions-legales,,Local,,15/02/2026,"46 068,00",,,
https://www.taxi-tavagna.fr/mentions-legales,,Local,,15/02/2026,"46 068,00",,,
https://www.lachamade-21.fr/mentions-legales,,Local,,15/02/2026,"46 068,00",,,
https://www.asg-securite.fr/mentions-legales,,Local,,15/02/2026,"46 068,00",,,
https://www.hammam-de-la-republique.fr/mentions-legales,,Local,,15/02/2026,"46 068,00",,,
https://www.vins-doc34.fr/mentions-legales,,Local,,15/02/2026,"46 068,00",,,
https://www.nadege-coiffure.fr/mentions-legales,,Local,,15/02/2026,"46 068,00",,,
https://www.creazyvap-01.com/mentions-legales,,Local,,15/02/2026,"46 068,00",,,
https://www.solosec.fr/mentions-legales,,Local,,15/02/2026,"46 068,00",,,
https://www.antoine-coiffure-bastia.fr/mentions-legales,,Local,,15/02/2026,"46 068,00",,,
http://theinternet.es/the_worlds_most_visited_web_pages_67/,,Local,,15/02/2026,"46 068,00",,,
https://www.procarrelages.fr/mentions-legales,,Local,,15/02/2026,"46 068,00",,,
https://www.logic-etudes.fr/mentions-legales,,Local,,15/02/2026,"46 068,00",,,
https://www.revesenscene.fr/mentions-legales,,Local,,15/02/2026,"46 068,00",,,
https://www.au-lion-de-belfort.fr/mentions-legales,,Local,,15/02/2026,"46 068,00",,,
https://www.motel-lesamandiers-ajaccio.com/mentions-legales,,Local,,15/02/2026,"46 068,00",,,
https://www.masdelaguardia.com/mentions-legales,,Local,,15/02/2026,"46 068,00",,,
https://www.epicerie-authentique-devecey.fr/mentions-legales,,Local,,15/02/2026,"46 068,00",,,
https://www.bsloc.fr/mentions-legales,,Local,,15/02/2026,"46 068,00",,,
https://www.oeufdeseyssel-74.fr/mentions-legales,,Local,,15/02/2026,"46 068,00",,,
https://www.seb-services.fr/mentions-legales,,Local,,15/02/2026,"46 068,00",,,
https://www.artisan-bearn-services.fr/mentions-legales,,Local,,15/02/2026,"46 068,00",,,
https://www.acoricourtage.fr/mentions-legales,,Local,,15/02/2026,"46 068,00",,,
https://www.autoecole-balagne.fr/mentions-legales,,Local,,15/02/2026,"46 068,00",,,
https://www.auto-ecole-isle-sorgue.fr/mentions-legales,,Local,,15/02/2026,"46 068,00",,,
https://www.abiodoc.fr/mentions-legales,,Local,,15/02/2026,"46 068,00",,,
https://www.pizzeria-lavigata.fr/mentions-legales,,Local,,15/02/2026,"46 068,00",,,
https://www.bretagnecomputer.fr/mentions-legales,,Local,,15/02/2026,"46 068,00",,,
https://www.open-domotique.fr/mentions-legales,,Local,,15/02/2026,"46 068,00",,,
https://www.chefpele.com/mentions-legales,,Local,,15/02/2026,"46 068,00",,,
https://www.coiffeuse-domicile-35.fr/mentions-legales,,Local,,15/02/2026,"46 068,00",,,
https://www.audrey-peral.fr/mentions-legales,,Local,,15/02/2026,"46 068,00",,,
https://www.bkplac.fr/mentions-legales,,Local,,15/02/2026,"46 068,00",,,
https://www.labellesaison-nice.fr/mentions-legales,,Local,,15/02/2026,"46 068,00",,,
https://www.equitation-accordee.com/mentions-legales,,Local,,15/02/2026,"46 068,00",,,
https://www.ferronnier-sarrians-84.fr/mentions-legales,,Local,,15/02/2026,"46 068,00",,,
https://www.lessacsdemarie.fr/mentions-legales,,Local,,15/02/2026,"46 068,00",,,
https://www.closdesaigrettes.fr/mentions-legales,,Local,,15/02/2026,"46 068,00",,,
https://www.gandhi83.fr/mentions-legales,,Local,,15/02/2026,"46 068,00",,,
https://www.climeotherm.fr/mentions-legales,,Local,,15/02/2026,"46 068,00",,,
https://www.audience-local.fr/mentions-legales,,Local,,15/02/2026,"46 068,00",,,
https://www.boutique-yoyo.fr/mentions-legales,,Local,,15/02/2026,"46 068,00",,,
https://www.rv-motoculture.fr/mentions-legales,,Local,,15/02/2026,"46 068,00",,,
https://www.lafermemedalle.com/mentions-legales,,Local,,15/02/2026,"46 068,00",,,
https://www.ogredesvendanges-84.com/mentions-legales,,Local,,15/02/2026,"46 068,00",,,
https://www.marbrerie-piccoli.fr/mentions-legales,,Local,,15/02/2026,"46 068,00",,,
https://www.keskeces.fr/avocat/elisabeth-pigois-29600-morlaix.html,,Local,,15/02/2026,"46 068,00",,,
https://www.secondenature-artisanfleuriste.fr/mentions-legales,,Local,,15/02/2026,"46 068,00",,,
https://www.muriel-vaillant-hypnotherapeute.fr/mentions-legales,,Local,,15/02/2026,"46 068,00",,,
https://www.automoto-ecole-turbo.fr/mentions-legales,,Local,,15/02/2026,"46 068,00",,,
https://www.restaurantlerabelais.fr/mentions-legales/,,Local,,15/02/2026,"46 068,00",,,
https://www.lamaisondaste65.fr/mentions-legales,,Local,,15/02/2026,"46 068,00",,,
https://www.metifet-portail.fr/mentions-legales,,Local,,15/02/2026,"46 068,00",,,
https://www.ffprodesign.com/mentions-legales,,Local,,15/02/2026,"46 068,00",,,
https://www.auvaldor.fr/mentions-legales,,Local,,15/02/2026,"46 068,00",,,
https://www.triplea.fr/forum/viewtopic.php?f=63&t=1951,,Local,,15/02/2026,"46 068,00",,,
https://www.lou-bus-daqui.fr/mentions-legales,,Local,,15/02/2026,"46 068,00",,,
https://www.boucherieborrely.fr/mentions-legales,,Local,,15/02/2026,"46 068,00",,,
https://www.prieure-saint-martial.eu/mentions-legales,,Local,,15/02/2026,"46 068,00",,,
https://www.tobal-plaquiste.fr/mentions-legales,,Local,,15/02/2026,"46 068,00",,,
https://www.lafolierouge.fr/mentions-legales,,Local,,15/02/2026,"46 068,00",,,
https://www.inter-meubles.fr/mentions-legales,,Local,,15/02/2026,"46 068,00",,,
https://www.home-institut.fr/mentions-legales,,Local,,15/02/2026,"46 068,00",,,
https://www.mathieuetfanny-traiteur.fr/mentions-legales,,Local,,15/02/2026,"46 068,00",,,
https://www.moussesdurouergue.com/mentions-legales/,,Local,,15/02/2026,"46 068,00",,,
https://www.maison-obert.fr/mentions-legales,,Local,,15/02/2026,"46 068,00",,,
https://www.wellcomm-millau.fr/mentions-legales,,Local,,15/02/2026,"46 068,00",,,
https://www.trog.fr/mentions-legales,,Local,,15/02/2026,"46 068,00",,,
https://www.education-canine-dc-delphine-bordeaux.fr/mentions-legales,,Local,,15/02/2026,"46 068,00",,,
https://www.boucherie-melquior.fr/mentions-legales,,Local,,15/02/2026,"46 068,00",,,
https://www.pocora-charpente.fr/mentions-legales,,Local,,15/02/2026,"46 068,00",,,
https://www.serpolet-bidaud.fr/mentions-legales,,Local,,15/02/2026,"46 068,00",,,
https://www.gitedelabouvotte-10.fr/mentions-legales,,Local,,15/02/2026,"46 068,00",,,
https://www.hairtwins-39.fr/mentions-legales,,Local,,15/02/2026,"46 068,00",,,
https://www.jmloc.fr/mentions-legales,,Local,,15/02/2026,"46 068,00",,,
https://www.kalypso-piscines-bandol.fr/mentions-legales,,Local,,15/02/2026,"46 068,00",,,
https://www.osteopathes-perron-chapuis.fr/mentions-legales,,Local,,15/02/2026,"46 068,00",,,
https://www.popoteetpapilles.fr/mentions-legales,,Local,,15/02/2026,"46 068,00",,,
https://www.equi-costieres-30.fr/mentions-legales,,Local,,15/02/2026,"46 068,00",,,
https://www.amicuccie-electricite.com/mentions-legales,,Local,,15/02/2026,"46 068,00",,,
https://www.leman-instruments.com/mentions-legales,,Local,,15/02/2026,"46 068,00",,,
https://www.platrerie-peinture-desiderienne.fr/mentions-legales,,Local,,15/02/2026,"46 068,00",,,
https://www.mecamarinepropulsion.fr/mentions-legales,,Local,,15/02/2026,"46 068,00",,,
https://www.maconnerieservice.fr/mentions-legales,,Local,,15/02/2026,"46 068,00",,,
https://www.a-lencre.fr/mentions-legales,,Local,,15/02/2026,"46 068,00",,,
https://www.gralon.net/annuaire/internet-et-webmaster/referencement/page-web-annuaire-telephonique-pro--loisirs-et-sortie-dans-votre-ville-79818.htm,,Local,,15/02/2026,"46 068,00",,,
http://kay86.cocolog-nifty.com/kioku/2006/10/loto6.html,,Local,,15/02/2026,"46 068,00",,,
https://www.lauberge-de-lhers.fr/mentions-legales,,Local,,15/02/2026,"46 068,00",,,
https://www.ledonquichotte.fr/mentions-legales,,Local,,15/02/2026,"46 068,00",,,
https://www.transports-dubau.fr/mentions-legales,,Local,,15/02/2026,"46 068,00",,,
https://www.astp-85.fr/mentions-legales,,Local,,15/02/2026,"46 068,00",,,
https://www.resine-sol.com/mentions-legales,,Local,,15/02/2026,"46 068,00",,,
https://www.brv-conseil.fr/mentions-legales,,Local,,15/02/2026,"46 068,00",,,
https://www.larbre-vert-68.fr/mentions-legales,,Local,,15/02/2026,"46 068,00",,,
https://www.cave-renaudin.fr/mentions-legales,,Local,,15/02/2026,"46 068,00",,,
https://www.sarl-lopez-maconnerie.fr/mentions-legales,,Local,,15/02/2026,"46 068,00",,,
https://www.restaurant-bormes.fr/mentions-legales,,Local,,15/02/2026,"46 068,00",,,
https://www.jc-metal.fr/mentions-legales,,Local,,15/02/2026,"46 068,00",,,
https://www.lido-plage.fr/mentions-legales,,Local,,15/02/2026,"46 068,00",,,
https://www.local-agenda.fr/mentions-legales,,Local,,15/02/2026,"46 068,00",,,
https://www.velometier.com/mentions-legales,,Local,,15/02/2026,"46 068,00",,,
https://www.latierre-fromagerie.fr/mentions-legales,,Local,,15/02/2026,"46 068,00",,,
https://www.ducastel-paysage-84.fr/mentions-legales,,Local,,15/02/2026,"46 068,00",,,
https://www.leconte-nettoyage-narbonne.fr/mentions-legales,,Local,,15/02/2026,"46 068,00",,,
https://www.gillesguiffault.fr/mentions-legales,,Local,,15/02/2026,"46 068,00",,,
https://www.multisolsgenevois.com/mentions-legales,,Local,,15/02/2026,"46 068,00",,,
https://www.imprimerie-moderne01.fr/mentions-legales,,Local,,15/02/2026,"46 068,00",,,
https://www.elagage-arbres-et-co-64.fr/mentions-legales,,Local,,15/02/2026,"46 068,00",,,
https://www.gokupizza.fr/mentions-legales,,Local,,15/02/2026,"46 068,00",,,
https://www.chateauhauterives.fr/mentions-legales,,Local,,15/02/2026,"46 068,00",,,
https://www.fermepedagogique-lamatarelle.fr/mentions-legales,,Local,,15/02/2026,"46 068,00",,,
https://www.gpha.fr/mentions-legales,,Local,,15/02/2026,"46 068,00",,,
https://www.u-lampione.fr/mentions-legales,,Local,,15/02/2026,"46 068,00",,,
https://www.giteslenati.fr/mentions-legales,,Local,,15/02/2026,"46 068,00",,,
https://www.thermoformage-emballage-plastique.com/mentions-legales,,Local,,15/02/2026,"46 068,00",,,
https://www.episode-bienetre.fr/mentions-legales,,Local,,15/02/2026,"46 068,00",,,
https://www.burgeretratatouille.com/mentions-legales,,Local,,15/02/2026,"46 068,00",,,
https://www.maisons-maya.fr/mentions-legales,,Local,,15/02/2026,"46 068,00",,,
https://www.lagrangedulevat.fr/mentions-legales,,Local,,15/02/2026,"46 068,00",,,
https://www.coutureandco.fr/mentions-legales,,Local,,15/02/2026,"46 068,00",,,
https://www.menuiserie-leone.fr/mentions-legales,,Local,,15/02/2026,"46 068,00",,,
https://www.villalavista.eu/mentions-legales,,Local,,15/02/2026,"46 068,00",,,
https://www.camping-bel-event.com/mentions-legales,,Local,,15/02/2026,"46 068,00",,,
https://info.local.ch/it/ricerca-internazionale,,Local,,15/02/2026,"46 068,00",,,
https://www.villalavista.de/mentions-legales,,Local,,15/02/2026,"46 068,00",,,
https://www.aerotech16.com/mentions-legales,,Local,,15/02/2026,"46 068,00",,,
https://www.olivier-jardin-luberon.fr/mentions-legales,,Local,,15/02/2026,"46 068,00",,,
https://www.marieangecucchi.com/mentions-legales,,Local,,15/02/2026,"46 068,00",,,
https://www.menuiserie-abr.fr/mentions-legales,,Local,,15/02/2026,"46 068,00",,,
https://www.reconfort.fr/mentions-legales,,Local,,15/02/2026,"46 068,00",,,
https://www.espace-de-la-cremade.fr/mentions-legales,,Local,,15/02/2026,"46 068,00",,,
https://www.coiffeur-relooking-expertise.fr/mentions-legales,,Local,,15/02/2026,"46 068,00",,,
https://www.kiyaluz.fr/mentions-legales,,Local,,15/02/2026,"46 068,00",,,
https://www.ch-construction.fr/mentions-legales,,Local,,15/02/2026,"46 068,00",,,
https://www.lescheminsdepierre.fr/mentions-legales,,Local,,15/02/2026,"46 068,00",,,
https://www.changedetection.com/directory.html?dirstart=47980,,Local,,15/02/2026,"46 068,00",,,
http://webseekings.com/the_worlds_most_visited_web_pages_67/,,Local,,15/02/2026,"46 068,00",,,
https://www.ad-alu.com/mentions-legales,,Local,,15/02/2026,"46 068,00",,,
https://www.restaurantlefrere.fr/mentions-legales,,Local,,15/02/2026,"46 068,00",,,
https://www.plaisirgourmand-44.com/mentions-legales,,Local,,15/02/2026,"46 068,00",,,
http://nemanjaradulovic.forumactif.com/t73-nemanja-radulovic-saison-2010-2011-exhaustif-jusque-fin-mai-2011,,Local,,15/02/2026,"46 068,00",,,
https://www.les-tonnelles-10.fr/mentions-legales,,Local,,15/02/2026,"46 068,00",,,
https://www.visibilite-local.fr/mentions-legales,,Local,,15/02/2026,"46 068,00",,,
https://www.lamaisondelatripe.fr/mentions-legales,,Local,,15/02/2026,"46 068,00",,,
https://www.btm-marbrerie.fr/mentions-legales,,Local,,15/02/2026,"46 068,00",,,
https://www.atelier-du-pare-brise.fr/mentions-legales,,Local,,15/02/2026,"46 068,00",,,
https://www.gitedesmonges.fr/mentions-legales,,Local,,15/02/2026,"46 068,00",,,
https://www.ets-pras.fr/mentions-legales,,Local,,15/02/2026,"46 068,00",,,
https://www.alberto-renov-action.fr/mentions-legales,,Local,,15/02/2026,"46 068,00",,,
https://www.recupdore-solidaire.fr/mentions-legales,,Local,,15/02/2026,"46 068,00",,,
https://www.garage-castors.fr/mentions-legales,,Local,,15/02/2026,"46 068,00",,,
https://www.restaurant-lolea-bassin33.fr/mentions-legales,,Local,,15/02/2026,"46 068,00",,,
https://www.mobileangelo-perpignan.com/mentions-legales,,Local,,15/02/2026,"46 068,00",,,
https://www.centre-equestre-les-ruscats.fr/mentions-legales,,Local,,15/02/2026,"46 068,00",,,
https://www.tiva-pizzaburger.fr/mentions-legales,,Local,,15/02/2026,"46 068,00",,,
https://www.grain-de-beaute-68.fr/mentions-legales,,Local,,15/02/2026,"46 068,00",,,
https://www.aubonheuretresoi.fr/mentions-legales,,Local,,15/02/2026,"46 068,00",,,
http://adsweb.co.uk/the_worlds_most_visited_web_pages_67.html,,Local,,15/02/2026,"46 068,00",,,
https://www.sanyamarket.fr/mentions-legales,,Local,,15/02/2026,"46 068,00",,,
https://www.aucoeurduvrac.fr/mentions-legales,,Local,,15/02/2026,"46 068,00",,,
https://www.bioreprog.fr/mentions-legales,,Local,,15/02/2026,"46 068,00",,,
https://www.carte-grise-31.fr/mentions-legales,,Local,,15/02/2026,"46 068,00",,,
https://www.avis-local.fr/mentions-legales,,Local,,15/02/2026,"46 068,00",,,
https://www.mas-estanion.fr/mentions-legales,,Local,,15/02/2026,"46 068,00",,,
http://websearching.net/the_worlds_most_visited_web_pages_67/,,Local,,15/02/2026,"46 068,00",,,
https://www.benazzi-motors.fr/mentions-legales,,Local,,15/02/2026,"46 068,00",,,
https://www.atelieraurelieandre.fr/mentions-legales,,Local,,15/02/2026,"46 068,00",,,
https://www.blinfermetures.fr/mentions-legales,,Local,,15/02/2026,"46 068,00",,,
https://www.peinture-forest.fr/mentions-legales,,Local,,15/02/2026,"46 068,00",,,
http://theinternet.biz/the_worlds_most_visited_web_pages_67/,,Local,,15/02/2026,"46 068,00",,,
https://www.chaletvosges-leboetspa.fr/mentions-legales,,Local,,15/02/2026,"46 068,00",,,
http://www.advertising-web.net/the_worlds_most_visited_web_pages_67/,,Local,,15/02/2026,"46 068,00",,,
https://www.julienne-javel.org/mentions-legales,,Local,,15/02/2026,"46 068,00",,,
https://www.chantiernavalpasqui.com/mentions-legales,,Local,,15/02/2026,"46 068,00",,,
https://www.ideal-facade-57.fr/mentions-legales,,Local,,15/02/2026,"46 068,00",,,
https://www.taxi-jerome-06.fr/mentions-legales,,Local,,15/02/2026,"46 068,00",,,
http://theglobe.shop/the_worlds_most_visited_web_pages_67/,,Local,,15/02/2026,"46 068,00",,,
https://www.auto-ecole-gross.fr/mentions-legales,,Local,,15/02/2026,"46 068,00",,,
https://www.ecurie-du-cerneux.fr/mentions-legales,,Local,,15/02/2026,"46 068,00",,,
https://www.amourdefleurs-frejus.fr/mentions-legales,,Local,,15/02/2026,"46 068,00",,,
http://adinternet.in/the_worlds_most_visited_web_pages_67/,,Local,,15/02/2026,"46 068,00",,,
https://www.jlm-autoecole.fr/mentions-legales,,Local,,15/02/2026,"46 068,00",,,
https://www.as-demenagement.fr/mentions-legales,,Local,,15/02/2026,"46 068,00",,,
https://www.royalbar.fr/mentions-legales,,Local,,15/02/2026,"46 068,00",,,
https://lesserinesdor.com/textepartenairesfr.html,,Local,,15/02/2026,"46 068,00",,,
https://www.jetelecharge.com/iphone/vie-pratique/137.php,,Local,,15/02/2026,"46 068,00",,,
https://www.restaurant-cantiniere-16-17.com/mentions-legales,,Local,,15/02/2026,"46 068,00",,,
https://www.snackbuchheit.fr/mentions-legales,,Local,,15/02/2026,"46 068,00",,,
https://www.tomsguide.fr/2018/12/30/comment-rechercher-une-personne-dapres-un-numero-mobile/,,Local,,15/02/2026,"46 068,00",,,
https://www.thefatmermaid.fr/mentions-legales,,Local,,15/02/2026,"46 068,00",,,
https://www.chambery-restaurant.fr/mentions-legales,,Local,,15/02/2026,"46 068,00",,,
https://www.autoecole-prioriteconduite-44.fr/mentions-legales,,Local,,15/02/2026,"46 068,00",,,
http://internetsearch.com/the_worlds_most_visited_web_pages_67/,,Local,,15/02/2026,"46 068,00",,,
https://www.gabriel-godard.com/mentions-legales,,Local,,15/02/2026,"46 068,00",,,
https://www.dr-mangel-chirurgiens-dentistes.fr/mentions-legales,,Local,,15/02/2026,"46 068,00",,,
https://www.apk4now.com/apk/185645/annuaire-local,,Local,,15/02/2026,"46 068,00",,,
https://www.oxyrace.fr/oxyrace-revermont/liens/les-webpartenaires/,,Local,,15/02/2026,"46 068,00",,,
https://www.aubergedebeaubery.fr/mentions-legales,,Local,,15/02/2026,"46 068,00",,,
https://www.afleurdestyle-64.com/mentions-legales,,Local,,15/02/2026,"46 068,00",,,
https://www.aj-loc.fr/mentions-legales,,Local,,15/02/2026,"46 068,00",,,
https://www.vinaigresdelaforge.fr/mentions-legales,,Local,,15/02/2026,"46 068,00",,,
https://www.magiinktattoo.fr/mentions-legales,,Local,,15/02/2026,"46 068,00",,,
https://www.lingeriesauret.fr/mentions-legales,,Local,,15/02/2026,"46 068,00",,,
https://www.lacourdessaligues.com/mentions-legales,,Local,,15/02/2026,"46 068,00",,,
https://www.ambiance-automation.fr/mentions-legales,,Local,,15/02/2026,"46 068,00",,,
https://www.hotelpontaven.eu/mentions-legales,,Local,,15/02/2026,"46 068,00",,,
https://www.caveabiere-rennes.com/mentions-legales,,Local,,15/02/2026,"46 068,00",,,
https://www.pompes-funebres-25.fr/mentions-legales,,Local,,15/02/2026,"46 068,00",,,
https://www.restaurant-letabli.fr/mentions-legales/,,Local,,15/02/2026,"46 068,00",,,
https://www.kart-jet-adventure.fr/mentions-legales,,Local,,15/02/2026,"46 068,00",,,
https://www.alluredhomme.fr/mentions-legales,,Local,,15/02/2026,"46 068,00",,,
https://www.au-dela-du-possible.fr/mentions-legales,,Local,,15/02/2026,"46 068,00",,,
https://www.netcar12.fr/mentions-legales,,Local,,15/02/2026,"46 068,00",,,
https://www.bar-des-allees.fr/mentions-legales,,Local,,15/02/2026,"46 068,00",,,
https://www.lerelaisdemarcillac.fr/mentions-legales,,Local,,15/02/2026,"46 068,00",,,
https://www.elecolo.fr/mentions-legales,,Local,,15/02/2026,"46 068,00",,,
https://www.rdofermetures.fr/mentions-legales,,Local,,15/02/2026,"46 068,00",,,
https://www.casavet-veterinaires66.fr/mentions-legales,,Local,,15/02/2026,"46 068,00",,,
http://annuaire-inverse.www.software112.com/,,Local,,15/02/2026,"46 068,00",,,
https://www.c2net-73.fr/mentions-legales,,Local,,15/02/2026,"46 068,00",,,
https://www.transarco.fr/mentions-legales,,Local,,15/02/2026,"46 068,00",,,
https://www.francois-charlot.fr/mentions-legales,,Local,,15/02/2026,"46 068,00",,,
https://www.scieriedumercantour-06.fr/mentions-legales,,Local,,15/02/2026,"46 068,00",,,
https://www.lerelaisdescorbieres.fr/mentions-legales,,Local,,15/02/2026,"46 068,00",,,
https://www.labaronessa.fr/mentions-legales,,Local,,15/02/2026,"46 068,00",,,
https://www.lo-motas-lgm.fr/mentions-legales,,Local,,15/02/2026,"46 068,00",,,
https://www.latelierdesmeches.fr/mentions-legales,,Local,,15/02/2026,"46 068,00",,,
https://www.fmc-35.fr/mentions-legales,,Local,,15/02/2026,"46 068,00",,,
https://www.ewigo-agen.fr/mentions-legales,,Local,,15/02/2026,"46 068,00",,,
https://www.entreprisedenettoyagepunky.fr/mentions-legales,,Local,,15/02/2026,"46 068,00",,,
https://www.lerepairedesenfants.fr/mentions-legales,,Local,,15/02/2026,"46 068,00",,,
http://advertisement.org/the_worlds_most_visited_web_pages_67/,,Local,,15/02/2026,"46 068,00",,,
https://www.domainedesluces.fr/mentions-legales,,Local,,15/02/2026,"46 068,00",,,
https://www.naturopathie-surlechemin.fr/mentions-legales,,Local,,15/02/2026,"46 068,00",,,
https://www.yolandeurvoy-coachsportif.fr/mentions-legales,,Local,,15/02/2026,"46 068,00",,,
https://www.cuisinavi.fr/mentions-legales,,Local,,15/02/2026,"46 068,00",,,
https://www.choux-wasabi-47.com/mentions-legales,,Local,,15/02/2026,"46 068,00",,,
https://www.roberts-boulangerie.fr/mentions-legales,,Local,,15/02/2026,"46 068,00",,,
https://www.camping-du-rejallant.com/mentions-legales,,Local,,15/02/2026,"46 068,00",,,
https://www.lanatolya.fr/mentions-legales,,Local,,15/02/2026,"46 068,00",,,
http://internetstart.net/the_worlds_most_visited_web_pages_67/,,Local,,15/02/2026,"46 068,00",,,
https://www.monopoledupneu.fr/mentions-legales,,Local,,15/02/2026,"46 068,00",,,
https://www.metlcoiffure.fr/mentions-legales,,Local,,15/02/2026,"46 068,00",,,
https://www.l-xtrem.fr/mentions-legales,,Local,,15/02/2026,"46 068,00",,,
https://www.dom-elec.com/mentions-legales,,Local,,15/02/2026,"46 068,00",,,
https://www.beauty-star-institut-beaute.fr/mentions-legales,,Local,,15/02/2026,"46 068,00",,,
https://www.conciergerie-alpimmoservices.fr/mentions-legales,,Local,,15/02/2026,"46 068,00",,,
https://www.proconduite-01.fr/mentions-legales,,Local,,15/02/2026,"46 068,00",,,
https://www.pouzonetfils.fr/mentions-legales,,Local,,15/02/2026,"46 068,00",,,
https://www.dieteticienne-chanut-47.fr/mentions-legales,,Local,,15/02/2026,"46 068,00",,,
https://www.omillerevedebeaute.fr/mentions-legales,,Local,,15/02/2026,"46 068,00",,,
https://www.museemilitaire-perigord.fr/mentions-legales,,Local,,15/02/2026,"46 068,00",,,
https://www.jardinerie-paysagiste.fr/mentions-legales,,Local,,15/02/2026,"46 068,00",,,
https://www.maison-collongues.fr/mentions-legales,,Local,,15/02/2026,"46 068,00",,,
https://www.viavietnam.fr/mentions-legales,,Local,,15/02/2026,"46 068,00",,,
https://www.ateliermillet.fr/mentions-legales,,Local,,15/02/2026,"46 068,00",,,
https://www.menuiserie-alu-13.fr/mentions-legales,,Local,,15/02/2026,"46 068,00",,,
https://www.metncoiffure-cruseilles.com/mentions-legales,,Local,,15/02/2026,"46 068,00",,,
https://www.psychologue-cailleaud-cholet.fr/mentions-legales,,Local,,15/02/2026,"46 068,00",,,
https://www.restaurant-alladiavola.fr/mentions-legales,,Local,,15/02/2026,"46 068,00",,,
https://www.mdsassistance.fr/mentions-legales,,Local,,15/02/2026,"46 068,00",,,
https://www.fruh-traiteur-47.fr/mentions-legales,,Local,,15/02/2026,"46 068,00",,,
https://www.hair-mode-star.fr/mentions-legales,,Local,,15/02/2026,"46 068,00",,,
https://www.coiff-style-tendance.fr/mentions-legales,,Local,,15/02/2026,"46 068,00",,,
https://www.atlas-praticien-2.com/mentions-legales,,Local,,15/02/2026,"46 068,00",,,
https://www.osteopathe-animalier-dordogne.fr/mentions-legales,,Local,,15/02/2026,"46 068,00",,,
https://www.lafermedelaupiliere.com/mentions-legales,,Local,,15/02/2026,"46 068,00",,,
https://www.menui-store.fr/mentions-legales,,Local,,15/02/2026,"46 068,00",,,
https://www.vtc-corse.fr/mentions-legales,,Local,,15/02/2026,"46 068,00",,,
https://www.marioforese-traiteur-2684.fr/mentions-legales,,Local,,15/02/2026,"46 068,00",,,
https://www.chez-paul-antoine.com/mentions-legales,,Local,,15/02/2026,"46 068,00",,,
https://www.christineblanc.com/mentions-legales,,Local,,15/02/2026,"46 068,00",,,
https://www.tourrentbike.fr/mentions-legales,,Local,,15/02/2026,"46 068,00",,,
https://www.carrelages-marbres-06.fr/mentions-legales,,Local,,15/02/2026,"46 068,00",,,
http://forum-auto.caradisiac.com/les-clubs/le-bistrot/sujet394640.htm,,Local,,15/02/2026,"46 068,00",,,
https://www.aero-roussillon-peinture.fr/mentions-legales,,Local,,15/02/2026,"46 068,00",,,
http://www.visual-pagerank.be/rapport-analyse-rss-d3d3LmxvY2FsLmZy-www.local.fr,,Local,,15/02/2026,"46 068,00",,,
http://websearch.net/the_worlds_most_visited_web_pages_67/,,Local,,15/02/2026,"46 068,00",,,
https://www.vapotime-perpignan.fr/mentions-legales,,Local,,15/02/2026,"46 068,00",,,
https://www.villalavista.com/mentions-legales,,Local,,15/02/2026,"46 068,00",,,
https://www.sophistichair.fr/mentions-legales,,Local,,15/02/2026,"46 068,00",,,
https://www.martin-metallerie.fr/mentions-legales,,Local,,15/02/2026,"46 068,00",,,
https://www.hotel-cecil.eu/mentions-legales,,Local,,15/02/2026,"46 068,00",,,
https://www.lancienneboulangerie.fr/mentions-legales,,Local,,15/02/2026,"46 068,00",,,
https://www.manosquedecoration.fr/mentions-legales,,Local,,15/02/2026,"46 068,00",,,
https://www.cafedelyon-sanary.fr/mentions-legales,,Local,,15/02/2026,"46 068,00",,,
https://www.guepes-apens.fr/mentions-legales,,Local,,15/02/2026,"46 068,00",,,
https://www.mecam17.fr/mentions-legales,,Local,,15/02/2026,"46 068,00",,,
https://www.ferme-mohair-aubrac.fr/mentions-legales,,Local,,15/02/2026,"46 068,00",,,
https://www.armo-autos-04.fr/mentions-legales,,Local,,15/02/2026,"46 068,00",,,
https://www.chaufclimdolt.fr/mentions-legales,,Local,,15/02/2026,"46 068,00",,,
https://www.maellecoiffuremixte.fr/mentions-legales,,Local,,15/02/2026,"46 068,00",,,
https://www.lekarma.fr/mentions-legales,,Local,,15/02/2026,"46 068,00",,,
https://www.black-line-son-lumiere.fr/mentions-legales,,Local,,15/02/2026,"46 068,00",,,
https://www.moulin-de-caussarieu.com/mentions-legales,,Local,,15/02/2026,"46 068,00",,,
https://www.menuiserievairai.fr/mentions-legales,,Local,,15/02/2026,"46 068,00",,,
https://www.didiervidal.fr/mentions-legales,,Local,,15/02/2026,"46 068,00",,,
https://francaiseapps.fr/iphone-ipad/utilitaires/cinema-local-bxtbxb.html,,Local,,15/02/2026,"46 068,00",,,
https://www.restaurant-albi-herytage.fr/mentions-legales,,Local,,15/02/2026,"46 068,00",,,
https://www.fibonacci-patrimoine-33.fr/mentions-legales,,Local,,15/02/2026,"46 068,00",,,
"https://www.posepartage.fr/forum/sorties-photo/une-visite-au-musee-de-la-photo-a-chalon-sur-saone,fil-7301.html",,Local,,15/02/2026,"46 068,00",,,
https://www.lesaintjeanhotelrestaurant.fr/mentions-legales,,Local,,15/02/2026,"46 068,00",,,
https://www.graphconcept.fr/mentions-legales,,Local,,15/02/2026,"46 068,00",,,
https://www.meca-service-26.com/mentions-legales,,Local,,15/02/2026,"46 068,00",,,
https://www.restaurant-lafabrik.fr/mentions-legales,,Local,,15/02/2026,"46 068,00",,,
https://www.restaurant-mont-tai-sallanches.fr/mentions-legales,,Local,,15/02/2026,"46 068,00",,,
https://www.marbreriesalomon73.fr/mentions-legales,,Local,,15/02/2026,"46 068,00",,,
https://www.ets-thibault-44.fr/mentions-legales,,Local,,15/02/2026,"46 068,00",,,
https://www.motorsloisirs81.fr/mentions-legales,,Local,,15/02/2026,"46 068,00",,,
https://www.ferme-de-la-jonchee.com/mentions-legales,,Local,,15/02/2026,"46 068,00",,,
https://www.atelier-leopoldine.fr/mentions-legales,,Local,,15/02/2026,"46 068,00",,,
https://www.lebarbajou-65.fr/mentions-legales,,Local,,15/02/2026,"46 068,00",,,
https://www.jlbverandas.fr/mentions-legales,,Local,,15/02/2026,"46 068,00",,,
https://www.teranga-security-charente.fr/mentions-legales,,Local,,15/02/2026,"46 068,00",,,
https://www.freddyrondeau-peinture85.fr/mentions-legales,,Local,,15/02/2026,"46 068,00",,,
https://www.casse-auto-ctl.fr/mentions-legales,,Local,,15/02/2026,"46 068,00",,,
https://www.lesecuriesaniciennes.fr/mentions-legales,,Local,,15/02/2026,"46 068,00",,,
https://www.wingchunbao.fr/mentions-legales,,Local,,15/02/2026,"46 068,00",,,
https://www.brigitte-bourdon.com/mentions-legales,,Local,,15/02/2026,"46 068,00",,,
https://www.gravats-isdiluciat.fr/mentions-legales,,Local,,15/02/2026,"46 068,00",,,
https://www.m3e-13.fr/mentions-legales,,Local,,15/02/2026,"46 068,00",,,
https://www.c2sp-coaching.fr/mentions-legales,,Local,,15/02/2026,"46 068,00",,,
https://www.chardon-jean.fr/mentions-legales,,Local,,15/02/2026,"46 068,00",,,
https://www.fonderie-rms-metal-42.fr/mentions-legales,,Local,,15/02/2026,"46 068,00",,,
https://www.le-petit-casino-moricq.fr/mentions-legales,,Local,,15/02/2026,"46 068,00",,,
https://www.coiffure-lescar-64.fr/mentions-legales,,Local,,15/02/2026,"46 068,00",,,
https://www.demenagement-06.fr/mentions-legales,,Local,,15/02/2026,"46 068,00",,,
https://www.jessica-institut.fr/mentions-legales,,Local,,15/02/2026,"46 068,00",,,
https://www.le-potager-baulois.fr/mentions-legales,,Local,,15/02/2026,"46 068,00",,,
https://www.agricole-forestier-bridier.fr/mentions-legales,,Local,,15/02/2026,"46 068,00",,,
https://www.bistrodescanailles.fr/mentions-legales,,Local,,15/02/2026,"46 068,00",,,
https://www.sdmi.fr/mentions-legales,,Local,,15/02/2026,"46 068,00",,,
https://www.lafermedekerguerbe.fr/mentions-legales,,Local,,15/02/2026,"46 068,00",,,
https://www.sylvainjumel-osteopathe.fr/mentions-legales,,Local,,15/02/2026,"46 068,00",,,
https://www.restaurant-anka-alsace.fr/mentions-legales,,Local,,15/02/2026,"46 068,00",,,
https://www.couteaux-neve.com/mentions-legales,,Local,,15/02/2026,"46 068,00",,,
https://www.crea-style-coiffureadomicile-79.fr/mentions-legales,,Local,,15/02/2026,"46 068,00",,,
https://www.espritdeco-peinture-brest.fr/mentions-legales,,Local,,15/02/2026,"46 068,00",,,
https://www.terrassement-13.fr/mentions-legales,,Local,,15/02/2026,"46 068,00",,,
https://www.montauban-multiservices.fr/mentions-legales,,Local,,15/02/2026,"46 068,00",,,
https://www.thomas-facades-84.fr/mentions-legales,,Local,,15/02/2026,"46 068,00",,,
https://www.sicomdepiennes.fr/mentions-legales,,Local,,15/02/2026,"46 068,00",,,
https://www.brasserielesflots.fr/mentions-legales,,Local,,15/02/2026,"46 068,00",,,
https://www.lacavedelachapelle.fr/mentions-legales,,Local,,15/02/2026,"46 068,00",,,
https://www.christophe-courric.fr/mentions-legales,,Local,,15/02/2026,"46 068,00",,,
https://www.brasserieodemer.fr/mentions-legales,,Local,,15/02/2026,"46 068,00",,,
https://www.boulay-electricite.fr/mentions-legales,,Local,,15/02/2026,"46 068,00",,,
https://www.barriere-automobiles.fr/mentions-legales,,Local,,15/02/2026,"46 068,00",,,
https://www.louminitoy.fr/mentions-legales,,Local,,15/02/2026,"46 068,00",,,
https://www.elec-solution79.fr/mentions-legales,,Local,,15/02/2026,"46 068,00",,,
https://www.pool-cap.fr/mentions-legales,,Local,,15/02/2026,"46 068,00",,,
https://www.lagalettearoulettes.fr/mentions-legales,,Local,,15/02/2026,"46 068,00",,,
https://www.vetements-brochard.fr/mentions-legales,,Local,,15/02/2026,"46 068,00",,,
https://www.boulangerie-patisserie-pillet-85.fr/mentions-legales/,,Local,,15/02/2026,"46 068,00",,,
https://www.berbett-lionel.fr/mentions-legales,,Local,,15/02/2026,"46 068,00",,,
https://www.denis-miau.eu/mentions-legales,,Local,,15/02/2026,"46 068,00",,,
https://www.depanne-ordi-83.fr/mentions-legales,,Local,,15/02/2026,"46 068,00",,,
https://www.terroir.alsace/mentions-legales,,Local,,15/02/2026,"46 068,00",,,
https://www.velocarles.fr/mentions-legales,,Local,,15/02/2026,"46 068,00",,,
https://www.sicarmes-85.fr/mentions-legales,,Local,,15/02/2026,"46 068,00",,,
https://www.horizonsludiques.fr/mentions-legales,,Local,,15/02/2026,"46 068,00",,,
https://www.leshallais.fr/mentions-legales,,Local,,15/02/2026,"46 068,00",,,
https://www.anne-martin-therapeute.fr/mentions-legales,,Local,,15/02/2026,"46 068,00",,,
https://www.boulangeriehardy.fr/mentions-legales,,Local,,15/02/2026,"46 068,00",,,
https://www.barlapopie.fr/mentions-legales,,Local,,15/02/2026,"46 068,00",,,
https://www.charpentedumont.fr/mentions-legales,,Local,,15/02/2026,"46 068,00",,,
https://www.systelia.eu/mentions-legales,,Local,,15/02/2026,"46 068,00",,,
https://www.danielo-electricite.fr/mentions-legales,,Local,,15/02/2026,"46 068,00",,,
https://www.atelier-alpes.fr/mentions-legales,,Local,,15/02/2026,"46 068,00",,,
https://www.carreservices.fr/mentions-legales,,Local,,15/02/2026,"46 068,00",,,
https://www.plombier-urgent-pays-de-gex.fr/mentions-legales,,Local,,15/02/2026,"46 068,00",,,
https://www.pneus-services-31.fr/mentions-legales,,Local,,15/02/2026,"46 068,00",,,
https://www.garage-lourdes.fr/mentions-legales,,Local,,15/02/2026,"46 068,00",,,
https://www.couleurs-asie-saverdun.fr/mentions-legales,,Local,,15/02/2026,"46 068,00",,,
https://www.garagerieux.fr/mentions-legales,,Local,,15/02/2026,"46 068,00",,,
https://www.esprit-du-corps.com/mentions-legales,,Local,,15/02/2026,"46 068,00",,,
https://www.gite-de-jouanhau.com/mentions-legales,,Local,,15/02/2026,"46 068,00",,,
https://www.doucet-osteo.fr/mentions-legales,,Local,,15/02/2026,"46 068,00",,,
https://www.pedicure-podologue-posturologue-merignac.fr/mentions-legales,,Local,,15/02/2026,"46 068,00",,,
https://www.restaurant-wasabi-bambou.fr/mentions-legales,,Local,,15/02/2026,"46 068,00",,,
https://www.toutetanch-66.fr/mentions-legales,,Local,,15/02/2026,"46 068,00",,,
https://www.peinture-2pwl.fr/mentions-legales,,Local,,15/02/2026,"46 068,00",,,
https://www.mcm34.fr/mentions-legales,,Local,,15/02/2026,"46 068,00",,,
https://www.glaces-bargeton.fr/mentions-legales,,Local,,15/02/2026,"46 068,00",,,
https://www.boulangerierobinho.fr/mentions-legales,,Local,,15/02/2026,"46 068,00",,,
https://www.institutcarole.fr/mentions-legales,,Local,,15/02/2026,"46 068,00",,,
https://www.pilevite-lannion.fr/mentions-legales,,Local,,15/02/2026,"46 068,00",,,
https://www.restaurant-lecentre-artix.fr/mentions-legales,,Local,,15/02/2026,"46 068,00",,,
https://www.lag-design.fr/mentions-legales,,Local,,15/02/2026,"46 068,00",,,
https://www.bacm35.fr/mentions-legales,,Local,,15/02/2026,"46 068,00",,,
https://www.diethypnosylvie.fr/mentions-legales,,Local,,15/02/2026,"46 068,00",,,
https://www.mecadom56.fr/mentions-legales,,Local,,15/02/2026,"46 068,00",,,
https://www.beltra-vitalite.com/mentions-legales,,Local,,15/02/2026,"46 068,00",,,
https://www.lemounier-dentiste.fr/mentions-legales,,Local,,15/02/2026,"46 068,00",,,
https://www.sarlgarreauetfils.fr/mentions-legales,,Local,,15/02/2026,"46 068,00",,,
https://www.auto-secours.fr/mentions-legales,,Local,,15/02/2026,"46 068,00",,,
https://www.sarlreynard-combustibles.fr/mentions-legales,,Local,,15/02/2026,"46 068,00",,,
https://www.les-anges-gardiens.fr/mentions-legales,,Local,,15/02/2026,"46 068,00",,,
https://www.garagelabatisse.fr/mentions-legales,,Local,,15/02/2026,"46 068,00",,,
https://www.antiquite-toulouse.com/mentions-legales,,Local,,15/02/2026,"46 068,00",,,
https://www.thirion-psychologue.fr/mentions-legales,,Local,,15/02/2026,"46 068,00",,,
https://www.garage-cassagnabere.fr/mentions-legales,,Local,,15/02/2026,"46 068,00",,,
https://www.ermitage-notre-dame-de-consolation.fr/mentions-legales,,Local,,15/02/2026,"46 068,00",,,
https://www.charruyer-tailleur-pierre-macon-79.fr/mentions-legales,,Local,,15/02/2026,"46 068,00",,,
https://www.acker-producteursapins-67.fr/mentions-legales,,Local,,15/02/2026,"46 068,00",,,
http://websearch.se/the_worlds_most_visited_web_pages_67/,,Local,,15/02/2026,"46 068,00",,,
https://www.elecchrono.fr/mentions-legales,,Local,,15/02/2026,"46 068,00",,,
https://www.desbois-formation.fr/mentions-legales,,Local,,15/02/2026,"46 068,00",,,
https://www.ticycles-piriac.fr/mentions-legales,,Local,,15/02/2026,"46 068,00",,,
https://www.restaurant-le-paille-en-queue.fr/mentions-legales/,,Local,,15/02/2026,"46 068,00",,,
https://www.tp-plus-83.fr/mentions-legales,,Local,,15/02/2026,"46 068,00",,,
https://www.psychotherapeute71-63.fr/mentions-legales,,Local,,15/02/2026,"46 068,00",,,
https://www.briere-environnement.fr/mentions-legales,,Local,,15/02/2026,"46 068,00",,,
https://www.autoecole-francois-biarritz.fr/mentions-legales,,Local,,15/02/2026,"46 068,00",,,
https://www.patiercouverture-brive.fr/mentions-legales,,Local,,15/02/2026,"46 068,00",,,
https://www.pharmacienouvelle-42.fr/mentions-legales,,Local,,15/02/2026,"46 068,00",,,
https://www.gitelatourdupin.fr/mentions-legales,,Local,,15/02/2026,"46 068,00",,,
https://www.frederictissot.fr/mentions-legales,,Local,,15/02/2026,"46 068,00",,,
https://www.institut-beaute-symbiose.fr/mentions-legales,,Local,,15/02/2026,"46 068,00",,,
https://www.lacavedevincent-avignon84.fr/mentions-legales,,Local,,15/02/2026,"46 068,00",,,
https://www.lafarandolefayence.com/mentions-legales,,Local,,15/02/2026,"46 068,00",,,
https://www.destock-nice.com/mentions-legales,,Local,,15/02/2026,"46 068,00",,,
https://www.hoteldemontaigut.fr/mentions-legales,,Local,,15/02/2026,"46 068,00",,,
https://www.aupotdetain-22.fr/mentions-legales,,Local,,15/02/2026,"46 068,00",,,
https://www.hippocampe-restaurant.com/mentions-legales,,Local,,15/02/2026,"46 068,00",,,
https://www.letchapalo.fr/mentions-legales,,Local,,15/02/2026,"46 068,00",,,
https://www.lembellisseur-49.fr/mentions-legales,,Local,,15/02/2026,"46 068,00",,,
https://www.lait-cremes-glacees-35.fr/mentions-legales,,Local,,15/02/2026,"46 068,00",,,
https://www.maconnerie-pays-de-gex.fr/mentions-legales,,Local,,15/02/2026,"46 068,00",,,
https://www.alpilles-jardins-passion.fr/mentions-legales,,Local,,15/02/2026,"46 068,00",,,
https://www.lacavedelagnieu.fr/mentions-legales,,Local,,15/02/2026,"46 068,00",,,
https://www.ripoche-fleurs.fr/mentions-legales,,Local,,15/02/2026,"46 068,00",,,
https://www.boulangerie-patisserie-saccas.fr/mentions-legales,,Local,,15/02/2026,"46 068,00",,,
https://www.philibert-plomberie.fr/mentions-legales,,Local,,15/02/2026,"46 068,00",,,
https://www.boucherie-bertacco.fr/mentions-legales,,Local,,15/02/2026,"46 068,00",,,
https://www.unboldair-epicerie-bio-larochelle.fr/mentions-legales,,Local,,15/02/2026,"46 068,00",,,
https://www.mas-montebello66.com/mentions-legales,,Local,,15/02/2026,"46 068,00",,,
http://adinternet.org/the_worlds_most_visited_web_pages_67/,,Local,,15/02/2026,"46 068,00",,,
https://www.les-sables-dor.fr/mentions-legales,,Local,,15/02/2026,"46 068,00",,,
https://www.pisciculturedemontferrier.fr/mentions-legales,,Local,,15/02/2026,"46 068,00",,,
https://www.latuilerie-equitation.fr/mentions-legales,,Local,,15/02/2026,"46 068,00",,,
https://www.gite-chez-philippe-06.fr/mentions-legales,,Local,,15/02/2026,"46 068,00",,,
https://www.gallardo-bike-shop.fr/mentions-legales,,Local,,15/02/2026,"46 068,00",,,
https://www.traiteurodemard.fr/mentions-legales,,Local,,15/02/2026,"46 068,00",,,
https://www.elgaucho-empanadas.fr/mentions-legales,,Local,,15/02/2026,"46 068,00",,,
https://www.restaurant-mas-provencal.fr/mentions-legales,,Local,,15/02/2026,"46 068,00",,,
https://www.bordeaux-tonneaux.com/mentions-legales,,Local,,15/02/2026,"46 068,00",,,
https://www.orchideebleue.com/mentions-legales,,Local,,15/02/2026,"46 068,00",,,
https://www.restaurant-mamma-trattoria.fr/mentions-legales,,Local,,15/02/2026,"46 068,00",,,
https://www.pizzetcie-tarare.fr/mentions-legales,,Local,,15/02/2026,"46 068,00",,,
https://www.ecometalconcept.fr/mentions-legales,,Local,,15/02/2026,"46 068,00",,,
https://www.locationdevaisselle35.fr/mentions-legales,,Local,,15/02/2026,"46 068,00",,,
https://www.gites-peches-saint-thegonnec.com/mentions-legales,,Local,,15/02/2026,"46 068,00",,,
https://www.camping-le-sableau.fr/mentions-legales,,Local,,15/02/2026,"46 068,00",,,
https://www.institut-bourgoin.fr/mentions-legales,,Local,,15/02/2026,"46 068,00",,,
https://www.systelia.fr/mentions-legales,,Local,,15/02/2026,"46 068,00",,,
https://www.au-mobilier-cassandrin.com/mentions-legales,,Local,,15/02/2026,"46 068,00",,,
https://www.3bpiecesauto71.fr/mentions-legales,,Local,,15/02/2026,"46 068,00",,,
https://www.vetclub-dax.fr/mentions-legales,,Local,,15/02/2026,"46 068,00",,,
https://www.sofroni-lyon.fr/mentions-legales,,Local,,15/02/2026,"46 068,00",,,
https://www.plombier-laseyne.fr/mentions-legales,,Local,,15/02/2026,"46 068,00",,,
https://www.relaxationhypnoseangers.fr/mentions-legales,,Local,,15/02/2026,"46 068,00",,,
https://www.huitrescancale-danieltony.fr/mentions-legales,,Local,,15/02/2026,"46 068,00",,,
https://www.dimeglio-coiffure.fr/mentions-legales,,Local,,15/02/2026,"46 068,00",,,
https://www.eurl-masson.fr/mentions-legales,,Local,,15/02/2026,"46 068,00",,,
https://www.renovation-toiture-13.fr/mentions-legales,,Local,,15/02/2026,"46 068,00",,,
https://www.braud-plomberie.fr/mentions-legales,,Local,,15/02/2026,"46 068,00",,,
https://www.atelierboiscreationdesign.com/mentions-legales,,Local,,15/02/2026,"46 068,00",,,
https://www.saint-genis-menuiseries.fr/mentions-legales,,Local,,15/02/2026,"46 068,00",,,
https://www.couverture-macon-menevaut.fr/mentions-legales,,Local,,15/02/2026,"46 068,00",,,
https://www.dressage-chien-dordogne.fr/mentions-legales,,Local,,15/02/2026,"46 068,00",,,
https://www.vae-formation-jcs.fr/mentions-legales,,Local,,15/02/2026,"46 068,00",,,
https://www.pizza-emmaclessolo.fr/mentions-legales,,Local,,15/02/2026,"46 068,00",,,
https://www.journaliste-philippe-tallois.com/mentions-legales,,Local,,15/02/2026,"46 068,00",,,
https://www.forterre-peinture.fr/mentions-legales,,Local,,15/02/2026,"46 068,00",,,
https://www.andernos-boisdechauffage.fr/mentions-legales,,Local,,15/02/2026,"46 068,00",,,
https://www.lagrandebotte.fr/mentions-legales,,Local,,15/02/2026,"46 068,00",,,
https://www.lart-de-fer30.fr/mentions-legales,,Local,,15/02/2026,"46 068,00",,,
https://www.baletoke-nettoyage-voiture-saumur-thouars.fr/mentions-legales,,Local,,15/02/2026,"46 068,00",,,
https://www.lyvio-electricite-marine.fr/mentions-legales,,Local,,15/02/2026,"46 068,00",,,
https://www.perform-agencement-83.fr/mentions-legales,,Local,,15/02/2026,"46 068,00",,,
https://www.batitrop83.fr/mentions-legales,,Local,,15/02/2026,"46 068,00",,,
https://www.idea-photo-06.fr/mentions-legales,,Local,,15/02/2026,"46 068,00",,,
https://www.pizzeria-pizzart-monalisa.fr/mentions-legales,,Local,,15/02/2026,"46 068,00",,,
https://www.construction-ossature-bois-63.fr/mentions-legales,,Local,,15/02/2026,"46 068,00",,,
https://www.caidi-facades.fr/mentions-legales,,Local,,15/02/2026,"46 068,00",,,
https://www.so-ca-bat-44.fr/mentions-legales,,Local,,15/02/2026,"46 068,00",,,
https://www.comtedelauze-chinois.fr/mentions-legales,,Local,,15/02/2026,"46 068,00",,,
https://www.equitation-lac-bleu.fr/mentions-legales,,Local,,15/02/2026,"46 068,00",,,
https://www.harmonieducorpsetdelesprit-81.fr/mentions-legales,,Local,,15/02/2026,"46 068,00",,,
https://www.sofreshsoclean46.fr/mentions-legales,,Local,,15/02/2026,"46 068,00",,,
https://www.garage-guy-martin.fr/mentions-legales,,Local,,15/02/2026,"46 068,00",,,
https://www.sieges-camion-france.fr/mentions-legales,,Local,,15/02/2026,"46 068,00",,,
https://www.happy-pauz.fr/mentions-legales,,Local,,15/02/2026,"46 068,00",,,
https://www.menuiserie-viratelle.fr/mentions-legales,,Local,,15/02/2026,"46 068,00",,,
https://www.garage-autostore83.fr/mentions-legales,,Local,,15/02/2026,"46 068,00",,,
https://www.charpente-renovation-chambery.fr/mentions-legales,,Local,,15/02/2026,"46 068,00",,,
https://www.mes-amours-a-poils.com/mentions-legales,,Local,,15/02/2026,"46 068,00",,,
https://www.lesartsdepierre-30.fr/mentions-legales,,Local,,15/02/2026,"46 068,00",,,
https://www.lamaisondecelou84.com/mentions-legales,,Local,,15/02/2026,"46 068,00",,,
https://www.etrier-choletais.com/mentions-legales,,Local,,15/02/2026,"46 068,00",,,
https://www.hotel-restaurant-pau.com/mentions-legales,,Local,,15/02/2026,"46 068,00",,,
https://www.allokebab-pau.fr/mentions-legales/,,Local,,15/02/2026,"46 068,00",,,
https://www.maison-jarry-cavaillon.fr/mentions-legales,,Local,,15/02/2026,"46 068,00",,,
https://www.coaching-dietetique-libourne.fr/mentions-legales,,Local,,15/02/2026,"46 068,00",,,
https://www.riez-expertise-comptable.fr/mentions-legales,,Local,,15/02/2026,"46 068,00",,,
https://www.garage-automobile-gironde.fr/mentions-legales,,Local,,15/02/2026,"46 068,00",,,
https://www.aupetit-bouchon-chez-georges.fr/mentions-legales,,Local,,15/02/2026,"46 068,00",,,
https://www.arcom-provence.fr/mentions-legales,,Local,,15/02/2026,"46 068,00",,,
https://www.gresvin.fr/mentions-legales,,Local,,15/02/2026,"46 068,00",,,
https://www.pret-a-porter-cognac.fr/mentions-legales,,Local,,15/02/2026,"46 068,00",,,
https://www.kmt-constructions.fr/mentions-legales,,Local,,15/02/2026,"46 068,00",,,
https://www.avocat-pays-de-gex.fr/mentions-legales,,Local,,15/02/2026,"46 068,00",,,
https://www.le-potager-demilie.fr/mentions-legales,,Local,,15/02/2026,"46 068,00",,,
https://www.lesjardinsmodernes-44.fr/mentions-legales,,Local,,15/02/2026,"46 068,00",,,
http://www.search-internet.net/the_worlds_most_visited_web_pages_67/,,Local,,15/02/2026,"46 068,00",,,
https://www.osteopathe-40-64.fr/mentions-legales,,Local,,15/02/2026,"46 068,00",,,
https://www.cclaser.fr/mentions-legales,,Local,,15/02/2026,"46 068,00",,,
https://www.iletaitunefois-laboutik.fr/mentions-legales,,Local,,15/02/2026,"46 068,00",,,
https://www.locationtente-gironde.fr/mentions-legales,,Local,,15/02/2026,"46 068,00",,,
https://www.sarl-3gm.fr/mentions-legales,,Local,,15/02/2026,"46 068,00",,,
https://www.campingdudefends-84.fr/mentions-legales,,Local,,15/02/2026,"46 068,00",,,
https://www.lacaseasausse.fr/mentions-legales,,Local,,15/02/2026,"46 068,00",,,
https://www.besset-bateaux.fr/mentions-legales,,Local,,15/02/2026,"46 068,00",,,
https://www.boucherie-dartiguelongue.fr/mentions-legales,,Local,,15/02/2026,"46 068,00",,,
https://www.cerj-nice.fr/mentions-legales,,Local,,15/02/2026,"46 068,00",,,
https://www.jardin-des-aromes.fr/mentions-legales,,Local,,15/02/2026,"46 068,00",,,
https://www.atelier-verre-vitrail.com/mentions-legales,,Local,,15/02/2026,"46 068,00",,,
https://www.le-relais-des-dames.fr/mentions-legales,,Local,,15/02/2026,"46 068,00",,,
https://www.baguepi-carquefou.fr/mentions-legales,,Local,,15/02/2026,"46 068,00",,,
https://www.dfamilyandco.fr/mentions-legales/,,Local,,15/02/2026,"46 068,00",,,
https://www.lapause24.fr/mentions-legales,,Local,,15/02/2026,"46 068,00",,,
https://www.ppci-13.fr/mentions-legales,,Local,,15/02/2026,"46 068,00",,,
https://www.arche-desnoe-parcanimalier.fr/mentions-legales,,Local,,15/02/2026,"46 068,00",,,
https://www.campingloupebredail-04.fr/mentions-legales,,Local,,15/02/2026,"46 068,00",,,
https://www.auto-ecole-limoges.fr/mentions-legales,,Local,,15/02/2026,"46 068,00",,,
https://www.plombier-pays-de-gex.fr/mentions-legales,,Local,,15/02/2026,"46 068,00",,,
https://www.bateau-ecole-geneve74.com/mentions-legales/,,Local,,15/02/2026,"46 068,00",,,
https://www.decalc-eau.fr/mentions-legales,,Local,,15/02/2026,"46 068,00",,,
https://www.monin-psychologue-menton.fr/mentions-legales,,Local,,15/02/2026,"46 068,00",,,
https://www.isoplaque.fr/mentions-legales,,Local,,15/02/2026,"46 068,00",,,
https://www.boucherie-larochelle-halal.fr/mentions-legales,,Local,,15/02/2026,"46 068,00",,,
https://www.plomberie-manet-bourgargental.fr/mentions-legales,,Local,,15/02/2026,"46 068,00",,,
https://www.menuiserie-biot.fr/mentions-legales,,Local,,15/02/2026,"46 068,00",,,
https://www.cemafrance.fr/mentions-legales,,Local,,15/02/2026,"46 068,00",,,
https://www.auto-ecole-fanget-peage-roussillon.fr/mentions-legales,,Local,,15/02/2026,"46 068,00",,,
https://www.auberge-anthy.com/mentions-legales,,Local,,15/02/2026,"46 068,00",,,
https://www.comtedelauze.fr/mentions-legales,,Local,,15/02/2026,"46 068,00",,,
https://www.tourneur-sur-bois-38.fr/mentions-legales,,Local,,15/02/2026,"46 068,00",,,
https://www.serrand-homme.fr/mentions-legales,,Local,,15/02/2026,"46 068,00",,,
https://www.golf-miniature-65.com/mentions-legales,,Local,,15/02/2026,"46 068,00",,,
https://www.la-chevauchee-de-letoile.fr/mentions-legales,,Local,,15/02/2026,"46 068,00",,,
https://www.pizzachezherve.fr/mentions-legales,,Local,,15/02/2026,"46 068,00",,,
https://www.gitedossat.fr/mentions-legales,,Local,,15/02/2026,"46 068,00",,,
https://www.laboitearirevendee.fr/mentions-legales,,Local,,15/02/2026,"46 068,00",,,
https://www.aecp-graceffa-lancon.fr/mentions-legales,,Local,,15/02/2026,"46 068,00",,,
https://www.alsacetechniccars.fr/mentions-legales,,Local,,15/02/2026,"46 068,00",,,
https://www.scbservices.fr/mentions-legales,,Local,,15/02/2026,"46 068,00",,,
https://www.le-jardin-des-quatre-saisons.com/mentions-legales,,Local,,15/02/2026,"46 068,00",,,
https://www.curiositesflorales.fr/mentions-legales,,Local,,15/02/2026,"46 068,00",,,
https://www.boucherie-rodez.fr/mentions-legales,,Local,,15/02/2026,"46 068,00",,,
https://www.construction-bois81.fr/mentions-legales,,Local,,15/02/2026,"46 068,00",,,
https://www.so-tchi-56.com/mentions-legales,,Local,,15/02/2026,"46 068,00",,,
https://www.boucherie-lepieddepoule.fr/mentions-legales,,Local,,15/02/2026,"46 068,00",,,
https://www.autoecole-rn7.fr/mentions-legales,,Local,,15/02/2026,"46 068,00",,,
https://www.nakitail.fr/mentions-legales/,,Local,,15/02/2026,"46 068,00",,,
https://www.bordeau-couverture.fr/mentions-legales,,Local,,15/02/2026,"46 068,00",,,
https://www.carrosserie-yon.fr/mentions-legales,,Local,,15/02/2026,"46 068,00",,,
https://www.peinture-renepecou-bordeaux.com/mentions-legales,,Local,,15/02/2026,"46 068,00",,,
https://www.dressing-etc.fr/mentions-legales,,Local,,15/02/2026,"46 068,00",,,
https://www.agora-auto-ecole.fr/mentions-legales,,Local,,15/02/2026,"46 068,00",,,
https://www.homedeco-49.fr/mentions-legales,,Local,,15/02/2026,"46 068,00",,,
https://www.joubert-couverture.fr/mentions-legales,,Local,,15/02/2026,"46 068,00",,,
https://www.paca-projets.fr/mentions-legales,,Local,,15/02/2026,"46 068,00",,,
https://www.christine-dessauge.fr/mentions-legales,,Local,,15/02/2026,"46 068,00",,,
https://www.lovisascampini-psychologue.fr/mentions-legales,,Local,,15/02/2026,"46 068,00",,,
https://www.stephane-bruyas-bijoutier.fr/mentions-legales,,Local,,15/02/2026,"46 068,00",,,
https://www.gladieux-cars-restoration.fr/mentions-legales,,Local,,15/02/2026,"46 068,00",,,
https://www.maconnerie-villefranche-sur-saone.fr/mentions-legales,,Local,,15/02/2026,"46 068,00",,,
https://www.carrelage-pays-de-gex.fr/mentions-legales,,Local,,15/02/2026,"46 068,00",,,
https://www.perriere-charpente.fr/mentions-legales,,Local,,15/02/2026,"46 068,00",,,
https://www.osteobergerac.fr/mentions-legales,,Local,,15/02/2026,"46 068,00",,,
https://www.photographe-catherpeux.fr/mentions-legales,,Local,,15/02/2026,"46 068,00",,,
https://www.lmdesign30.fr/mentions-legales,,Local,,15/02/2026,"46 068,00",,,
https://www.potensiel.fr/mentions-legales,,Local,,15/02/2026,"46 068,00",,,
https://www.valserine-benoit-gonin.com/mentions-legales,,Local,,15/02/2026,"46 068,00",,,
https://www.ladatchaconcept.fr/mentions-legales,,Local,,15/02/2026,"46 068,00",,,
https://www.domainelaurentjeanniard.fr/mentions-legales,,Local,,15/02/2026,"46 068,00",,,
https://www.auberge-anthy.eu/mentions-legales/,,Local,,15/02/2026,"46 068,00",,,
https://www.location-de-salle-13.fr/mentions-legales,,Local,,15/02/2026,"46 068,00",,,
https://www.vtc-alpes-leman.fr/mentions-legales,,Local,,15/02/2026,"46 068,00",,,
https://www.transmissions-bordeaux.com/mentions-legales,,Local,,15/02/2026,"46 068,00",,,
https://www.corsecarrelage.com/mentions-legales,,Local,,15/02/2026,"46 068,00",,,
https://www.constantin-bois.fr/mentions-legales,,Local,,15/02/2026,"46 068,00",,,
http://globe.ind.in/the_worlds_most_visited_web_pages_67/,,Local,,15/02/2026,"46 068,00",,,
https://www.nethabitation.fr/mentions-legales,,Local,,15/02/2026,"46 068,00",,,
https://www.artetgourmandise-arles.fr/mentions-legales,,Local,,15/02/2026,"46 068,00",,,
https://www.casalenha.com/mentions-legales,,Local,,15/02/2026,"46 068,00",,,
https://www.mecanico.fr/mentions-legales,,Local,,15/02/2026,"46 068,00",,,
https://www.pizza-le-26.fr/mentions-legales,,Local,,15/02/2026,"46 068,00",,,
https://www.dressina.fr/mentions-legales,,Local,,15/02/2026,"46 068,00",,,
http://copainsdavant.linternaute.com/recherche-amis/jean-bernard-adia-31966,,Local,,15/02/2026,"46 068,00",,,
https://www.lesalonbeige.fr/nayez-pas-peur-detre-catholique-lumieres-sur-les-fenetres-et-dans-les-processions/,,Local,,15/02/2026,"46 068,00",,,
https://www.lesvoilesblanches-canet-66.fr/mentions-legales,,Local,,15/02/2026,"46 068,00",,,
https://www.concept-auto83.fr/mentions-legales,,Local,,15/02/2026,"46 068,00",,,
https://www.trouvemaconnerie.fr/mentions-legales,,Local,,15/02/2026,"46 068,00",,,
https://www.alphabeluga.com/mentions-legales,,Local,,15/02/2026,"46 068,00",,,
https://www.bikes-prod-31.com/mentions-legales,,Local,,15/02/2026,"46 068,00",,,
https://www.anim-concept.fr/mentions-legales,,Local,,15/02/2026,"46 068,00",,,
https://www.intensementchoux.fr/mentions-legales,,Local,,15/02/2026,"46 068,00",,,
https://www.tenailleau-maconnerie-85.com/mentions-legales,,Local,,15/02/2026,"46 068,00",,,
https://www.lamaisondepierre.fr/mentions-legales,,Local,,15/02/2026,"46 068,00",,,
http://marrymeatthebeach.com/wp-content/uploads/allin/rencontre-musulman-france-bourget.html,,Local,,15/02/2026,"46 068,00",,,
https://www.presquilemultiservices.com/mentions-legales,,Local,,15/02/2026,"46 068,00",,,
http://www.ad-web.co.uk/the_worlds_most_visited_web_pages_67/,,Local,,15/02/2026,"46 068,00",,,
https://www.karlbordeaux.fr/mentions-legales,,Local,,15/02/2026,"46 068,00",,,
https://www.tourdum.fr/mentions-legales,,Local,,15/02/2026,"46 068,00",,,
https://www.contechformation.com/mentions-legales,,Local,,15/02/2026,"46 068,00",,,
https://www.annuaire-du-net.eu/local-fr-annuaire-telephonique/,,Local,,15/02/2026,"46 068,00",,,
https://www.cours-perigueux.fr/mentions-legales,,Local,,15/02/2026,"46 068,00",,,
https://www.artech-sellerie.com/mentions-legales,,Local,,15/02/2026,"46 068,00",,,
https://www.sev-etancheite-var.fr/mentions-legales,,Local,,15/02/2026,"46 068,00",,,
https://www.restaurant-laketua-biarritz.fr/mentions-legales/,,Local,,15/02/2026,"46 068,00",,,
https://www.furina-piscine.fr/mentions-legales,,Local,,15/02/2026,"46 068,00",,,
https://www.paniers-d-en-lanet.fr/mentions-legales,,Local,,15/02/2026,"46 068,00",,,
https://www.kine-sport-13.fr/mentions-legales,,Local,,15/02/2026,"46 068,00",,,
https://www.marilynztomlins.com/articles/chevaline-shooting-saad-al-hilli-sylvain-mollier-part-7/?cp=70,,Local,,15/02/2026,"46 068,00",,,
https://www.ebenisterie-jousse47.fr/mentions-legales,,Local,,15/02/2026,"46 068,00",,,
https://www.edouard-caveavin.fr/mentions-legales,,Local,,15/02/2026,"46 068,00",,,
https://www.mdvservices-autonerac.fr/mentions-legales,,Local,,15/02/2026,"46 068,00",,,
https://www.c-cclim.fr/mentions-legales,,Local,,15/02/2026,"46 068,00",,,
https://www.chr-securite.fr/mentions-legales,,Local,,15/02/2026,"46 068,00",,,
https://www.leclosmonteils.fr/mentions-legales,,Local,,15/02/2026,"46 068,00",,,
https://www.pizzeriasaintjulien.fr/mentions-legales,,Local,,15/02/2026,"46 068,00",,,
https://www.hypnotherapie-franckvilla.fr/mentions-legales,,Local,,15/02/2026,"46 068,00",,,
http://websearch.in/the_worlds_most_visited_web_pages_67/,,Local,,15/02/2026,"46 068,00",,,
https://www.restaurant-hordago-hasparren.com/mentions-legales,,Local,,15/02/2026,"46 068,00",,,
https://www.m3e-13.com/mentions-legales,,Local,,15/02/2026,"46 068,00",,,
https://www.magnum-securite.fr/mentions-legales,,Local,,15/02/2026,"46 068,00",,,
https://www.bassinboissons.fr/mentions-legales,,Local,,15/02/2026,"46 068,00",,,
https://www.mille-et-une-gemmes.fr/mentions-legales,,Local,,15/02/2026,"46 068,00",,,
https://www.maconnerie-charpente-isere-gagneux.fr/mentions-legales,,Local,,15/02/2026,"46 068,00",,,
https://www.latelierdeflorian53.fr/mentions-legales,,Local,,15/02/2026,"46 068,00",,,
https://www.ferronnerie-bordier-dordogne.fr/mentions-legales,,Local,,15/02/2026,"46 068,00",,,
https://www.taxivince.fr/mentions-legales,,Local,,15/02/2026,"46 068,00",,,
https://www.lesattelagesduvaldamour.fr/mentions-legales,,Local,,15/02/2026,"46 068,00",,,
https://www.becouse-menuiserie.fr/mentions-legales,,Local,,15/02/2026,"46 068,00",,,
https://www.abritetoit85-vendee.fr/mentions-legales,,Local,,15/02/2026,"46 068,00",,,
https://www.herve-platrerie-isolation.fr/mentions-legales,,Local,,15/02/2026,"46 068,00",,,
https://www.lesdelicesdebordes.fr/mentions-legales,,Local,,15/02/2026,"46 068,00",,,
https://www.maisondezamy.fr/mentions-legales,,Local,,15/02/2026,"46 068,00",,,
https://www.dietetique-phytotherapie16.fr/mentions-legales/,,Local,,15/02/2026,"46 068,00",,,
https://www.multiservices-69.fr/mentions-legales,,Local,,15/02/2026,"46 068,00",,,
https://www.patisserie-chocolaterie-aupuitsdamour-oleron.fr/mentions-legales,,Local,,15/02/2026,"46 068,00",,,
https://www.sarl-mougin.fr/mentions-legales,,Local,,15/02/2026,"46 068,00",,,
https://www.boulangerie-lecopain.fr/mentions-legales/,,Local,,15/02/2026,"46 068,00",,,
https://www.dominique-liogier-26.fr/mentions-legales,,Local,,15/02/2026,"46 068,00",,,
https://www.loc-hippik-29.fr/mentions-legales,,Local,,15/02/2026,"46 068,00",,,
https://www.gui-home-auto.fr/mentions-legales,,Local,,15/02/2026,"46 068,00",,,
https://www.nora-dieteticienne79.fr/mentions-legales,,Local,,15/02/2026,"46 068,00",,,
https://www.pedropires-jardins.fr/mentions-legales,,Local,,15/02/2026,"46 068,00",,,
https://www.azurpro-elec.fr/mentions-legales,,Local,,15/02/2026,"46 068,00",,,
https://www.cd-deco.fr/mentions-legales,,Local,,15/02/2026,"46 068,00",,,
https://www.mandylaboheme.fr/mentions-legales,,Local,,15/02/2026,"46 068,00",,,
https://www.nettoyage-villebenoit.fr/mentions-legales,,Local,,15/02/2026,"46 068,00",,,
https://www.cellu06-nice.fr/mentions-legales,,Local,,15/02/2026,"46 068,00",,,
https://www.latabledeflorence-st.fr/mentions-legales,,Local,,15/02/2026,"46 068,00",,,
https://www.onnabeaute-esthetique.fr/mentions-legales,,Local,,15/02/2026,"46 068,00",,,
https://www.mattera-pierre.fr/mentions-legales,,Local,,15/02/2026,"46 068,00",,,
https://www.mota-batiment.fr/mentions-legales,,Local,,15/02/2026,"46 068,00",,,
https://www.natur-evidence.com/mentions-legales,,Local,,15/02/2026,"46 068,00",,,
https://www.ti-chope-brasserie-plouvien.com/mentions-legales,,Local,,15/02/2026,"46 068,00",,,
https://www.lafermedechampreux.fr/mentions-legales,,Local,,15/02/2026,"46 068,00",,,
https://www.restaurant-le-coup-de-fourchette.fr/mentions-legales,,Local,,15/02/2026,"46 068,00",,,
https://www.lyricsfood.fr/mentions-legales,,Local,,15/02/2026,"46 068,00",,,
https://www.taxi-animo.fr/mentions-legales,,Local,,15/02/2026,"46 068,00",,,
https://www.odelicesetsaveurs-56.fr/mentions-legales,,Local,,15/02/2026,"46 068,00",,,
https://www.patisserie-rochefort.fr/mentions-legales,,Local,,15/02/2026,"46 068,00",,,
https://www.agneaux-fermiers.fr/mentions-legales,,Local,,15/02/2026,"46 068,00",,,
https://www.l-o-t-antic-grill.fr/mentions-legales,,Local,,15/02/2026,"46 068,00",,,
https://www.therapies-novatrices.fr/mentions-legales,,Local,,15/02/2026,"46 068,00",,,
https://www.darqu-energy.fr/mentions-legales,,Local,,15/02/2026,"46 068,00",,,
https://www.hmj-creations-57.fr/mentions-legales,,Local,,15/02/2026,"46 068,00",,,
https://www.autoecole-40.fr/mentions-legales,,Local,,15/02/2026,"46 068,00",,,
https://www.institutdebeautenice-06.com/mentions-legales,,Local,,15/02/2026,"46 068,00",,,
https://www.jr-conseil.fr/mentions-legales,,Local,,15/02/2026,"46 068,00",,,
https://www.accrobat34.fr/mentions-legales,,Local,,15/02/2026,"46 068,00",,,
https://www.boulangerie-patisserie-coulin.fr/mentions-legales,,Local,,15/02/2026,"46 068,00",,,
https://www.ejelectricite.fr/mentions-legales,,Local,,15/02/2026,"46 068,00",,,
https://www.reflexologie-socioesthetique-22.fr/mentions-legales,,Local,,15/02/2026,"46 068,00",,,
https://www.institut-bio-naturel-nice.fr/mentions-legales,,Local,,15/02/2026,"46 068,00",,,
https://www.charroin-ferronnerie.fr/mentions-legales,,Local,,15/02/2026,"46 068,00",,,
https://www.david-maintenance.fr/mentions-legales,,Local,,15/02/2026,"46 068,00",,,
https://www.parcbotaniquearpaeron.fr/mentions-legales,,Local,,15/02/2026,"46 068,00",,,
https://www.domainedeparial.fr/mentions-legales,,Local,,15/02/2026,"46 068,00",,,
https://www.guibert-piscineetjardin.fr/mentions-legales,,Local,,15/02/2026,"46 068,00",,,
https://www.ecuriedekerbotin.fr/mentions-legales,,Local,,15/02/2026,"46 068,00",,,
https://www.letremplin-nimes.fr/mentions-legales,,Local,,15/02/2026,"46 068,00",,,
https://www.itresapori.fr/mentions-legales,,Local,,15/02/2026,"46 068,00",,,
https://www.webautopamiers.fr/mentions-legales,,Local,,15/02/2026,"46 068,00",,,
https://www.terrassement-du-sud-est.fr/mentions-legales,,Local,,15/02/2026,"46 068,00",,,
https://www.k-lity-plomberie.fr/mentions-legales,,Local,,15/02/2026,"46 068,00",,,
https://www.glacedependreo.fr/mentions-legales,,Local,,15/02/2026,"46 068,00",,,
https://www.spclotures.fr/mentions-legales,,Local,,15/02/2026,"46 068,00",,,
https://www.asiarelaxation.fr/mentions-legales,,Local,,15/02/2026,"46 068,00",,,
https://www.approbiobreizh.fr/mentions-legales,,Local,,15/02/2026,"46 068,00",,,
https://www.quad-ariege.com/mentions-legales,,Local,,15/02/2026,"46 068,00",,,
https://www.chateaudescordonniers.fr/mentions-legales,,Local,,15/02/2026,"46 068,00",,,
https://www.garage-automobile-albespy.fr/mentions-legales,,Local,,15/02/2026,"46 068,00",,,
https://www.infirmiere-edwigecoubard.fr/mentions-legales,,Local,,15/02/2026,"46 068,00",,,
https://www.lb-plomberie-38.fr/mentions-legales,,Local,,15/02/2026,"46 068,00",,,
https://www.horvaiscarrelages35.fr/mentions-legales,,Local,,15/02/2026,"46 068,00",,,
https://www.bouzilledeluxe.fr/mentions-legales,,Local,,15/02/2026,"46 068,00",,,
https://www.gotham-fleurs.com/mentions-legales,,Local,,15/02/2026,"46 068,00",,,
https://www.cheri-costumes.fr/mentions-legales/,,Local,,15/02/2026,"46 068,00",,,
https://www.unepenseepour.fr/mentions-legales,,Local,,15/02/2026,"46 068,00",,,
https://www.david-boyer-photographe.com/mentions-legales,,Local,,15/02/2026,"46 068,00",,,
https://www.labaraka-35.fr/mentions-legales,,Local,,15/02/2026,"46 068,00",,,
https://www.peintureconnanec.fr/mentions-legales,,Local,,15/02/2026,"46 068,00",,,
https://www.novcoat.fr/mentions-legales,,Local,,15/02/2026,"46 068,00",,,
https://www.lingerie-perigueux.fr/mentions-legales,,Local,,15/02/2026,"46 068,00",,,
https://www.conseil-conjugal-finistere.fr/mentions-legales,,Local,,15/02/2026,"46 068,00",,,
https://www.vanessalemoine.fr/mentions-legales,,Local,,15/02/2026,"46 068,00",,,
https://www.abd-nettoyage.fr/mentions-legales,,Local,,15/02/2026,"46 068,00",,,
https://www.osteopathe-ballais.fr/mentions-legales,,Local,,15/02/2026,"46 068,00",,,
https://www.lepetitmuseeminerauxetfossiles.fr/mentions-legales,,Local,,15/02/2026,"46 068,00",,,
https://www.3valleesloisirs.com/mentions-legales,,Local,,15/02/2026,"46 068,00",,,
https://www.lesfermiersdemarin.fr/mentions-legales,,Local,,15/02/2026,"46 068,00",,,
https://www.xlimpression.com/mentions-legales,,Local,,15/02/2026,"46 068,00",,,
https://www.hotel-vendee.com/mentions-legales/,,Local,,15/02/2026,"46 068,00",,,
https://www.chinathai.fr/mentions-legales,,Local,,15/02/2026,"46 068,00",,,
https://www.passioncampingcar.fr/mentions-legales,,Local,,15/02/2026,"46 068,00",,,
https://www.jardin-de-chine.fr/mentions-legales,,Local,,15/02/2026,"46 068,00",,,
https://www.restaurant-saveurs-des-halles-martel.fr/mentions-legales,,Local,,15/02/2026,"46 068,00",,,
https://www.domainedesloges-17.fr/mentions-legales,,Local,,15/02/2026,"46 068,00",,,
https://www.proevent11.fr/mentions-legales,,Local,,15/02/2026,"46 068,00",,,
https://www.lafermeduporcsain-65.fr/mentions-legales,,Local,,15/02/2026,"46 068,00",,,
https://www.laboutiquevalrhodania.fr/mentions-legales,,Local,,15/02/2026,"46 068,00",,,
https://www.nged-70.fr/mentions-legales,,Local,,15/02/2026,"46 068,00",,,
https://www.boucherie-vaillant-bisquerra.fr/mentions-legales,,Local,,15/02/2026,"46 068,00",,,
https://www.bcr13-boxe-marseille.fr/mentions-legales,,Local,,15/02/2026,"46 068,00",,,
https://www.pompesfunebres-saint-pierre.com/mentions-legales,,Local,,15/02/2026,"46 068,00",,,
https://www.marzullo-enr.fr/mentions-legales,,Local,,15/02/2026,"46 068,00",,,
https://www.vcouverture.fr/mentions-legales,,Local,,15/02/2026,"46 068,00",,,
https://www.cle-en-soi.com/mentions-legales,,Local,,15/02/2026,"46 068,00",,,
https://www.remy-calviere.fr/mentions-legales,,Local,,15/02/2026,"46 068,00",,,
https://www.technics-energies-82.fr/mentions-legales,,Local,,15/02/2026,"46 068,00",,,
https://www.balloon-sisters.fr/mentions-legales,,Local,,15/02/2026,"46 068,00",,,
https://www.angelauto.fr/mentions-legales,,Local,,15/02/2026,"46 068,00",,,
https://www.respiralliance.fr/mentions-legales,,Local,,15/02/2026,"46 068,00",,,
https://www.auservicedupoeleabois.fr/mentions-legales,,Local,,15/02/2026,"46 068,00",,,
https://www.bcrarchitectes.fr/mentions-legales,,Local,,15/02/2026,"46 068,00",,,
https://www.dsconception.fr/mentions-legales,,Local,,15/02/2026,"46 068,00",,,
https://www.controletechnique-redessan.fr/mentions-legales,,Local,,15/02/2026,"46 068,00",,,
https://www.infinityinkedtatouage16.fr/mentions-legales,,Local,,15/02/2026,"46 068,00",,,
https://www.stefi-couture-avignon.fr/mentions-legales,,Local,,15/02/2026,"46 068,00",,,
https://www.paca-services-83.fr/mentions-legales,,Local,,15/02/2026,"46 068,00",,,
https://www.sun-renovation.fr/mentions-legales,,Local,,15/02/2026,"46 068,00",,,
https://www.nicolas-terrassement67.fr/mentions-legales,,Local,,15/02/2026,"46 068,00",,,
https://www.its-plomberie.fr/mentions-legales,,Local,,15/02/2026,"46 068,00",,,
https://www.valourbois.fr/mentions-legales,,Local,,15/02/2026,"46 068,00",,,
https://www.lavasec.fr/mentions-legales,,Local,,15/02/2026,"46 068,00",,,
https://www.maconnerie-recouly.fr/mentions-legales,,Local,,15/02/2026,"46 068,00",,,
https://www.papincedric-elagage.fr/mentions-legales,,Local,,15/02/2026,"46 068,00",,,
https://www.lyon-negoce-carrelage.fr/mentions-legales,,Local,,15/02/2026,"46 068,00",,,
https://www.hotel-aigoual.com/mentions-legales,,Local,,15/02/2026,"46 068,00",,,
https://www.hit-forme-roanne.fr/mentions-legales,,Local,,15/02/2026,"46 068,00",,,
https://www.boutique-influence.fr/mentions-legales,,Local,,15/02/2026,"46 068,00",,,
https://www.cagibat.fr/mentions-legales,,Local,,15/02/2026,"46 068,00",,,
https://www.lesvinsomur.fr/mentions-legales,,Local,,15/02/2026,"46 068,00",,,
https://www.plombier-martigues.fr/mentions-legales,,Local,,15/02/2026,"46 068,00",,,
https://www.ecuriedelaroche.com/mentions-legales,,Local,,15/02/2026,"46 068,00",,,
https://www.fermedesrochelles.com/mentions-legales,,Local,,15/02/2026,"46 068,00",,,
https://www.aucoeurdeletre.fr/mentions-legales,,Local,,15/02/2026,"46 068,00",,,
https://www.jcs-autos.fr/mentions-legales,,Local,,15/02/2026,"46 068,00",,,
https://www.arsaeco.fr/mentions-legales,,Local,,15/02/2026,"46 068,00",,,
https://www.catherinejoly.fr/mentions-legales,,Local,,15/02/2026,"46 068,00",,,
https://www.clima-chauff.fr/mentions-legales/,,Local,,15/02/2026,"46 068,00",,,
https://www.carrosseriemartins17.fr/mentions-legales,,Local,,15/02/2026,"46 068,00",,,
https://www.gautierlerbet.fr/mentions-legales,,Local,,15/02/2026,"46 068,00",,,
https://www.planet-coiffure06.fr/mentions-legales,,Local,,15/02/2026,"46 068,00",,,
https://www.anthonymultiservices.fr/mentions-legales,,Local,,15/02/2026,"46 068,00",,,
https://www.bowlingduparc.fr/mentions-legales,,Local,,15/02/2026,"46 068,00",,,
https://www.dj4events.fr/mentions-legales,,Local,,15/02/2026,"46 068,00",,,
https://www.vipdrive.fr/mentions-legales,,Local,,15/02/2026,"46 068,00",,,
https://www.deco-artconcept.fr/mentions-legales,,Local,,15/02/2026,"46 068,00",,,
https://www.centreequestredelaprade.com/mentions-legales,,Local,,15/02/2026,"46 068,00",,,
https://www.fengshui-gironde.fr/mentions-legales,,Local,,15/02/2026,"46 068,00",,,
https://www.vittel-roul.fr/mentions-legales,,Local,,15/02/2026,"46 068,00",,,
https://www.lesgarconsbouchers.eu/mentions-legales,,Local,,15/02/2026,"46 068,00",,,
https://www.carrosserie-betaille-auto.fr/mentions-legales,,Local,,15/02/2026,"46 068,00",,,
https://www.ferme-de-peyret.fr/mentions-legales,,Local,,15/02/2026,"46 068,00",,,
https://www.acm-etancheite-13.fr/mentions-legales,,Local,,15/02/2026,"46 068,00",,,
https://www.restaurant-anosta.fr/mentions-legales,,Local,,15/02/2026,"46 068,00",,,
https://www.elevage-amalthee-56.fr/mentions-legales,,Local,,15/02/2026,"46 068,00",,,
https://www.rgmotoculture-rouffiac.fr/mentions-legales,,Local,,15/02/2026,"46 068,00",,,
http://www.adagionline.com/calendrier2010.asp,,Local,,15/02/2026,"46 068,00",,,
https://www.kairo-kafo.fr/mentions-legales,,Local,,15/02/2026,"46 068,00",,,
https://www.qualitravaux.fr/mentions-legales,,Local,,15/02/2026,"46 068,00",,,
https://www.3re-equitation.fr/mentions-legales,,Local,,15/02/2026,"46 068,00",,,
https://www.lepetitparadis84.fr/mentions-legales,,Local,,15/02/2026,"46 068,00",,,
http://mobile.pronofootball.com/forum/LIGUE-1-MARATHON-Il-reste-9-places-8861-4200.html,,Local,,15/02/2026,"46 068,00",,,
https://www.hotel-restaurant-villefranche-sur-saone.fr/mentions-legales,,Local,,15/02/2026,"46 068,00",,,
https://www.toferbat.com/mentions-legales,,Local,,15/02/2026,"46 068,00",,,
https://www.garages-auto-alvarez.fr/mentions-legales,,Local,,15/02/2026,"46 068,00",,,
https://www.gite-dordogne-24.fr/mentions-legales,,Local,,15/02/2026,"46 068,00",,,
https://www.armelle-couot-psychotherapie.fr/mentions-legales,,Local,,15/02/2026,"46 068,00",,,
https://www.restaurant-pleka-sare.fr/mentions-legales/,,Local,,15/02/2026,"46 068,00",,,
https://www.autoecole-nimes-jeanjaures.fr/mentions-legales,,Local,,15/02/2026,"46 068,00",,,
https://www.autoecolecarrey.fr/mentions-legales,,Local,,15/02/2026,"46 068,00",,,
https://www.lacolombelle-aube-10.fr/mentions-legales,,Local,,15/02/2026,"46 068,00",,,
http://www.theworld.pro/the_worlds_most_visited_web_pages_67/,,Local,,15/02/2026,"46 068,00",,,
https://www.hotelpontaven.es/mentions-legales,,Local,,15/02/2026,"46 068,00",,,
https://www.entreprise-peinture-deco47.fr/mentions-legales,,Local,,15/02/2026,"46 068,00",,,
https://www.esthetique-meyerbeer.com/mentions-legales,,Local,,15/02/2026,"46 068,00",,,
https://www.reference-by-valerie.fr/mentions-legales,,Local,,15/02/2026,"46 068,00",,,
https://www.poissonnerie-iledoleron.fr/mentions-legales,,Local,,15/02/2026,"46 068,00",,,
https://www.electricite-concept.fr/mentions-legales,,Local,,15/02/2026,"46 068,00",,,
https://www.prima-pasta.fr/mentions-legales,,Local,,15/02/2026,"46 068,00",,,
https://www.elagagevendeen.fr/mentions-legales,,Local,,15/02/2026,"46 068,00",,,
http://tomoki.tea-nifty.com/tomokilog/2011/03/index.html,,Local,,15/02/2026,"46 068,00",,,
https://www.reiki-massage-var.fr/mentions-legales,,Local,,15/02/2026,"46 068,00",,,
https://www.boulangerie-muret.fr/mentions-legales,,Local,,15/02/2026,"46 068,00",,,
https://www.environnement-amenagement.fr/mentions-legales,,Local,,15/02/2026,"46 068,00",,,
https://www.pepiniere-bochnakian.fr/mentions-legales/,,Local,,15/02/2026,"46 068,00",,,
https://www.boulangerie-autempspasse-roussillon.fr/mentions-legales,,Local,,15/02/2026,"46 068,00",,,
https://www.atpi-rennes.fr/mentions-legales,,Local,,15/02/2026,"46 068,00",,,
https://www.auto-ecole-villefranche-sur-saone.fr/mentions-legales,,Local,,15/02/2026,"46 068,00",,,
https://www.detection-reseaux-enterres.fr/mentions-legales,,Local,,15/02/2026,"46 068,00",,,
https://www.resto-lejardin.fr/mentions-legales,,Local,,15/02/2026,"46 068,00",,,
https://www.rozes-carrelage.fr/mentions-legales,,Local,,15/02/2026,"46 068,00",,,
https://www.abp17.com/mentions-legales,,Local,,15/02/2026,"46 068,00",,,
https://www.unmondesein.fr/mentions-legales,,Local,,15/02/2026,"46 068,00",,,
https://www.gites-sarlat-24.com/mentions-legales,,Local,,15/02/2026,"46 068,00",,,
https://www.boulangerie-patisserie-labonbonniere.fr/mentions-legales/,,Local,,15/02/2026,"46 068,00",,,
https://www.latelierduvagabond.fr/mentions-legales,,Local,,15/02/2026,"46 068,00",,,
https://www.le-domaine-dolivier.fr/mentions-legales,,Local,,15/02/2026,"46 068,00",,,
https://www.amnettoyage.fr/mentions-legales,,Local,,15/02/2026,"46 068,00",,,
https://www.le-rendez-vous-61.fr/mentions-legales,,Local,,15/02/2026,"46 068,00",,,
https://www.roland-thomasset74.fr/mentions-legales,,Local,,15/02/2026,"46 068,00",,,
https://www.go-pneus-occasion.fr/mentions-legales,,Local,,15/02/2026,"46 068,00",,,
https://www.vendanges-cafe.fr/mentions-legales,,Local,,15/02/2026,"46 068,00",,,
https://www.ets-aubert.fr/mentions-legales,,Local,,15/02/2026,"46 068,00",,,
https://www.camping-la-condamine.fr/mentions-legales,,Local,,15/02/2026,"46 068,00",,,
https://www.lerocdelrey.fr/mentions-legales,,Local,,15/02/2026,"46 068,00",,,
https://www.geometre-agen.fr/mentions-legales,,Local,,15/02/2026,"46 068,00",,,
https://www.coutellerie-mijoe.fr/mentions-legales,,Local,,15/02/2026,"46 068,00",,,
https://www.legumebiogilbert.fr/mentions-legales,,Local,,15/02/2026,"46 068,00",,,
https://www.hotel-salea-pornic.com/mentions-legales,,Local,,15/02/2026,"46 068,00",,,
https://www.ponent-plage-restaurant.fr/mentions-legales,,Local,,15/02/2026,"46 068,00",,,
https://www.biothermic-35.fr/mentions-legales,,Local,,15/02/2026,"46 068,00",,,
https://www.ugatzabegui.com/mentions-legales,,Local,,15/02/2026,"46 068,00",,,
https://www.toulouse-peintre.com/mentions-legales/,,Local,,15/02/2026,"46 068,00",,,
https://www.sgsi-france.com/mentions-legales,,Local,,15/02/2026,"46 068,00",,,
https://www.lesnouvellesterrasses-vaucluse.fr/mentions-legales,,Local,,15/02/2026,"46 068,00",,,
https://www.dronostic.fr/mentions-legales,,Local,,15/02/2026,"46 068,00",,,
https://www.hotelpontaven.de/mentions-legales/,,Local,,15/02/2026,"46 068,00",,,
https://www.pizzadrive30.fr/mentions-legales,,Local,,15/02/2026,"46 068,00",,,
https://www.fabricationpieuvreelectrique-scobe.fr/mentions-legales,,Local,,15/02/2026,"46 068,00",,,
https://www.dia-maconnerie-ouest.fr/mentions-legales/,,Local,,15/02/2026,"46 068,00",,,
https://www.creche-betton.fr/mentions-legales,,Local,,15/02/2026,"46 068,00",,,
https://www.diagnosur35.fr/mentions-legales,,Local,,15/02/2026,"46 068,00",,,
https://www.electricite-dax.fr/mentions-legales,,Local,,15/02/2026,"46 068,00",,,
https://www.electricien-domotik-elec.fr/mentions-legales,,Local,,15/02/2026,"46 068,00",,,
https://www.pretari-constructions.fr/mentions-legales,,Local,,15/02/2026,"46 068,00",,,
https://www.bordignon31.com/mentions-legales,,Local,,15/02/2026,"46 068,00",,,
https://www.vignoble-et-kiwigendronneau.fr/mentions-legales,,Local,,15/02/2026,"46 068,00",,,
https://www.electricite-electronique-marine.fr/mentions-legales,,Local,,15/02/2026,"46 068,00",,,
https://www.inovtec-hygiene-proprete.fr/mentions-legales,,Local,,15/02/2026,"46 068,00",,,
https://www.de-sable-et-dor.fr/mentions-legales,,Local,,15/02/2026,"46 068,00",,,
https://www.artifice-publicite.com/mentions-legales,,Local,,15/02/2026,"46 068,00",,,
https://www.lataverne-eze.fr/mentions-legales,,Local,,15/02/2026,"46 068,00",,,
https://www.hotel-leclementv.fr/mentions-legales,,Local,,15/02/2026,"46 068,00",,,
https://www.patisserie-pierrotblanc-apt.fr/mentions-legales,,Local,,15/02/2026,"46 068,00",,,
https://www.ferronnerie-dart-savoirfer.fr/mentions-legales,,Local,,15/02/2026,"46 068,00",,,
https://www.audition-mazalrey.fr/mentions-legales,,Local,,15/02/2026,"46 068,00",,,
https://www.vegetarienamasthe.fr/mentions-legales,,Local,,15/02/2026,"46 068,00",,,
https://www.lesecuriesdelarouviere.fr/mentions-legales,,Local,,15/02/2026,"46 068,00",,,
https://www.antennes-television-sagne.fr/mentions-legales,,Local,,15/02/2026,"46 068,00",,,
https://www.guideauvergne.com/mentions-legales,,Local,,15/02/2026,"46 068,00",,,
https://www.clubevolution.fr/mentions-legales,,Local,,15/02/2026,"46 068,00",,,
https://www.restochezvero.fr/mentions-legales/,,Local,,15/02/2026,"46 068,00",,,
https://www.la-baie-des-moules.fr/mentions-legales,,Local,,15/02/2026,"46 068,00",,,
https://www.etsbella.fr/mentions-legales,,Local,,15/02/2026,"46 068,00",,,
https://www.arnaudthevenin.fr/mentions-legales,,Local,,15/02/2026,"46 068,00",,,
https://www.photographe-kyrszak.fr/mentions-legales,,Local,,15/02/2026,"46 068,00",,,
https://www.peintre-vaucluse-gdeiana.fr/mentions-legales,,Local,,15/02/2026,"46 068,00",,,
https://www.serviceadomicile-tarnos.fr/mentions-legales,,Local,,15/02/2026,"46 068,00",,,
https://www.archimed83.fr/mentions-legales,,Local,,15/02/2026,"46 068,00",,,
https://www.artdelporte-toiture.fr/mentions-legales,,Local,,15/02/2026,"46 068,00",,,
https://www.creationcoiffure.fr/mentions-legales,,Local,,15/02/2026,"46 068,00",,,
https://www.langlois-couverture.fr/mentions-legales,,Local,,15/02/2026,"46 068,00",,,
https://www.boucherie-castinienne.fr/mentions-legales,,Local,,15/02/2026,"46 068,00",,,
https://www.innotronicservices-reparationcarteelectronique-albi.fr/mentions-legales,,Local,,15/02/2026,"46 068,00",,,
https://www.charpente-couverture-var.fr/mentions-legales,,Local,,15/02/2026,"46 068,00",,,
https://www.restaurant-la-belle-vallee.fr/mentions-legales/,,Local,,15/02/2026,"46 068,00",,,
https://www.luxo-energie.com/mentions-legales,,Local,,15/02/2026,"46 068,00",,,
https://www.hellezhia.fr/mentions-legales/,,Local,,15/02/2026,"46 068,00",,,
https://www.jurataxiservice-dole.fr/mentions-legales,,Local,,15/02/2026,"46 068,00",,,
https://www.ocazpneus.fr/mentions-legales,,Local,,15/02/2026,"46 068,00",,,
https://www.lacy-belvy-44.fr/mentions-legales,,Local,,15/02/2026,"46 068,00",,,
https://www.carrelisse.fr/mentions-legales,,Local,,15/02/2026,"46 068,00",,,
https://www.gsp-paie.fr/mentions-legales,,Local,,15/02/2026,"46 068,00",,,
https://www.location-camping-aquitaine.fr/mentions-legales,,Local,,15/02/2026,"46 068,00",,,
https://www.rousseau-carrelage-85.fr/mentions-legales,,Local,,15/02/2026,"46 068,00",,,
https://www.pension-education-canine-06.fr/mentions-legales,,Local,,15/02/2026,"46 068,00",,,
https://www.creation-jardin-13.fr/mentions-legales,,Local,,15/02/2026,"46 068,00",,,
https://www.restaurant-pizzeria-cornebarrieu.fr/mentions-legales,,Local,,15/02/2026,"46 068,00",,,
https://www.facturation-amandine-ambulances-taxis.fr/mentions-legales,,Local,,15/02/2026,"46 068,00",,,
https://www.nautique-riviera.fr/mentions-legales,,Local,,15/02/2026,"46 068,00",,,
https://www.i-d-deco.fr/mentions-legales,,Local,,15/02/2026,"46 068,00",,,
https://www.comtedelauze-japonais.fr/mentions-legales,,Local,,15/02/2026,"46 068,00",,,
https://www.pechvape-31.fr/mentions-legales,,Local,,15/02/2026,"46 068,00",,,
https://www.formaxtions.fr/mentions-legales,,Local,,15/02/2026,"46 068,00",,,
https://www.cours-d-anglais-cotebasque.fr/mentions-legales,,Local,,15/02/2026,"46 068,00",,,
https://www.la-clinique-automobile.fr/mentions-legales,,Local,,15/02/2026,"46 068,00",,,
https://www.traiteur-lebaron.fr/mentions-legales,,Local,,15/02/2026,"46 068,00",,,
https://www.gsm-maintenance.fr/mentions-legales,,Local,,15/02/2026,"46 068,00",,,
https://www.evelyneballestra.com/mentions-legales,,Local,,15/02/2026,"46 068,00",,,
https://www.loresthetique.fr/mentions-legales,,Local,,15/02/2026,"46 068,00",,,
https://www.land-auto65.fr/mentions-legales,,Local,,15/02/2026,"46 068,00",,,
https://www.laplancha-angouleme.fr/mentions-legales,,Local,,15/02/2026,"46 068,00",,,
https://www.labellasocca.com/mentions-legales/,,Local,,15/02/2026,"46 068,00",,,
https://www.fleuricimes.com/mentions-legales,,Local,,15/02/2026,"46 068,00",,,
https://www.lagrignoterie-83.fr/mentions-legales,,Local,,15/02/2026,"46 068,00",,,
https://www.magservices-nettoyage-35.fr/mentions-legales,,Local,,15/02/2026,"46 068,00",,,
https://www.scdeco.fr/mentions-legales,,Local,,15/02/2026,"46 068,00",,,
http://web-advertise.net/the_worlds_most_visited_web_pages_67/,,Local,,15/02/2026,"46 068,00",,,
https://www.boschevalrouge.fr/mentions-legales,,Local,,15/02/2026,"46 068,00",,,
https://www.carbrise.fr/mentions-legales,,Local,,15/02/2026,"46 068,00",,,
https://www.latabledessens.com/mentions-legales,,Local,,15/02/2026,"46 068,00",,,
https://www.plombier-chauffage-pays-de-gex.fr/mentions-legales,,Local,,15/02/2026,"46 068,00",,,
https://www.bar-du-marche.fr/mentions-legales,,Local,,15/02/2026,"46 068,00",,,
https://www.electronic-2000-marseille.fr/mentions-legales,,Local,,15/02/2026,"46 068,00",,,
https://www.toutoumousse.fr/mentions-legales,,Local,,15/02/2026,"46 068,00",,,
https://www.taxi-katyaline.fr/mentions-legales,,Local,,15/02/2026,"46 068,00",,,
https://www.steamwash-system83.fr/mentions-legales,,Local,,15/02/2026,"46 068,00",,,
https://www.boucherie-des-templiers.fr/mentions-legales,,Local,,15/02/2026,"46 068,00",,,
https://www.tontonpizzaperigueux-24.fr/mentions-legales,,Local,,15/02/2026,"46 068,00",,,
https://www.restaurant-le-guidon.fr/mentions-legales,,Local,,15/02/2026,"46 068,00",,,
https://www.stork-im-truck.fr/mentions-legales,,Local,,15/02/2026,"46 068,00",,,
https://www.restaurant-lachapelle26.fr/mentions-legales,,Local,,15/02/2026,"46 068,00",,,
https://www.nouvelhair-56.fr/mentions-legales,,Local,,15/02/2026,"46 068,00",,,
https://www.studio-libreacorps-danse.fr/mentions-legales,,Local,,15/02/2026,"46 068,00",,,
https://www.bienetreenergiereiki.fr/mentions-legales,,Local,,15/02/2026,"46 068,00",,,
http://advertisepage.org/the_worlds_most_visited_web_pages_67/,,Local,,15/02/2026,"46 068,00",,,
https://www.restaurant-lepoissonavoile-anglet.fr/mentions-legales/,,Local,,15/02/2026,"46 068,00",,,
https://www.dimitrihoules-desinsectisation.com/mentions-legales,,Local,,15/02/2026,"46 068,00",,,
https://www.aapy-informatique.fr/mentions-legales,,Local,,15/02/2026,"46 068,00",,,
https://www.euro-pizza-34.fr/mentions-legales,,Local,,15/02/2026,"46 068,00",,,
https://www.lebaconnerien.fr/mentions-legales,,Local,,15/02/2026,"46 068,00",,,
https://www.depannageauto31.fr/mentions-legales,,Local,,15/02/2026,"46 068,00",,,
https://www.ecuries-ds.fr/mentions-legales,,Local,,15/02/2026,"46 068,00",,,
https://www.clope-inox.fr/mentions-legales,,Local,,15/02/2026,"46 068,00",,,
https://www.jc-coiffeur-domicile.fr/mentions-legales,,Local,,15/02/2026,"46 068,00",,,
https://www.restaurant-la-badiane.fr/mentions-legales,,Local,,15/02/2026,"46 068,00",,,
https://www.lescavesfrancisod.fr/mentions-legales,,Local,,15/02/2026,"46 068,00",,,
https://www.ars-bois.fr/mentions-legales,,Local,,15/02/2026,"46 068,00",,,
https://www.bard-stores-fermetures-menuiseries.fr/mentions-legales,,Local,,15/02/2026,"46 068,00",,,
https://www.jlz-jardinier-strasbourg.fr/mentions-legales,,Local,,15/02/2026,"46 068,00",,,
https://www.bel-terre-terrassement.fr/mentions-legales,,Local,,15/02/2026,"46 068,00",,,
https://www.var-ulm.fr/mentions-legales,,Local,,15/02/2026,"46 068,00",,,
https://www.best-fr.com/annuaire-telephonique-p1-404.html,,Local,,15/02/2026,"46 068,00",,,
https://www.amc-couverture.fr/mentions-legales,,Local,,15/02/2026,"46 068,00",,,
https://www.saubusse-thermes.com/mentions-legales,,Local,,15/02/2026,"46 068,00",,,
https://www.chaudronnerie-sarem-64.fr/mentions-legales,,Local,,15/02/2026,"46 068,00",,,
https://www.taxi-milo-dole.fr/mentions-legales,,Local,,15/02/2026,"46 068,00",,,
https://www.ap-gouttieres.fr/mentions-legales,,Local,,15/02/2026,"46 068,00",,,
https://www.hotelpontaven.com/mentions-legales/,,Local,,15/02/2026,"46 068,00",,,
https://www.cfmetal-34.fr/mentions-legales,,Local,,15/02/2026,"46 068,00",,,
https://www.chaussures-sur-mesure.fr/mentions-legales,,Local,,15/02/2026,"46 068,00",,,
https://www.fenetre-aix.fr/mentions-legales,,Local,,15/02/2026,"46 068,00",,,
https://www.poly-structures.fr/mentions-legales,,Local,,15/02/2026,"46 068,00",,,
https://www.jlg-photoreflex.fr/mentions-legales,,Local,,15/02/2026,"46 068,00",,,
https://www.auxtournesols-84.com/mentions-legales,,Local,,15/02/2026,"46 068,00",,,
https://www.leb-b.fr/mentions-legales,,Local,,15/02/2026,"46 068,00",,,
https://www.lagalejade-pizzeria.fr/mentions-legales,,Local,,15/02/2026,"46 068,00",,,
https://www.marie-frackowiak-psychologue.fr/mentions-legales,,Local,,15/02/2026,"46 068,00",,,
https://www.cedric-dupart-peinture.fr/mentions-legales,,Local,,15/02/2026,"46 068,00",,,
https://www.emilieharas.com/mentions-legales,,Local,,15/02/2026,"46 068,00",,,
https://www.brasserie-abeilhan.fr/mentions-legales,,Local,,15/02/2026,"46 068,00",,,
https://www.taxicosta-33.fr/mentions-legales,,Local,,15/02/2026,"46 068,00",,,
https://www.alexautonet.com/mentions-legales,,Local,,15/02/2026,"46 068,00",,,
https://www.garage-baud-mecaniques-84.fr/mentions-legales,,Local,,15/02/2026,"46 068,00",,,
https://www.ma-laverie.fr/mentions-legales,,Local,,15/02/2026,"46 068,00",,,
https://www.elena-institut-54.fr/mentions-legales,,Local,,15/02/2026,"46 068,00",,,
https://www.balland-traiteur.fr/mentions-legales,,Local,,15/02/2026,"46 068,00",,,
https://www.aedi-sas.fr/mentions-legales,,Local,,15/02/2026,"46 068,00",,,
https://www.gedik-mat.fr/mentions-legales,,Local,,15/02/2026,"46 068,00",,,
https://www.new-concept-langon.fr/mentions-legales,,Local,,15/02/2026,"46 068,00",,,
https://www.gouttiere-84.fr/mentions-legales,,Local,,15/02/2026,"46 068,00",,,
https://www.aubergedesdeuxmarronniers.fr/mentions-legales,,Local,,15/02/2026,"46 068,00",,,
https://www.renovation-interieur06.fr/mentions-legales,,Local,,15/02/2026,"46 068,00",,,
https://www.chatterieduclosduboisjoli.fr/mentions-legales,,Local,,15/02/2026,"46 068,00",,,
https://www.maudbeaute.fr/mentions-legales,,Local,,15/02/2026,"46 068,00",,,
https://www.service-maintenance-gelin.fr/mentions-legales,,Local,,15/02/2026,"46 068,00",,,
https://www.ecole-atelierblanc.fr/mentions-legales,,Local,,15/02/2026,"46 068,00",,,
https://www.aupalaisduchien.fr/mentions-legales,,Local,,15/02/2026,"46 068,00",,,
https://www.roseline-coiffure-oyonnax.fr/mentions-legales,,Local,,15/02/2026,"46 068,00",,,
https://www.ramonage-81.fr/mentions-legales,,Local,,15/02/2026,"46 068,00",,,
https://www.earldegailloffe.fr/mentions-legales,,Local,,15/02/2026,"46 068,00",,,
https://www.sirducottage.fr/nos-partenaires,,Local,,15/02/2026,"46 068,00",,,
http://internetadvertisement.co.uk/the_worlds_most_visited_web_pages_67/,,Local,,15/02/2026,"46 068,00",,,
https://www.restaurant-stationartouste.com/mentions-legales,,Local,,15/02/2026,"46 068,00",,,
https://www.nouvel-air-clim.com/mentions-legales,,Local,,15/02/2026,"46 068,00",,,
https://www.moulin-du-novet.fr/mentions-legales,,Local,,15/02/2026,"46 068,00",,,
https://www.fleuricimes.fr/mentions-legales,,Local,,15/02/2026,"46 068,00",,,
https://www.boucherie-nour.fr/mentions-legales,,Local,,15/02/2026,"46 068,00",,,
https://www.enjoymusic-shop.fr/mentions-legales,,Local,,15/02/2026,"46 068,00",,,
https://www.comtedelauze-anglais.fr/mentions-legales,,Local,,15/02/2026,"46 068,00",,,
https://www.elitecoiffure-ornex.fr/mentions-legales,,Local,,15/02/2026,"46 068,00",,,
https://www.menager90.fr/mentions-legales,,Local,,15/02/2026,"46 068,00",,,
https://www.boulangerie-dupetitversailles.fr/mentions-legales,,Local,,15/02/2026,"46 068,00",,,
https://www.piccolasicilia-restaurantitalien.fr/mentions-legales,,Local,,15/02/2026,"46 068,00",,,
https://www.les-gorges-aveyron-salaison.com/mentions-legales,,Local,,15/02/2026,"46 068,00",,,
https://www.bamelec.fr/mentions-legales,,Local,,15/02/2026,"46 068,00",,,
https://www.agostinis-philippe-electricite.fr/mentions-legales,,Local,,15/02/2026,"46 068,00",,,
https://www.renovauto12.fr/mentions-legales,,Local,,15/02/2026,"46 068,00",,,
https://www.hugo-delices-bazas.fr/mentions-legales,,Local,,15/02/2026,"46 068,00",,,
https://www.bellissimongles.fr/mentions-legales,,Local,,15/02/2026,"46 068,00",,,
https://www.transport-pianos-molnar.fr/mentions-legales,,Local,,15/02/2026,"46 068,00",,,
https://www.menuiserie-loralu-salaise.fr/mentions-legales,,Local,,15/02/2026,"46 068,00",,,
https://www.peinture-pays-de-gex.fr/mentions-legales,,Local,,15/02/2026,"46 068,00",,,
https://www.c-agence.fr/mentions-legales,,Local,,15/02/2026,"46 068,00",,,
https://www.domainedelatourre.fr/mentions-legales,,Local,,15/02/2026,"46 068,00",,,
https://www.marquis-tp.fr/mentions-legales,,Local,,15/02/2026,"46 068,00",,,
https://www.aubonco-pain-31.fr/mentions-legales,,Local,,15/02/2026,"46 068,00",,,
https://www.acvi-system.fr/mentions-legales,,Local,,15/02/2026,"46 068,00",,,
https://www.chefpele.fr/mentions-legales,,Local,,15/02/2026,"46 068,00",,,
https://www.magnetisme-hypnose.fr/mentions-legales,,Local,,15/02/2026,"46 068,00",,,
https://www.piece-electromenager-marseille.fr/mentions-legales,,Local,,15/02/2026,"46 068,00",,,
https://www.lanouba-salle.fr/mentions-legales,,Local,,15/02/2026,"46 068,00",,,
https://www.egobike-montventoux.com/mentions-legales,,Local,,15/02/2026,"46 068,00",,,
https://www.lauthentique-maison-retornaz.fr/mentions-legales,,Local,,15/02/2026,"46 068,00",,,
https://www.paysagiste-vignand-roanne.fr/mentions-legales,,Local,,15/02/2026,"46 068,00",,,
https://www.acoustiquebuzzi.fr/mentions-legales,,Local,,15/02/2026,"46 068,00",,,
https://www.thefrenchy-burger.fr/mentions-legales,,Local,,15/02/2026,"46 068,00",,,
https://www.atelier-ecole-deco.fr/mentions-legales,,Local,,15/02/2026,"46 068,00",,,
https://www.restaurant-leforum-orange.fr/mentions-legales,,Local,,15/02/2026,"46 068,00",,,
https://www.global-nettoyage.fr/mentions-legales,,Local,,15/02/2026,"46 068,00",,,
https://www.centrauto.fr/mentions-legales,,Local,,15/02/2026,"46 068,00",,,
https://www.hotelsaintcharles.fr/mentions-legales,,Local,,15/02/2026,"46 068,00",,,
https://www.genome-institut.com/mentions-legales,,Local,,15/02/2026,"46 068,00",,,
https://www.soharmonia.fr/mentions-legales,,Local,,15/02/2026,"46 068,00",,,
https://www.comptoirdeladecoration.fr/mentions-legales/,,Local,,15/02/2026,"46 068,00",,,
https://www.restaurant-versaud.fr/mentions-legales,,Local,,15/02/2026,"46 068,00",,,
https://www.lesmerveillesdevalerie47.fr/mentions-legales,,Local,,15/02/2026,"46 068,00",,,
https://www.taxisradiotoulousains.fr/mentions-legales,,Local,,15/02/2026,"46 068,00",,,
https://www.poncet-imprimeur.fr/mentions-legales,,Local,,15/02/2026,"46 068,00",,,
https://www.chez-christophe.fr/mentions-legales,,Local,,15/02/2026,"46 068,00",,,
https://www.sayer-automobiles.fr/mentions-legales,,Local,,15/02/2026,"46 068,00",,,
https://www.samdeco-platrier-peintre42.fr/mentions-legales,,Local,,15/02/2026,"46 068,00",,,
https://www.accentparty.fr/mentions-legales,,Local,,15/02/2026,"46 068,00",,,
https://www.naturopathe-65.fr/mentions-legales,,Local,,15/02/2026,"46 068,00",,,
https://www.ladirat-charpente.fr/mentions-legales,,Local,,15/02/2026,"46 068,00",,,
https://www.pizza-13.fr/mentions-legales,,Local,,15/02/2026,"46 068,00",,,
https://www.patisseriebucillat.fr/mentions-legales,,Local,,15/02/2026,"46 068,00",,,
https://www.ebym.fr/mentions-legales,,Local,,15/02/2026,"46 068,00",,,
https://www.institut-corail67.fr/mentions-legales,,Local,,15/02/2026,"46 068,00",,,
https://www.carrosserie-pl-foodtruck-13.fr/mentions-legales,,Local,,15/02/2026,"46 068,00",,,
https://www.peinture-revoil-annonay.fr/mentions-legales,,Local,,15/02/2026,"46 068,00",,,
https://www.les-viandes-du-terroir-16.fr/mentions-legales,,Local,,15/02/2026,"46 068,00",,,
https://www.emmanuellecouleursetharmonie-peintre-79.fr/mentions-legales,,Local,,15/02/2026,"46 068,00",,,
https://www.domaine-de-la-petite-salamandre.com/mentions-legales,,Local,,15/02/2026,"46 068,00",,,
https://www.lesalondemag-44.fr/mentions-legales,,Local,,15/02/2026,"46 068,00",,,
https://www.versionprivee-regard.fr/mentions-legales,,Local,,15/02/2026,"46 068,00",,,
https://www.institut-anaisbeaute-perigueux.fr/mentions-legales,,Local,,15/02/2026,"46 068,00",,,
https://www.dianeboutique.fr/mentions-legales,,Local,,15/02/2026,"46 068,00",,,
https://www.larbredesyphettre.fr/mentions-legales,,Local,,15/02/2026,"46 068,00",,,
https://www.peintre-pays-de-gex.fr/mentions-legales,,Local,,15/02/2026,"46 068,00",,,
https://www.lescale46.fr/mentions-legales,,Local,,15/02/2026,"46 068,00",,,
https://www.moulin-du-petit-janet.fr/mentions-legales,,Local,,15/02/2026,"46 068,00",,,
https://www.godet-grue.fr/mentions-legales,,Local,,15/02/2026,"46 068,00",,,
https://www.peinture-thiebault.fr/mentions-legales,,Local,,15/02/2026,"46 068,00",,,
https://www.bbconstructions.fr/mentions-legales,,Local,,15/02/2026,"46 068,00",,,
https://www.prieure-saint-martial.com/mentions-legales,,Local,,15/02/2026,"46 068,00",,,
https://www.nettoyage-savoie.fr/mentions-legales,,Local,,15/02/2026,"46 068,00",,,
https://www.espritpierres.fr/mentions-legales,,Local,,15/02/2026,"46 068,00",,,
https://www.axeaide.fr/mentions-legales,,Local,,15/02/2026,"46 068,00",,,
https://www.langlois-nettoyage.fr/mentions-legales,,Local,,15/02/2026,"46 068,00",,,
https://www.barcelo-menuisier-plaquiste17.fr/mentions-legales,,Local,,15/02/2026,"46 068,00",,,
https://www.l-atelier-de-circee.fr/mentions-legales,,Local,,15/02/2026,"46 068,00",,,
https://www.exclmath-roanne.fr/mentions-legales,,Local,,15/02/2026,"46 068,00",,,
https://www.auto-moto-ecole-best.fr/mentions-legales,,Local,,15/02/2026,"46 068,00",,,
https://www.renovcouverture.fr/mentions-legales/,,Local,,15/02/2026,"46 068,00",,,
http://www.ayo-pizza.fr/mentions-legales,,Local,,15/02/2026,"46 068,00",,,
http://www.web-search.co.uk/the_worlds_most_visited_web_pages_67/,,Local,,15/02/2026,"46 068,00",,,
https://www.aujardin.org/viewtopic.php?t=159382&start=,,Local,,15/02/2026,"46 068,00",,,
https://www.chocolateriemarcellin.fr/mentions-legales,,Local,,15/02/2026,"46 068,00",,,
https://www.jura-assainissement.fr/mentions-legales,,Local,,15/02/2026,"46 068,00",,,
https://www.la-boutique-fleurie.fr/mentions-legales,,Local,,15/02/2026,"46 068,00",,,
https://www.mike-auto.fr/mentions-legales,,Local,,15/02/2026,"46 068,00",,,
https://www.ozelec37.fr/mentions-legales,,Local,,15/02/2026,"46 068,00",,,
http://sazikadonf.over-blog.net/pages/Selection_de_Salles-6580335.html,,Local,,15/02/2026,"46 068,00",,,
http://www.web-ads.asia/the_worlds_most_visited_web_pages_67/,,Local,,15/02/2026,"46 068,00",,,
http://searchweb.co.in/the_worlds_most_visited_web_pages_67/,,Local,,15/02/2026,"46 068,00",,,
http://websearch.cz/the_worlds_most_visited_web_pages_67/,,Local,,15/02/2026,"46 068,00",,,
http://internet.surf/the_worlds_most_visited_web_pages_67/,,Local,,15/02/2026,"46 068,00",,,
http://web-adverts.com/the_worlds_most_visited_web_pages_67/,,Local,,15/02/2026,"46 068,00",,,
http://online-advertisement.org/the_worlds_most_visited_web_pages_67/,,Local,,15/02/2026,"46 068,00",,,
https://gamergen.com/actualites/sortir-local-toutes-sorties-pres-chez-soi-dans-votre-poche-92685-1,,Local,,15/02/2026,"46 068,00",,,
http://www.beliebtestewebseite.de/hpdetails.php?webseite=local.fr,,Local,,15/02/2026,"46 068,00",,,
http://adsweb.in/the_worlds_most_visited_web_pages_67/,,Local,,15/02/2026,"46 068,00",,,
https://www.chasses-au-tresor.com/activites-enfants-et-familles/les-tresors-caches-de-venosc.html,,Local,,15/02/2026,"46 068,00",,,
http://web-advertising.co.uk/the_worlds_most_visited_web_pages_67/,,Local,,15/02/2026,"46 068,00",,,
http://sd2513.sivit.org/forum/search.php?search_author=hellogoodbye,,Local,,15/02/2026,"46 068,00",,,
http://www.globe.market/the_worlds_most_visited_web_pages_67/,,Local,,15/02/2026,"46 068,00",,,
https://www.velowire.com/article/371/fr/les-rumeurs-sur-le-parcours-de-paris-nice-2011.html,,Local,,15/02/2026,"46 068,00",,,
https://forum.saabsportclub.com/viewtopic.php?f=91&t=14534&start=60,,Local,,15/02/2026,"46 068,00",,,
http://advertises.site/the_worlds_most_visited_web_pages_67/,,Local,,15/02/2026,"46 068,00",,,
http://theglobe.agency/the_worlds_most_visited_web_pages_67/,,Local,,15/02/2026,"46 068,00",,,
http://the-internet.store/the_worlds_most_visited_web_pages_67.html,,Local,,15/02/2026,"46 068,00",,,
http://internet-advertising.us/the_worlds_most_visited_web_pages_67/,,Local,,15/02/2026,"46 068,00",,,
http://internetads.us/the_worlds_most_visited_web_pages_67/,,Local,,15/02/2026,"46 068,00",,,
http://www.websearch.us/the_worlds_most_visited_web_pages_67/,,Local,,15/02/2026,"46 068,00",,,
http://globesearch.us/the_worlds_most_visited_web_pages_67/,,Local,,15/02/2026,"46 068,00",,,
https://www.entrepecheurs.com/etablissements/magasins/rhone/nicolas-peche-229019,,Local,,15/02/2026,"46 068,00",,,
http://theworld.university/the_worlds_most_visited_web_pages_67/,,Local,,15/02/2026,"46 068,00",,,
http://atoutdesign.fr/meubles-design-ferney-voltaire.html,,Local,,15/02/2026,"46 068,00",,,
http://advertise.pt/the_worlds_most_visited_web_pages_67/,,Local,,15/02/2026,"46 068,00",,,
http://submit-pages.com/the_worlds_most_visited_web_pages_67/,,Local,,15/02/2026,"46 068,00",,,
http://the-globe.media/the_worlds_most_visited_web_pages_67/,,Local,,15/02/2026,"46 068,00",,,
http://the-world.me/the_worlds_most_visited_web_pages_67/,,Local,,15/02/2026,"46 068,00",,,
http://submitpages.org/the_worlds_most_visited_web_pages_67/,,Local,,15/02/2026,"46 068,00",,,
http://web-seeking.org/the_worlds_most_visited_web_pages_67/,,Local,,15/02/2026,"46 068,00",,,
http://advertise-site.org/the_worlds_most_visited_web_pages_67/,,Local,,15/02/2026,"46 068,00",,,
http://advertise.supplies/the_worlds_most_visited_web_pages_67.html,,Local,,15/02/2026,"46 068,00",,,
http://advertise-web-page.com/the_worlds_most_visited_web_pages_67/,,Local,,15/02/2026,"46 068,00",,,
http://theglobalplanet.net/the_worlds_most_visited_web_pages_67/,,Local,,15/02/2026,"46 068,00",,,
http://urlz.fr/1Hw,,Local,,15/02/2026,"46 068,00",,,
http://advertise-sites.com/the_worlds_most_visited_web_pages_67/,,Local,,15/02/2026,"46 068,00",,,
http://advertise-page.net/the_worlds_most_visited_web_pages_67/,,Local,,15/02/2026,"46 068,00",,,
http://the-web.in/the_worlds_most_visited_web_pages_67/,,Local,,15/02/2026,"46 068,00",,,
http://www.allenc.fr/index.php/component/weblinks/?task=weblink.go&id=81&Itemid=1097,,Local,,15/02/2026,"46 068,00",,,
https://info.signal-arnaques.com/bonnes-pratiques/signaler-une-arnaque-sur-internet/,,Local,,15/02/2026,"46 068,00",,,
https://ipbmafia.ru/topic/12530-ips-community-suite-41-nulled/?page=13&tab=comments,,Local,,15/02/2026,"46 068,00",,,
https://latelier-azimute.fr/amenagement-de-balcon-2/,,Local,,15/02/2026,"46 068,00",,,
http://latelierlxb.cluster023.hosting.ovh.net/amenagement-de-balcon-2/,,Local,,15/02/2026,"46 068,00",,,
http://searching-internet.net/the_worlds_most_visited_web_pages_67/,,Local,,15/02/2026,"46 068,00",,,
http://globe.vacations/the_worlds_most_visited_web_pages_67/,,Local,,15/02/2026,"46 068,00",,,
http://theglobe.onl/the_worlds_most_visited_web_pages_67/,,Local,,15/02/2026,"46 068,00",,,
http://theglobe.in/the_worlds_most_visited_web_pages_67/,,Local,,15/02/2026,"46 068,00",,,
http://advertise-online.org/the_worlds_most_visited_web_pages_67/,,Local,,15/02/2026,"46 068,00",,,
http://advertise.exchange/the_worlds_most_visited_web_pages_67/,,Local,,15/02/2026,"46 068,00",,,
http://worlds.games/the_worlds_most_visited_web_pages_67/,,Local,,15/02/2026,"46 068,00",,,
http://advertisewebpage.net/the_worlds_most_visited_web_pages_67/,,Local,,15/02/2026,"46 068,00",,,
http://web-searching.net/the_worlds_most_visited_web_pages_67/,,Local,,15/02/2026,"46 068,00",,,
http://the-seek.com/the_worlds_most_visited_web_pages_67/,,Local,,15/02/2026,"46 068,00",,,
http://theworld.site/the_worlds_most_visited_web_pages_67/,,Local,,15/02/2026,"46 068,00",,,
http://advertiseonline.site/the_worlds_most_visited_web_pages_67/,,Local,,15/02/2026,"46 068,00",,,
https://www.powerpress.fr/ads/sortir-local-toutes-les-infos-geolocalisees-en-temps-reel-pour-vos-sorties/,,Local,,15/02/2026,"46 068,00",,,
http://i-voix.net/article-vision-jerome-game-65341540.html,,Local,,15/02/2026,"46 068,00",,,
https://www.toplien.fr/internet/annuaire/telephonique/local-annuaire-telephonique-professionnels-d7521.html,,Local,,15/02/2026,"46 068,00",,,
http://www.planete-honda.com/crx/le-crx-del-sol-1993-de-droopy/435/,,Local,,15/02/2026,"46 068,00",,,
https://seositecheckup.com/seo-audit/www.local.fr,,Local,,15/02/2026,"46 068,00",,,
http://www.1travail-internet.com/ressources/annuaires.html,,Local,,15/02/2026,"46 068,00",,,
https://www.frannuaire-gratuit.com/-annuaire-referencement--c-29-p-17.html,,Local,,15/02/2026,"46 068,00",,,
https://www.infinisearch.fr/2832/local.html,,Local,,15/02/2026,"46 068,00",,,
https://forums.macg.co/threads/ma-housse-a-deteint-sur-mon-3g-blanc.228179/,,Local,,15/02/2026,"46 068,00",,,
http://sitewww.ch/photos_villes.php?ville=ville_Rennes,,Local,,15/02/2026,"46 068,00",,,
http://www.forumfr.com/sujet4991-trouver-le-nom-avec-juste-un-telephone-portable.html/,,Local,,15/02/2026,"46 068,00",,,
http://www.net-liens.com/Outils-gratuits-100-175.html,,Local,,15/02/2026,"46 068,00",,,
http://www.grandnicolas.com/pages/Casses-a-toulouse-et-autour-carrosserie-5044179.html,,Local,,15/02/2026,"46 068,00",,,
http://www.meetland.com/page-recherche-personne-nom.html,,Local,,15/02/2026,"46 068,00",,,
http://filangerifamily.com/prince-niccolo-filangeri/,,Local,,15/02/2026,"46 068,00",,,
http://trouver-ouvert.fr/ales/ma%C3%AEtre-doeuvre-en-b%C3%A2timent,,Local,,15/02/2026,"46 068,00",,,
http://www.rando-saleve.net/sorties.html,,Local,,15/02/2026,"46 068,00",,,
http://www.commenttrouver.fr/comment-trouver-une-adresse-postale-a-partir-d-un-nom.html/,,Local,,15/02/2026,"46 068,00",,,
http://forums.apachefrance.com/viewtopic.php?t=3038,,Local,,15/02/2026,"46 068,00",,,
http://lennykravitzonline.fr/fr/forum/let-lenny-rule/3982-bawa-tour-28-novembre-2011-lyon-concert,,Local,,15/02/2026,"46 068,00",,,
http://unirel.fr/spip.php?article1,,Local,,15/02/2026,"46 068,00",,,
http://www.top-vacances.fr/rennes.html,,Local,,15/02/2026,"46 068,00",,,
http://blog.iset.com.tw/adventure8/?attachment_id=6428&cpage=31,,Local,,15/02/2026,"46 068,00",,,
http://www.flaviacalina.com/2013/05/minha-base-favorita-do-momento-revlon-colorstay-whipped-resenha-completa/,,Local,,15/02/2026,"46 068,00",,,
http://www.e-voyageur.com/forum/t/visite-de-lyon.28001/,,Local,,15/02/2026,"46 068,00",,,
http://www.untempspourtout.com/2014/04/16/super-jeanie-ou-pas/,,Local,,15/02/2026,"46 068,00",,,
https://guide.arfooo.com/internet/annuaires-guides-moteurs-de-recherche/annuaire-inverse-telephonique-s4242.html,,Local,,15/02/2026,"46 068,00",,,
http://flaneries.canalblog.com/archives/2006/10/14/2905832.html,,Local,,15/02/2026,"46 068,00",,,
http://forum.motoouebe.com/viewtopic.php?f=5&t=10444&start=45,,Local,,15/02/2026,"46 068,00",,,
http://www.samfoxitalia.com/2012/04/this-weekend-with-rfm-party-80.html,,Local,,15/02/2026,"46 068,00",,,
https://www.collet-matrat.com/?p=1724,,Local,,15/02/2026,"46 068,00",,,
http://theglobe.net/the_worlds_most_visited_web_pages_67/,,Local,,15/02/2026,"46 068,00",,,
http://www.tutticanti.fr/?p=2301,,Local,,15/02/2026,"46 068,00",,,
http://theglobe.org/the_worlds_most_visited_web_pages_67.html,,Local,,15/02/2026,"46 068,00",,,
"http://www.tagbox.fr/annuaire/annuaire,france,telephonique,1_d.html",,Local,,15/02/2026,"46 068,00",,,
http://fouineweb.com/?search=en local Le,,Local,,15/02/2026,"46 068,00",,,
http://www.yakeo.com/st/category/annuaire/page/2/,,Local,,15/02/2026,"46 068,00",,,
http://fr.sooosearch.com/?search=service local Un,,Local,,15/02/2026,"46 068,00",,,
http://www.android-software.fr/?s=Local.fr,,Local,,15/02/2026,"46 068,00",,,
http://jbsp.fr/monsurf/ImmoBeziers.htm,,Local,,15/02/2026,"46 068,00",,,
http://listofairportsintheworld.com/Annemasse,,Local,,15/02/2026,"46 068,00",,,
http://www.jean-luc-melenchon.fr/2012/01/03/a-bas-la-tva-sociale/comment-page-3/,,Local,,15/02/2026,"46 068,00",,,
http://www.le-forum-immobilier.com/vente-immobilier/les-sites-annonces-immobilieres-t744-100.html,,Local,,15/02/2026,"46 068,00",,,
http://annuaire.costaud.net/2647-annuaire-telephonique-local.html,,Local,,15/02/2026,"46 068,00",,,
http://www.madame-marie.fr/annuaire-localise-telephonique/,,Local,,15/02/2026,"46 068,00",,,
http://www.as-tu-vu.com/forum/viewtopic_2237.html,,Local,,15/02/2026,"46 068,00",,,
http://www.forummobiles.com/topic/235990-bon-plan-sorties/,,Local,,15/02/2026,"46 068,00",,,
http://www.pertuisien.fr/l-infos.php,,Local,,15/02/2026,"46 068,00",,,
http://www.beatristan.com/actualites.htm,,Local,,15/02/2026,"46 068,00",,,
http://www.astuceshebdo.com/2010/01/identifier-une-personne-qui-vous-appele.html,,Local,,15/02/2026,"46 068,00",,,
http://c-monsite.chez-alice.fr/,,Local,,15/02/2026,"46 068,00",,,
http://menuiserie-desailloud.e-monsite.com/,,Local,,15/02/2026,"46 068,00",,,